300
0.0345961
-0.0112302
-0.00734512
0.022703
0.0237909
-0.0413802
-0.04236
0.0256299
0.03514
0.0139562
-0.0142158
-0.00252976
-0.0410773
-0.00857832
-0.031561
-0.0158879
0.0418655
-0.0274132
-0.0192104
-0.0350133
-0.0160486
-0.032176
-0.0230615
-0.0297807
-0.0331713
-0.0166822
-0.0440104
0.000193171
0.046959
0.0313199
-0.00542269
0.0418253
-0.032482
-0.00183126
-0.00282647
0.0201778
-0.0254599
0.0442268
-0.0225391
-0.0203015
0.0326551
0.0323708
0.0131557
0.0298827
-0.0499076
-0.0242081
-0.0213152
0.0458742
0.0364042
0.00176635
0.0210154
-0.0246934
0.0426413
-0.000885494
-0.0411639
0.0330136
-0.04287
-0.0220137
-0.0117618
0.0145094
0.00152837
-0.00693405
-0.0363856
0.0481026
-0.0430801
-0.0501115
0.0420077
-0.00894612
0.0258586
-0.0316321
-0.0403356
-0.007784
0.0180205
0.00277702
0.0328344
0.0341479
-0.0231418
-5.0997e-005
0.0375168
-0.035548
0.0476791
0.00388659
-0.0282879
-0.0438775
-0.0299136
-0.0306121
-0.0311005
-0.0304298
0.0462605
0.00946845
0.0241834
-0.0208238
0.0182121
0.0289771
0.0426691
0.0433892
0.0348712
-0.024409
-0.0399585
-0.044369
0.0408919
-0.035616
0.0397761
-0.0142374
0.0462512
-0.0119936
-0.0170686
0.0186912
0.0392476
-0.0121419
-0.00675788
0.0176867
-0.0235869
-0.00173854
0.00282029
0.0305905
0.0297869
0.0249468
-0.0013491
0.033196
0.00597902
-0.0224032
-0.0154768
-0.045154
0.0416491
0.0266251
-0.0133195
-0.0220384
-0.0292429
-0.0177671
-0.0455589
0.038648
-0.0254382
-0.00974043
-0.0359653
0.0380052
0.0109489
0.0287268
-0.0307018
-0.00489108
0.0265107
-0.0067517
0.0138202
0.0308439
-0.0329704
-0.0179587
0.0469095
0.021207
-0.0306307
0.0367503
-0.0458463
0.0246316
-0.0469868
-0.037387
-0.0422951
0.00533614
0.0069835
0.00334262
-0.0284703
-0.0428205
-0.0197884
-0.0441093
-0.0089863
-0.0370965
-0.0251477
0.0324728
0.000888585
-0.0234231
0.0494161
0.0421838
-0.038308
-0.0218314
0.0209598
-0.00294392
-0.0207867
-0.0157334
0.00254213
0.0315084
0.00174472
-0.0438188
0.0333412
0.00550923
-0.0401409
0.000968944
0.0452375
0.0225948
-0.00264103
-0.00493126
0.0424218
0.00494671
-0.013644
0.0389262
0.0161753
-0.0382277
0.000749502
-0.0392507
-0.0223012
0.00470564
0.0294995
-0.0132484
0.0362682
0.0247459
-0.00366097
-0.0142127
-0.00586466
0.00870195
-0.0122501
0.013372
0.00583375
-0.00176326
0.0340954
-0.0318299
-0.0496541
-0.0395722
-0.0465232
-0.0281766
-0.024715
-0.0090852
0.0210247
-0.00579975
-0.0371614
0.00446147
0.0361322
0.0310541
-0.0285321
0.0429225
-0.0189014
-0.0361322
0.0108222
-0.0495954
0.0461369
0.00377224
-0.0114558
-0.0493821
-0.0266282
0.0390622
0.00936337
-0.0351833
-0.0489618
0.00356516
0.0422024
0.0154676
-0.0279047
-0.00956426
0.0471754
-0.0408054
-0.01017
0.000619691
-0.0166791
-0.0173776
0.0127014
-0.0252404
-0.0212719
0.00339517
0.0403757
-0.00222069
-0.0174024
0.0176805
-0.0040164
0.00838051
-0.00883485
0.042768
-0.0383853
0.0166822
-0.0355789
-0.0255835
-0.0393373
-0.0403047
0.0191919
0.03306
-0.000938036
-0.004684
0.0155386
-0.00825379
0.0141695
-0.040589
0.0334803
-0.013304
0.0382771
0.00202906
0.0468168
-0.0106646
0.0228575
0.0132268
-0.0127477
0.0317402
0.0357057
-0.0441619
0.0246687
-0.0139376
-0.0267765
0.0323028
0.028733
-0.0228946
0.00640245
-0.0329425
-0.0380546
0.0260379
-0.00872977
-0.0223382
-0.0333227
0.00447692
-0.0262048
-0.0183698
-0.0278428
0.0160053
0.0200944
0.0172416
0.0145156
-0.0449624
-0.0172664
0.0458
-0.0181596
-0.0194824
-0.0341325
-0.0133133
-0.0226411
0.0466994
-0.0267147
-0.0242236
0.0126426
0.0259297
0.00838669
-0.0231913
0.0214852
-0.0164164
0.0216861
-0.0484518
0.0203107
0.0132361
-0.0378383
0.0222672
-0.0120616
0.00242468
0.036877
0.00931082
-0.000489881
-0.0475184
0.0173962
0.0054165
-0.0152327
0.0073513
0.0267642
-0.0483436
-0.0505721
0.00475509
0.025123
-0.0220539
0.0297776
0.0339501
0.0226659
-0.0206136
0.00391441
-0.00956117
-0.0403294
-0.0112023
-0.0408424
0.0170346
-0.0342468
0.0193371
0.0172942
0.0241556
0.0393187
0.0259853
0.00703914
-0.0238063
-0.0393496
-0.0235838
0.0236425
0.048356
-0.00122547
-0.0288721
0.030504
0.0114342
-0.0153408
-0.00176017
0.0504855
-0.0127941
0.0453704
-0.0282941
0.0131928
0.00766655
-0.0358973
0.0435376
-0.00426057
0.0144136
-0.0457103
0.0157735
0.0245481
-0.0405117
0.0152667
-0.0304236
-0.0269033
0.0235096
0.0500837
0.025735
0.0398318
0.00482617
0.0396772
0.0373561
0.0117432
0.0222703
0.0234015
-0.0352513
0.0259482
-0.0351648
-0.00964771
0.0115949
0.021955
0.0334185
0.0390962
-0.0441835
-0.0106584
0.0104946
-0.00120693
-0.00492508
0.0265138
0.00797872
-0.0166359
0.00841142
-0.0141447
0.025293
-0.0423878
-0.0409506
0.0503403
-0.0461338
-0.0104637
-0.0396803
-0.00861232
-0.00669298
-0.0233211
-0.00475818
-0.0278521
-0.0241711
0.0143549
0.0398101
0.0383791
-0.00513216
-0.00894303
-0.0271351
0.0470332
0.0242421
-0.0160301
0.0225886
0.0104698
0.0122996
0.0399245
0.018481
-0.0267734
-0.0396185
0.00320663
0.0218252
0.00688151
-0.0491071
0.00110494
-0.00420803
0.0476853
0.0394609
0.0204962
-0.0257411
-0.0401501
-0.0236302
-0.00341371
0.0108129
-0.0456671
-0.0115269
-0.0388242
0.0504515
0.0242978
-0.0465016
-0.0501919
0.0182554
0.0462234
0.0209258
0.0254073
-0.0363485
0.0180545
0.0114187
0.016506
0.0482077
-0.0434356
0.0412597
0.0365927
0.0130135
0.039396
0.00761092
-0.0352235
0.0403696
0.0074842
-0.0240072
-0.0328653
0.012689
0.0338574
0.0172447
0.0363207
-0.00521252
0.0489123
0.0162155
0.0211421
-0.0447399
0.0319999
0.0250055
0.0480191
0.0339625
-0.0188241
-0.0387222
-0.029824
-0.0210865
0.0453487
0.0346857
-0.0253424
-0.0287701
0.0218367
-0.00741894
-0.0232388
0.046117
0.0245909
-0.0162356
-0.010452
0.015537
0.00391347
0.00395678
0.0336481
0.00677304
-0.00857963
0.00320149
0.0352476
0.0122732
-0.0395438
-0.0201503
0.0130203
0.0170777
-0.00184075
0.0124254
-0.00853322
-0.0452991
-0.0461113
-0.0197862
-0.00836403
-0.0419626
0.0320596
0.041999
-0.0260039
0.0336017
0.00827544
0.0428922
-0.0530635
-0.0214028
-0.00413446
0.00506645
0.0237908
-0.0211871
-0.0264972
0.00304587
0.0441157
-0.0422082
-0.0065698
-0.0359137
0.00188602
0.00276734
-0.000825748
0.0264852
0.0297087
0.00138542
-0.0413996
0.0047115
0.0385261
0.00397071
0.0111388
0.0257381
0.0343331
0.0173948
0.034677
-0.00850338
-0.0101385
0.00798323
0.0204187
-0.0125495
0.0150741
-0.0201094
-0.0104476
-0.0332284
0.0235589
0.0238565
-0.0114973
-0.028777
-0.0348602
-0.00909526
0.0150146
0.0230127
-0.0180409
-0.0271775
-0.0157186
0.028249
-0.00826619
-0.00600316
0.0176684
0.0408997
-0.00552046
-0.0309079
0.0513747
0.00066203
-0.00245788
-0.0159762
0.0452628
0.032858
0.0241245
-0.0106301
-0.0436971
0.0113312
0.0397687
0.0191558
-0.00929107
-0.0435774
0.00981352
-0.016425
0.0197528
-0.0126858
0.0423401
0.0316442
0.00702451
-0.016292
-0.0160835
0.0281111
0.0115371
0.0230099
-0.0111242
0.0279738
0.00485668
0.0314307
0.0428481
0.0236173
-0.00939811
-0.0112839
-0.0152607
0.0364826
-0.0347091
-0.0193683
-0.0215594
0.0311938
0.00640617
-0.0253185
-0.0186144
-0.03284
0.0593479
-0.0192942
0.0341836
0.0359251
-0.0394172
0.0223317
-0.0098931
-0.0178643
-0.0204802
0.0259095
0.0383586
-0.0186071
-0.0269783
0.0301249
0.0293283
0.00597192
0.00359573
-0.0125848
-0.0283226
-0.0455654
0.0264001
-0.0465006
-0.019968
-0.0145451
-0.0191573
0.00127705
-0.0151654
0.0199832
0.00634817
0.00620061
0.0406869
0.0144441
0.0164821
0.00674372
-0.037738
-0.0122093
-0.0527047
0.0306911
0.0478293
0.00365571
-0.00931078
0.000518044
-0.0459876
0.025148
-0.0226511
-0.000159115
-0.00638093
0.00600355
0.0151085
0.00229639
0.0250827
0.00794875
-0.0340283
0.043851
-0.00151029
-0.0375445
-0.0350254
-0.0228712
-0.0348417
0.0458823
0.00116637
0.0273796
0.00497644
0.0257466
0.0092821
0.0275676
-0.00585886
0.0526048
0.0415571
0.0717319
-0.00537292
-0.0366944
0.0486009
0.0474411
0.0174828
-0.0372788
-0.0516635
-0.0233339
0.0130423
0.00183597
0.0227867
0.0275705
0.0140041
0.0293115
-0.00915143
0.0350729
-0.0328303
-0.0520353
-0.0387374
-0.00519829
-0.0124224
-0.0346114
0.0207654
0.0363892
0.0337911
-0.0102975
-0.0092675
0.0397439
-0.04067
0.0302092
-0.0245496
0.00181595
-0.0281532
0.0182284
0.0111256
-0.025731
0.0415334
0.0740805
0.0290916
0.0368396
0.00990585
-0.0389442
-0.0086109
0.0101015
0.0285589
0.0503226
0.030159
-0.00251289
-0.0509204
-0.0416762
0.00143615
0.0373307
0.00552687
0.0135442
-0.0162265
-0.0234249
0.0290028
-0.0168934
0.0374301
-0.0395197
0.0534257
-0.0520191
0.00290127
0.0342946
-0.0170014
-0.0441983
-0.0238947
-0.030074
0.0226569
-0.00698351
-0.097258
0.0290854
0.00802496
0.0148577
-0.00551463
0.0142018
0.00149995
0.000913266
0.00344549
-0.0307505
-0.0132258
0.0185263
0.0400246
0.00801276
0.0277162
0.0268363
0.0412778
0.0284586
-0.0380935
0.010299
-0.00286915
0.0235321
0.0281583
0.0207703
0.00979378
0.0129995
-0.0115151
0.0343663
0.0475486
-0.00956639
-0.0194082
0.0539837
0.0393458
0.00595634
0.044643
0.00504711
-0.0218237
-0.0270462
-0.0328337
0.0359533
0.00708391
-0.0356726
0.0322506
0.0176444
0.00651875
0.00959197
0.0441047
0.0344027
0.0193621
-0.00239551
-0.00822016
-0.0421931
0.0381497
0.0260952
0.00782014
-0.0186959
-0.0560213
-0.000693339
0.0387491
-0.0266156
-0.0288827
0.0318783
-0.016644
0.0302389
-0.0238335
-0.00303994
-0.00193147
-0.0199926
-0.0154861
-0.0472202
-0.0148948
-0.000832423
0.0287467
-0.0172046
-0.0103383
-0.0113164
0.0301885
-0.0163213
-0.0182932
0.0293463
0.00353103
0.00399224
0.0295621
0.00999089
-0.0316944
-0.0243238
-0.023861
0.0142134
0.00644849
0.0244872
0.0251329
0.00613947
0.0438087
-0.0194453
-0.0182053
-0.00105008
0.0240072
0.0211309
-0.0287141
-0.0408602
-0.0396056
0.004673
-0.0225771
0.0428802
0.0440966
0.0290409
-0.0178556
-0.0196164
0.0355669
0.00648448
-0.0388426
0.0231713
-0.0136499
0.023141
0.0357672
-0.0356976
-0.0503718
-0.0125723
-0.0280157
-0.0181381
-0.00963484
0.0370948
-0.0362251
0.0223787
0.020367
0.024151
0.0218942
0.0192583
-0.00331034
-0.0318487
-0.0519869
0.0110605
0.0175569
-0.0395267
-0.0172845
0.0107461
-0.0083622
-0.00817013
-0.00973013
0.0380876
0.0534388
0.0408924
0.0295726
0.00936203
0.0396737
0.0189017
-0.0353406
0.0497886
-0.0168788
0.0255627
0.019857
0.00880216
-0.048846
0.024431
-0.0452666
-0.0301974
0.000418267
-0.0356509
-0.0512415
-0.00940326
0.0145403
-0.0281343
0.0321592
0.00616857
-0.0220893
-0.027234
-0.0350179
-0.0171059
0.00476882
-0.0454373
0.0218435
-0.0286506
0.0289487
0.0191059
-0.0344578
-0.0178964
-0.00922365
0.0244075
0.0375686
0.033136
0.00200545
0.00552492
-0.0328055
0.0183951
0.0143761
0.0256939
0.0470217
0.0075597
-0.0232175
-0.0165294
0.0224669
0.0254304
-0.0109454
0.0394492
0.0325888
-0.0134971
-0.0408131
-0.0485797
0.0346833
-0.00740079
-0.0159042
0.0120118
-0.0345348
-0.0230669
0.0358766
0.0212663
0.0415121
-0.0290185
0.0116984
-0.0230731
-0.0170019
-0.0397883
-0.0161883
0.00667709
0.0327852
0.0525414
0.00309978
0.00122222
7.41632e-005
0.0171779
-0.0176202
-0.00330045
-0.0337553
0.00168648
0.0107414
-0.0469231
0.0520442
-0.0156539
0.0387083
0.00229413
-0.0472989
0.00873218
0.00831899
-0.0260178
-0.00604213
-0.0266688
-0.0259999
-0.0331719
-0.0452985
-0.0199592
-0.00217893
0.0331491
-0.0326842
0.00949479
0.0336596
0.0107
-0.0616653
0.0411074
0.00435113
-0.0649067
-0.0301475
-0.00716296
0.000978175
-0.00831729
-0.0520509
0.0165458
0.0324483
-0.01605
-0.0396997
-0.0202275
0.0334139
-0.0502802
0.0371832
-0.0162563
0.00470879
-0.0429083
-0.0082444
-0.0360917
-0.0195295
0.00587693
0.0148591
0.0053463
0.0215955
-0.00180391
0.0124022
0.00662687
0.0227861
-0.0325453
-0.0346302
0.0113353
-0.0365521
0.0248952
0.0334642
-0.0241433
0.000349437
-0.0123382
0.00272452
-0.00479498
-0.0842326
-0.0034392
0.00853156
-0.0216729
-0.00773858
-0.00499398
-0.0463891
0.0261527
-0.071496
-0.033635
0.023673
0.0191747
-0.0267332
-0.042431
0.0353677
0.010023
-0.0071615
0.0248595
-0.0486011
-0.0380509
-0.0313066
-0.0173412
-0.044987
-0.0279738
-0.00704185
-0.0452342
-0.000900441
0.00369403
-0.0485479
-0.0100969
-0.0274982
0.026037
-0.0231071
-0.0359152
-0.0213003
-0.0275263
-0.00346533
-0.0286152
-0.0153005
-0.0112716
-0.004319
0.0188257
-0.0277519
-0.0297463
0.0369478
-0.0360271
-0.0125112
-0.0152342
-0.0324174
0.0343212
0.0294571
0.0194498
-0.0166095
-0.00311288
-0.0175927
-0.00477013
-0.0172381
-0.0180287
-0.0141083
-0.0125028
-0.0529814
0.00232928
-0.0137016
-0.0375775
-0.0567287
-0.0153487
0.034202
0.0204235
0.0033725
0.00261079
0.0100806
0.0362283
-0.0356566
0.0320483
0.00588244
0.00213133
0.0133669
0.0144815
0.00867
-0.0200992
0.00897802
0.029615
-0.0391907
-0.0165554
-0.0461956
-0.0203278
-0.0231358
0.00738216
-0.0497196
-0.0327788
-0.0188851
-0.0543687
0.0233159
-0.0375746
0.00425645
0.0383508
-0.00934169
-0.0531414
0.0380462
0.00343573
-0.0170565
-0.0433594
-0.0369741
-0.0316907
-0.0180303
-0.0225728
0.00321284
-0.0237281
0.0411609
-0.00797531
-0.0289339
0.00602056
0.0371062
0.00789144
0.00527161
-0.0311767
0.00810372
-0.0137093
0.036648
-0.0162597
-0.0061418
-0.0155483
0.0142557
0.0306393
-0.0486532
-0.0251192
-0.0509145
-0.0135185
-0.0463983
-0.0414549
-0.0290652
0.0103025
-0.0468232
0.0369123
0.00322032
0.0160371
-0.043006
-0.00458129
0.00841582
-0.0230768
0.0235142
-0.0172039
-0.0297775
-0.00993368
-0.011285
0.0198753
-0.00676021
0.0274063
-0.00252956
-0.045786
0.00818225
0.0414785
-0.00129802
0.0079413
-0.00172415
-0.00191307
0.0396974
0.051157
0.003542
-0.0315521
-0.0396125
0.0214149
0.00147856
0.0371572
-0.0491587
-0.0208909
-0.0239296
0.0454624
0.0599723
0.0065502
0.0282781
-0.0427804
0.0188897
0.0415662
0.0202127
-0.00962412
0.0101384
0.0309698
0.0241475
-0.0227803
0.0315407
0.0112583
-0.0123071
0.020067
0.0306762
0.0170564
-0.0369731
-0.0109855
-0.0123638
0.013762
0.0425961
-0.00767594
-0.0110029
0.0125269
-0.0427837
-0.0314732
0.00868739
-0.0060686
0.0258641
-0.0138962
0.035643
0.0164083
-0.0135746
-0.00923971
-0.0261139
0.00688881
0.0229649
0.0445446
-0.0387165
0.0244218
0.0462809
-0.035227
-0.0476174
0.037061
0.0194385
-0.0136971
-0.0123615
0.0748639
-0.0383191
0.0407083
-0.0132617
0.0355836
0.0321486
0.0269145
-0.0453323
0.0350113
0.0430895
0.0171179
0.0248425
-0.00341208
-0.0118677
0.0219443
-0.0153535
0.0285368
-0.021873
-0.0032831
0.0398368
-0.000761751
0.0280226
0.0518343
-0.00791297
0.0389438
0.00214083
0.0221466
0.0403422
0.019932
-0.00109444
0.00511587
-0.0507063
0.012286
-0.00781139
0.0328638
0.0129507
0.01538
0.0168834
-0.0126344
0.0740469
0.0188033
-0.00770373
-0.0162298
0.0144128
-0.0236721
0.0211928
-0.0285526
-0.00453863
0.00846064
-0.0250978
-0.0474124
-0.0178115
-0.0280367
-0.014427
0.00043392
0.0528141
0.0235642
-0.00732639
-0.0154437
0.022058
0.00061181
-0.0158987
-0.0371909
-0.0432556
-0.030295
-0.021972
-0.0382205
-0.00928249
-0.0443335
0.0164477
0.0324212
0.00055156
-0.00637971
-0.0377023
0.0306291
-0.0312761
-0.00524421
0.0426793
0.0210225
0.038855
0.00581223
-0.00661833
-0.019552
-0.000997539
0.0223237
-0.0419675
0.00967483
-0.0468618
-0.0422728
-0.0379582
0.0167758
-0.0379904
0.0275954
0.0413307
-0.00252079
0.0119383
-0.0266964
0.0348401
-0.021064
-0.0476216
0.0272972
-0.025732
0.0224064
-0.0541794
-0.00527515
0.0343479
-0.00665867
-0.0270197
0.000405064
-0.0376121
-0.013
-0.0590912
0.0397725
0.0444799
-0.0355322
0.0199354
-0.0313187
0.0156792
-0.0486418
0.0167914
0.0504694
-0.0479411
-0.047861
-0.0317046
0.0137127
0.00477348
0.0170682
-0.0283887
-0.0505117
0.0183787
-0.0100476
-0.0156269
-0.00222626
0.00710164
-0.0354191
-0.0120095
0.00906959
-0.0190452
0.0312543
0.00656627
0.0164186
0.00184658
-0.0471075
-0.0211698
0.036736
0.00378525
-0.00787754
-0.0308208
0.0111047
0.00109318
-0.0278892
0.0140116
0.0265087
0.0374375
0.0375093
-0.00994303
0.00679545
0.0249622
-0.00649319
-0.0280102
0.0221046
-0.0562537
-0.0240651
-0.0223111
-0.0273209
-0.0172999
-0.0376455
-0.0292453
-0.000220533
0.00701069
-0.01699
0.0306321
-0.0493989
0.0106012
0.0347371
-0.00561985
-0.0479624
-0.0110575
0.0247653
0.0460813
-0.0152382
-0.0226386
-0.0356678
-0.0344477
-0.0360977
-0.0114828
0.0453456
-0.00302842
0.0113553
-0.0253523
0.0176128
-0.020515
-0.0312883
-0.0445063
0.00074045
0.0350695
0.00508859
-0.0217384
-0.0397013
0.00479813
-0.0117319
0.00404578
-0.00708565
0.00584191
-0.0307202
0.00128956
-0.0508692
-0.0563598
-0.0348216
-0.0390877
-0.0461281
0.00517914
0.0241728
0.0150316
0.00357795
0.0217442
-0.0655291
0.0284241
0.0157854
0.0346857
-0.0425647
-0.0310505
0.0223041
0.0239956
-0.0102322
-0.031007
0.023548
-0.0728684
0.00740282
-0.0371976
-0.0548245
-0.0484903
-0.024282
0.0248503
-0.0143193
-0.0188095
-0.0171401
-0.0728936
-0.00348576
-0.0606043
0.00286728
0.0215357
0.0129576
-0.0181303
-0.0116637
0.0297877
0.0170291
-0.0409472
0.0135411
0.0295164
0.0145382
-0.0228413
-0.0383021
-0.033563
0.00534037
0.0196129
-0.0674972
0.00984839
0.0191104
0.0247673
-0.0437664
-0.0139192
-0.00149677
0.0210523
-0.0440772
0.0212601
-0.032323
-0.0178897
-0.00474931
-0.0197969
0.00370166
-0.0473118
-0.00125518
-0.0152305
-0.0444561
0.0305407
0.0442893
0.00176141
-0.0186322
0.0290079
-0.0116691
-0.0394404
0.0148338
0.00662192
0.0105003
-0.0175028
0.0391974
-0.0182741
0.0201047
-0.0203041
-0.0345901
-0.02745
-0.00756247
-0.00948958
-0.0523287
-0.013979
-0.0372952
0.0357326
-0.00711883
-0.0487555
0.0174544
-0.0159902
-0.0250617
-0.0466688
0.0220808
0.0373527
0.0281343
0.0149964
0.0427555
-0.0056447
0.0262245
0.00637207
-0.0357618
0.0355625
-0.02485
-0.0107104
0.0238847
0.0182042
0.0173261
0.0435593
-0.0857389
0.0431297
-0.0105454
-0.0130437
-0.00789356
-0.0148702
0.0121149
0.00206456
-0.0231786
-0.0536293
-0.0393545
0.0115544
-0.0257848
-0.0242156
-0.0524464
-0.00689606
-0.0197769
-0.0520311
0.0224703
-0.0215278
0.0280167
0.00688202
-0.047239
-0.0341557
0.0305506
0.0376614
-0.0368702
0.0147336
0.0126734
-0.0379223
-0.0389939
0.0158468
0.038724
-0.0173826
-0.00637768
-0.0144558
0.0101648
-0.0440385
-0.0255835
-0.0112088
-0.0121223
-0.0118912
0.0318022
-0.0343365
0.00182987
-0.000124715
0.0275366
-0.00160036
-0.0391118
0.00958724
0.0149319
-0.0171577
0.00315477
0.0469416
0.0178298
0.0139232
0.0450508
0.0186964
-0.0455889
0.00350988
0.0112818
-0.00551705
0.0327112
-0.00583486
0.0397782
-0.0386669
-0.00464792
-0.00122594
0.00076831
0.0349811
-0.0169592
-0.0335803
0.0253969
-0.004467
-0.00547449
0.00371219
0.0274585
0.0438279
-0.0456947
-0.0132493
-0.00768851
0.0240076
-0.0362235
0.0379159
-0.0263715
0.0420133
0.00717876
-0.0369365
0.0470187
-0.00897988
0.0331618
-0.0559723
-0.0262527
0.02293
-0.0190714
0.0131373
-0.0326653
-0.0313407
-0.00763092
-0.0149112
0.0432728
0.0543978
0.018594
-0.00281877
-0.0115003
0.0386692
-0.0138566
0.0336484
0.0168345
-0.0228692
-0.0149571
0.00662118
-0.00251137
0.0431131
0.00517856
0.00445948
0.00160951
0.00619386
-0.0298871
-0.0272154
0.0366927
0.0543435
-0.039956
0.0433423
-0.0344127
-0.0183181
-0.0225506
0.00756991
0.0799238
0.028424
0.0212216
0.039843
0.0139402
0.0372348
0.053286
-0.00735352
-0.0228598
-0.0274604
0.0333529
0.0352491
0.0179132
0.0296789
0.00588705
0.0204312
-0.0182946
0.00558393
0.0308693
-0.00301774
0.0310544
0.0491568
-0.00917476
-0.00706069
0.0184587
0.0249001
0.0297136
0.03256
-0.0589481
-0.0292869
-0.024655
-0.0363387
-0.0427383
0.045363
-0.00719559
0.0415933
-0.00734218
-0.0409728
0.0471811
0.0521122
0.029061
0.0102211
0.00550963
-0.027975
0.0208682
-0.0177426
-0.0422055
0.0689917
0.0278287
-0.0263515
0.0208383
-0.0280115
0.0293831
-0.0223478
-0.0462695
0.0295662
-0.037173
0.0503742
0.0314135
0.0127966
-0.0498405
-0.0169364
0.0212516
-0.0511117
-0.0159924
-0.0015112
0.0316681
0.0358745
0.0221852
0.00620928
-0.0149011
-0.0260473
0.0154941
0.033514
-0.0106218
0.0220319
0.00826511
0.000780574
0.0300716
0.017138
-0.0346195
-0.0146577
-0.0330725
-0.0248766
0.00201809
0.0362336
-0.0035271
-0.0352935
0.0137815
-0.0179985
-0.0450757
-0.0489882
-0.0488176
0.0134589
0.0207916
-0.0141787
0.0164846
0.01028
-0.0327165
-0.061352
0.0446217
-0.0277891
0.0295143
0.0882812
0.0264321
-0.0260738
-0.0443781
0.0253773
0.0372915
-0.0388076
0.0393766
0.00871744
-0.00102961
-0.0339322
-0.0330406
0.00258782
0.0533029
-0.0217327
0.00966666
-0.0221342
0.0060317
-0.00871883
-0.0119681
-0.0168807
0.0167872
-0.0330907
-0.0143602
-0.0533403
0.0845186
-0.0381314
0.00883909
-0.0359455
-0.0390627
-0.0420398
0.0224309
0.0141331
0.0240426
0.00668756
0.0128994
0.0340948
-0.0494576
0.0406727
0.0190362
-0.031936
-0.0341507
-0.0543585
0.00570521
0.0133142
0.0427207
0.0417118
-0.0100854
0.0273681
0.0250115
-0.0483692
0.0209099
-0.0524177
-0.00577139
-0.04105
-0.0356471
-0.0256044
0.0244906
-0.0428939
0.009927
-0.0256478
-0.0215456
-0.0072158
0.0564353
0.0248126
0.0282694
-0.0482022
-0.00828438
-0.0305446
0.0236093
0.0193787
0.0331099
0.0456221
-0.011885
0.0118825
0.0224909
-0.013777
-0.0477251
-0.0359594
0.0157887
0.0194486
-0.0144937
-0.0257955
0.0392739
-0.0168983
0.00376738
-0.0152922
-0.0112355
-0.0068963
-0.0640477
-0.0134267
-0.0431378
0.00244468
0.0255426
0.000978746
-0.0419892
0.00587061
-0.0360798
-0.0281881
0.0305017
-0.0104474
-0.0343565
-0.0171586
0.0321731
-0.0226057
-0.00030447
-0.0252949
-0.00575247
-0.0420147
0.0310477
8.27229e-005
0.0265912
0.0283716
0.0169165
-0.0242393
-0.0136857
-0.0144142
-0.0436047
0.0167502
0.0237006
0.00112567
-0.0357319
-0.0264864
-0.00161803
-0.00644453
0.0117886
-0.0430808
-0.0853812
-0.0362531
-0.0147701
0.0176106
-0.018353
-0.0187701
-0.00416786
-0.0184691
-0.0184052
-0.0301728
0.0441324
0.0348886
-0.0129953
0.0227844
0.0223756
-0.0220383
-0.0038577
0.00849298
-0.0112711
-0.0301007
0.0310527
0.00420682
-0.0342001
-0.0090579
-0.0127139
-0.037926
-0.00333378
-0.0372387
0.0381522
0.00752233
0.0383114
-0.0411376
0.00310454
-0.0119061
-0.00968623
-0.0252082
0.0239422
-0.0457697
0.0387278
-0.00305724
0.0140045
0.000521867
-0.0131271
-0.0584619
-0.00912429
-0.00267194
0.0327091
0.0300971
-0.0203
0.0221562
-0.00912406
0.0360531
-0.0128206
0.00673873
0.0123172
-0.00708598
-0.0417335
-0.00763236
0.0241281
-0.00772342
-0.00588516
-0.0514325
-0.0120406
0.0479344
-0.0682171
-0.0366462
0.000430674
-0.0119279
-0.0246217
0.0171046
-0.00182931
0.012555
0.0369631
-0.0149741
-0.00787723
-0.0119425
-0.000228382
0.0106584
-0.0096736
0.00759567
-0.0484197
-0.0324133
0.0329462
0.0173826
-0.0260677
0.0226782
0.000685591
-0.0119722
0.0126896
-0.0174479
0.0230847
0.0120181
-0.00190496
0.0240819
-0.00479402
0.0225372
-0.0478639
0.032299
0.0223139
-0.0139733
0.0361536
-0.0481959
0.0338252
-0.0488547
-0.0237365
-0.0288155
-0.0520306
-0.0239901
-0.0231137
-0.0103942
0.0449551
0.0433173
0.0511156
0.0064338
-0.00745519
-0.00849819
-3.26418e-005
-0.000628117
-0.0344354
0.00331526
0.0452572
0.0148967
-0.0193685
-0.0252918
-0.044775
0.0100071
0.0350461
-0.0446934
0.0179703
-0.0212203
-0.0141294
0.0498935
0.0471502
0.0401859
0.0292217
0.033192
0.0134633
-0.0291637
-0.0169
-0.00589926
-0.0113667
-0.0363832
-0.0113823
-0.0460144
-0.0206417
0.0174695
0.00681958
-0.038372
-0.0214128
0.033997
0.00323668
0.0321806
-0.0379208
0.035877
-0.0517002
-0.00405328
-0.01271
0.0375253
0.032515
0.0311721
0.0362294
-0.0325052
0.0311573
-0.0371832
-0.00355073
-0.0488677
0.0219378
0.010448
0.0200836
0.0357483
0.0158551
0.00612047
-0.00345067
0.0127096
0.018896
-0.00204925
-0.0357175
-0.037326
0.0177914
0.0311697
0.0422011
-0.0170782
-0.0315916
0.0379316
-0.0460507
-0.0438961
0.00977696
-0.0506556
-0.0407379
0.00383475
-0.020632
0.0410117
0.00902668
-0.0126703
0.000955635
-0.0116477
0.0403802
0.0428416
0.0219345
-0.039676
-0.0261868
-0.0457258
-0.017435
0.0398202
0.0195278
-0.0396091
-0.00208444
0.00286522
0.0292529
-0.0162781
0.0325413
0.0253734
-0.00620234
-0.00417318
0.00440476
0.0486776
0.0237666
-0.0104035
-0.0288802
0.0331053
0.0299771
-0.00144416
0.0370051
0.021627
0.0351781
0.00251857
-0.0186278
-0.0180485
-0.0165208
-0.0308334
-0.0373768
0.0149409
-0.0471201
0.0445253
0.00345192
-0.0336382
-0.0258446
-0.035305
0.0466396
-0.0130483
0.0191044
0.00976029
0.0302955
-0.00636035
-0.01677
0.0369247
-0.0046799
0.0283042
-0.0132986
-0.0259324
0.023367
-0.00631638
-0.0298159
-0.00704462
-0.0132384
-0.0453821
0.00933634
-0.0165632
0.0367096
0.0159707
0.0359019
-0.0341299
-0.0268839
-0.0293343
0.028392
-0.0512193
-0.00298489
-0.0520233
-0.0153696
0.0224017
0.0152316
-0.00929817
-0.0468716
-0.0280756
-0.0178495
-0.0227455
0.0156871
0.0221532
-0.0261844
-0.0367767
0.0260694
-0.0101004
-0.00329636
-0.00630687
0.0285001
-0.0201122
0.0409435
0.0473823
-0.0184373
-0.0245307
0.0315255
-0.0428932
-0.0410013
-0.024804
0.0315829
0.00061514
0.00448988
-0.0247983
-0.0343841
0.0062127
0.0484916
-0.0281174
-0.0147992
-0.0361601
-0.0350466
0.00617013
0.0315734
-0.0235658
0.0484624
-0.00345331
-0.0365806
-0.0397158
-0.023919
0.0475942
-0.0276726
0.0221689
-0.00805409
0.00254755
0.0286674
0.00467677
0.0244834
0.00164322
0.00148611
-0.0345763
-0.0327221
0.0134904
-0.0356194
-0.00179867
-0.0366791
0.0306499
0.0182054
0.0175372
0.0196166
0.0181277
0.044387
-0.00373579
0.00794399
-0.00297596
-0.0113113
0.0372871
0.00281328
-0.0316984
0.0446803
0.0258343
0.0454102
0.00507687
-0.0233791
-0.0183541
0.0297129
0.018569
0.0363268
-0.051309
-0.0339584
0.0019805
-0.0599658
0.00511684
-0.000866585
-0.0103327
-0.00514814
-0.0076305
-0.0293875
-0.0294793
-0.045507
0.0345901
-0.0231228
-0.0188443
0.0300208
0.0364287
-0.0103606
-0.0330456
-0.0362606
0.0135784
0.0180798
0.0372011
0.00927477
-0.0256067
0.0357688
-0.0453819
-0.0309897
0.0210723
0.0109851
-0.0172072
0.0299039
-0.0359432
0.0424214
0.0232058
-0.0301399
0.03431
0.0253831
0.0073601
-0.0053999
-0.0348857
-0.0392869
-0.00915955
-0.0480731
-0.0265552
0.0177582
-0.00630991
-0.00871195
0.0253057
0.00780614
0.00432523
0.0328322
-0.0276002
0.0318439
0.0342348
0.00727401
0.0454403
-0.0199194
0.0364354
-0.00498657
0.00985898
-0.0335843
0.0169781
-0.0401951
-0.0308623
0.00681263
0.0414887
0.0130271
0.00239955
-0.0421945
-0.0234934
0.0262713
-0.0258867
-0.00436267
-0.0240652
0.0465945
0.0353195
0.00205407
-0.0159072
0.0271347
-0.0417124
-0.0459207
-0.0314941
0.0490349
-0.0063225
-0.00160468
0.0159053
-0.035015
0.0247053
0.019238
-0.0385951
-0.0359784
-0.0043007
0.00220304
0.0315983
-0.0369669
0.0513402
-0.0380692
-0.0272206
0.0408287
0.00890953
0.0402113
-0.0305158
-0.0383538
-0.0280599
-0.00815964
0.036018
-0.0237857
0.037517
0.0122571
0.00892214
0.0538333
-0.0176993
0.0294598
-0.034684
0.0392728
-0.0050056
-0.0360325
-0.0213215
-0.0116029
-0.0311839
0.0398778
-0.00425276
-0.0513818
0.0157114
-0.0134685
0.00510494
-0.00262749
0.0074753
-0.00683696
0.00343327
-0.0306724
-0.0153485
0.054971
-0.0390858
-0.0236061
-0.0155174
-0.0454192
-0.0221802
0.0323092
-0.00439028
-0.017698
0.0259835
-0.0152202
0.0196579
0.0398519
0.0102254
0.029437
-0.0248859
-0.0210416
-0.0154067
-0.0343004
-0.0369094
0.0134584
0.0257511
-0.0205504
0.0339819
0.0156535
-0.0414229
0.00821169
0.0155034
-0.0440298
0.0121352
-0.00262874
-0.028882
0.00327286
0.0224546
-0.01118
0.0336255
-0.00711619
0.00967692
0.017599
0.0138966
0.0194353
-0.011162
0.0220842
-0.0247512
0.00440027
9.92585e-005
-0.0187079
-0.0246511
-0.00567844
0.0119686
-0.0449439
0.0339061
0.0463708
-0.0256367
-0.016318
0.0263582
0.0305032
-0.0519744
-0.0170507
0.0197488
-0.0413777
-0.00562656
0.00633683
0.0377846
-0.0217524
0.00956853
0.0441686
0.0320357
-0.00651805
0.0170409
-0.0389003
-0.0147687
-0.0239346
0.0389181
0.0456389
-0.0244205
-0.00985736
-0.0311435
-0.0128703
0.0294606
-0.0253828
-0.0132246
0.0139296
-0.00892236
-0.0207084
0.0502474
0.0442317
-0.0460366
0.0430288
0.0284255
0.0258581
-0.0241221
-0.0332223
-0.00257253
-0.0543734
-0.0378456
0.0414002
-0.0319252
0.00998525
0.035936
-0.0198745
0.0253138
0.0334344
-0.0290663
0.047372
0.017157
-0.013923
-0.0211175
-0.0559436
-0.0467511
-0.00703442
0.033801
-0.0261743
-0.0175344
-0.0464698
-0.0373939
-0.0451669
0.0469489
-0.00210183
-0.0339844
-0.0417026
0.0246447
0.00952874
0.012947
-0.0184068
-0.0133169
-0.039245
-0.0275726
0.0432168
0.0411148
-0.0359168
0.0163864
0.00113287
-0.0358019
0.0303819
0.0213031
0.0230091
0.0330119
0.0120386
0.0360321
0.00403263
-0.0406462
0.0123008
0.0262661
-0.0415899
0.0117279
-0.0147235
0.0118713
0.0230786
-0.00686913
0.0102589
0.0330878
0.0222012
-0.0473291
-0.0405076
0.0060582
-0.00520761
-0.00197797
-0.0432942
0.030443
0.0489959
-0.0488119
0.00934335
0.0110825
0.0300165
-0.0454827
-0.0466156
-0.0195423
0.00981382
0.0105586
-0.0107573
0.0255222
0.0479783
0.0355106
0.0468089
0.0293559
-0.000717026
0.00545209
-0.0400938
0.00448369
0.0195018
0.042106
-0.00202215
-0.0196711
0.0031038
-0.000912667
0.0108077
0.0420682
9.33055e-005
-0.0298958
0.0172818
0.00151872
0.0309851
0.0248102
0.0343577
0.0397546
0.00533853
-0.0123025
-0.0107396
-0.0467683
0.0157336
-0.0405146
0.035112
0.0481531
0.0274954
0.0464868
-0.0175515
0.0367408
-0.0451438
-0.0256317
-0.0344686
0.021672
-0.0066107
0.017378
0.0163279
-0.0120828
-0.0361202
-0.00174778
0.0471295
0.013495
-0.0142068
0.0179697
0.0336853
0.00106096
-0.0472274
-0.0331848
-1.64283e-005
0.038372
-0.0271703
-0.0145711
-0.0494129
0.0195002
0.0463733
0.0434051
-0.0168979
-0.00502998
0.0464313
0.0231365
-0.0244419
-0.0080592
0.0113148
0.0323313
0.00222106
-0.0341278
-0.0132436
0.030306
0.0131997
0.020065
0.0188223
0.000377146
-0.0297115
0.0297641
-0.0123982
-0.0101137
0.0364731
0.00334958
-0.0116666
-0.0237324
-0.00518056
-0.0300123
0.0216161
0.00956664
0.00593637
5.90521e-005
0.00724118
-0.010973
0.00614153
0.00485224
-0.0493909
0.0395881
-0.0418583
0.0084969
0.0404017
-0.0324401
0.0212533
-0.048017
-0.028107
-0.0101199
-0.0374744
0.00245192
0.00554815
0.0481189
0.010217
-0.0405906
-0.0137352
-0.0174381
-0.0491543
-0.0316318
0.0461463
-0.0508879
0.00796896
0.0106074
-0.00780525
-0.00560219
0.0393967
0.0015361
0.0411356
-0.043989
-0.00629033
0.00949096
-0.0478941
-0.00704284
-0.0505183
-0.0228718
0.0191664
-0.0323255
-0.0346696
0.0128879
0.000377351
0.0286682
0.0130837
0.0129266
-0.0386241
0.0445022
0.0301103
0.0133747
-0.0166714
-0.0302954
-0.0215412
0.0195989
-0.0249871
-0.0294353
0.0370129
0.0457273
-0.0427719
-0.0460004
-0.0402986
0.0147296
0.0400955
0.0116314
-0.0149416
-0.0283494
0.0213648
0.0217893
0.042348
0.0394941
0.0272651
0.0146318
-0.0470231
-0.0151993
0.0445537
0.00444275
0.0275212
-0.00585741
0.0430584
0.004988
0.00940523
-0.0318434
-0.00296896
-0.02378
0.0177297
0.0212108
-0.042574
0.0077311
-0.0232984
-0.0287062
0.00452128
-0.0149941
0.00963665
-0.0491252
0.0456689
0.00580843
0.0161683
-0.0472042
-0.0416867
0.00705889
0.00639838
0.0112357
-0.0398883
-0.0241492
-0.0129043
0.0390316
0.0424393
0.0181741
-0.0445699
-0.015597
0.0265004
0.0450787
-0.0236471
-0.00945774
-0.0320435
-0.042034
0.015079
0.0201694
-0.00628067
0.0240249
0.0108343
0.0205601
0.0157095
0.0154002
0.025528
0.021376
-0.0395709
-0.000784822
-0.035724
0.0443438
0.0364492
-0.0122048
-0.0156072
-0.0321958
8.48561e-005
0.00495123
0.0209642
-0.0399587
-0.0185677
0.0196524
-6.48288e-005
0.0346835
0.00585689
-0.0467951
-0.0370453
-0.00766049
-0.0120996
0.000252546
0.00864505
0.0360916
-0.0199541
-0.0263226
0.0443861
0.0115364
0.000929404
0.0189654
-0.0454902
-0.0239294
0.0392193
0.0295194
0.0419253
0.0429674
-0.0424929
0.0255599
0.0122252
-0.0466202
0.0379795
-0.0425744
0.0348355
0.0239304
0.0244914
0.0172269
0.022268
0.0266143
-0.0283103
0.00845458
0.043703
-0.0298214
-0.0256878
0.0493055
0.0132425
0.0460687
0.00106225
0.00214872
0.00040855
0.0298596
0.035797
0.000274013
-0.0199033
-0.034026
0.00289025
0.0197626
-0.00428037
-0.0242092
0.0335631
0.0297533
-0.00827651
-0.0138615
-0.0266638
-0.0334886
0.0300999
0.048389
-0.0482136
0.0193184
-0.0403261
-0.0463196
-0.0326553
-0.0189492
0.0240258
-0.0478039
-0.0334168
-0.0303415
0.030019
-0.0142969
0.0444134
0.0457352
-0.0127682
-0.00400107
0.0482491
0.00527123
-0.0317294
-0.020058
-0.0180571
-0.00762238
-0.0196126
-0.0349749
-0.0324349
0.0303301
0.00249077
0.0303504
0.00135599
-0.0331995
0.0310556
-0.0433844
0.0243079
-0.00144929
-0.000344246
-0.00498202
-0.0121503
0.0465107
0.0186976
-0.0253512
-0.017228
-0.00954012
0.0172247
-0.0306086
0.0176267
0.0294151
-0.0389598
0.0161997
0.00267762
0.0161465
-0.0251284
-0.030567
0.0152688
-0.0396202
-0.0203539
-0.0345944
0.0156472
0.0260276
0.00822327
0.0302494
0.0257952
-0.0209882
0.0190053
-0.00667749
0.0467438
-0.0329432
-0.0107732
0.0161917
-0.0358035
-0.0424506
0.00152224
0.0121163
-0.046891
-0.0219155
0.044135
-0.0412473
0.0328705
-0.0309095
-0.02308
-0.00892027
0.0396721
-0.00170389
-0.0425542
-0.0211718
0.0400354
0.0258609
0.0174788
0.036934
0.0329904
-0.0401715
-0.0487467
-0.000993864
0.0452955
0.0185425
-0.0156373
0.00302964
-0.0224285
-0.0187871
-0.041353
0.0103811
0.0345718
-0.02677
0.0430309
0.0146228
0.0291799
0.0124703
0.0301277
0.0104937
-0.0136464
-0.0302431
-0.0249196
0.0349929
-0.048141
-0.00380629
0.000853525
-0.00787329
0.0163509
-0.0190282
-0.0392782
-0.0321935
0.0222964
-0.0155621
0.0464608
0.00375639
-0.0268446
-0.0227594
0.0310474
-0.0301384
0.0205875
0.0263187
-0.0275939
-0.0407966
0.0305032
0.00713842
-0.0351138
-0.0173164
0.0200484
0.0337697
-0.0242268
0.025327
-0.014506
0.0345126
-0.0497238
-0.0336741
-0.0308694
0.0188726
0.00583617
-0.0263731
-0.0202485
0.00683421
-0.0333704
0.0452303
-0.0073712
0.00591417
-0.0103343
-0.0140392
0.0185768
-0.0395736
0.00693254
-0.0300794
0.0525293
0.037348
-0.0480861
-0.011401
0.0338697
0.00729708
-0.00156958
0.0109355
-0.0123404
0.0384668
-0.0238325
-0.0347809
0.0416012
0.047217
-0.0109241
0.0319482
-0.0166212
0.0299752
0.0288958
0.0461512
-0.0158926
-0.0281123
0.046604
-0.0188531
-0.0501348
-0.0122054
-0.0503314
0.0432361
-0.00350565
0.0437788
-0.0090326
0.014838
-0.0275926
-0.0155013
-0.000222961
0.0413667
-0.0380759
-0.0129867
0.0185181
0.0334605
-0.0309759
0.0433922
-0.00872655
-0.021157
-0.0122328
-0.0137273
-0.0314878
0.00603537
0.0272897
0.0193657
0.0234246
-0.00308995
-0.0284278
-0.0446128
0.0253521
0.0057383
0.026803
0.0112083
-0.010106
-0.0476338
0.0193005
0.00522159
-0.0193588
0.0132923
-0.0252816
-0.00978907
0.00883541
-0.0439083
0.00942488
-0.0506219
0.0245374
-0.034277
-0.00140192
-0.00957857
-0.0475094
-0.0385013
0.0125484
0.0265912
0.00050608
0.0385642
0.025024
0.0139964
0.0105879
-0.0109437
0.0169359
-0.00159585
-0.0206832
-0.0400511
0.0448517
0.0139066
0.0292957
0.0436406
0.0132787
0.00376462
0.0109777
0.0144223
-0.0415062
-0.00167276
0.0400876
-0.00692621
-0.0067996
0.00206903
0.0314577
-0.0221544
0.0370508
0.00817435
-0.00934709
-0.0216531
-0.0289075
0.0218878
0.0322237
0.0397604
-0.00440497
0.00815847
-0.0133488
0.0372956
-0.0211362
-0.0491828
-0.0228454
0.00190681
0.0241721
-0.0306128
-0.0163525
0.0188665
-0.00480747
0.00398816
0.0409625
0.0489414
0.0190085
0.0136174
0.0315282
0.0473152
0.0114593
0.033652
0.00664855
0.016029
0.0408777
0.019755
-0.000718955
-0.029151
-0.039499
0.0286271
0.04583
0.021846
-0.031329
-0.00174517
0.0353005
0.0344283
0.0118395
0.0467313
-0.0405155
0.00859057
-0.00337263
-0.0151369
0.0336008
0.0431658
-0.00266056
0.0457912
-0.0465769
-0.00489425
-0.0258986
-0.037218
0.00292509
-0.0073632
-0.0144324
0.0220356
0.0208625
-0.0266606
-0.0387931
0.0201276
-0.0490485
0.032432
0.0255446
-0.0170702
0.0256036
0.000516005
-0.0202384
0.0476432
0.0205444
0.0256061
-0.0234144
0.0176085
-0.0496357
-0.0386782
-0.003467
0.00665376
0.0489531
-0.049831
0.0449614
-0.0340718
-0.041131
0.0288943
0.0146551
0.0286715
0.0431514
-0.0433774
0.0322005
0.039591
-0.0178553
0.0416385
0.0463627
0.0233177
0.00435755
0.0303949
-0.0191878
0.0221781
0.0207806
0.00739353
-0.050009
-0.0564479
-0.0309447
0.0378115
-0.0497941
-0.027273
0.0394094
-0.0310313
-0.0446358
-0.0497461
-0.0376795
0.0341875
-0.0268017
-0.00377495
0.0161666
0.0447933
-0.0289182
0.0195825
0.0333515
-0.0458544
-0.0253373
-0.0433673
0.0297453
0.0437824
-0.024511
0.0121926
-0.0147104
-0.0146001
-0.0185417
-0.0368519
-0.0252537
0.00459307
0.0337945
0.0465637
-0.0138915
-0.050074
0.00734844
0.0276476
0.0131874
-0.0467552
0.0137243
0.0402393
0.00712595
-0.0318141
0.0144192
0.049291
-0.0182839
-0.0431812
0.0420368
0.00834977
0.0354662
0.0482135
0.045354
0.0220365
0.0398506
-0.00259192
-0.000421887
-0.0357187
0.00794176
0.0150537
-0.0482594
0.025359
-0.02948
-0.0397006
-0.0357273
0.0141923
-0.0171573
0.0206492
0.0276392
-0.0219208
0.0169747
-0.0444286
0.0132187
0.0518626
-0.0249016
-0.0292945
0.0114405
0.0379521
-0.0425103
-0.00519761
-0.0401069
-0.0191592
-0.0336284
-0.0391534
0.0507582
-0.0271361
-0.00409125
0.0483506
-0.000788742
0.0437907
-0.0416573
-0.0377277
0.0304308
0.00772689
0.0230667
-0.044773
-0.00769552
-0.0373119
0.0192641
-0.0451801
-0.022937
0.0110235
-0.00129707
0.0175565
0.00683712
-0.00105066
0.0426218
0.0358319
0.00364592
-0.0434653
-0.0246729
0.00159994
0.0222889
-0.0300452
0.0312384
0.00520645
0.0351224
-0.0453079
0.0144546
-0.0409782
0.0318389
0.037867
-0.000185602
-0.0409861
-0.031357
0.00779875
-0.0160566
0.00751244
0.0420636
-0.0391161
0.0440394
0.0297027
0.0386456
0.00920578
0.0425035
0.0137675
0.0156205
0.0279162
-0.0307699
0.0301065
0.0364705
0.00185803
-0.013936
0.027403
-0.02351
-0.0277187
0.0397499
0.0299841
0.0239844
-0.0246717
-0.0440378
0.00287894
-0.0165526
-0.0402302
-0.0182752
0.000218953
0.0015991
0.0104469
0.0109241
0.00312757
-0.000340908
0.0101747
-0.0222727
0.0135345
0.0147408
0.0369201
-0.0295669
0.0230914
0.0308346
-0.0347584
-0.0209257
-0.0289881
-0.0401062
0.0469094
-0.0174556
-0.0394217
0.0250147
-0.0117631
0.0278396
-0.00922037
-0.0136165
-0.0135156
-0.00685353
-0.0126029
0.0221489
0.0124384
0.0214914
0.0452301
0.015532
-0.0116965
0.00884504
0.0155023
-0.022242
0.0585889
0.0411104
-0.00877209
-0.0162236
-0.0251578
0.0126939
0.046011
-0.043754
0.0170681
-0.000257235
-0.0349285
0.0197884
-0.032635
-0.0485681
-0.0247976
0.0387484
0.0115349
-0.0272312
0.0401649
-0.001239
0.0348409
0.0466479
-0.031069
0.0412429
0.0282076
0.0273854
0.0151655
-0.0143319
0.0174149
-0.00515678
0.049214
-0.00438533
0.0386245
-0.00342992
-0.0267031
0.0161166
0.0370513
-0.0392676
-0.00267206
0.0181056
-0.0259702
-0.00147336
0.0479881
-0.0228138
0.0290716
-0.038825
-0.00818136
-0.00750163
-0.00534077
-0.0504841
-0.0334324
0.0184384
-0.028746
0.0138003
0.0135205
0.00809275
0.0344012
-0.031043
-0.0167299
0.0337002
0.0371802
0.0387233
-0.0155358
0.0107115
0.0313969
0.00135373
-0.0354833
0.0136839
-0.002707
-0.0190491
-0.00186616
-0.0169982
-0.041806
-0.0428581
-0.0462439
-0.0123341
-0.0261481
-0.0327583
0.0275506
-0.0311983
0.0163959
-0.00375897
0.00237514
0.0421507
-0.0373643
-0.00857897
-0.0413493
0.0244251
-0.00859742
0.00326558
0.0345251
0.0112814
0.0099099
0.00378077
0.00737763
-0.0218346
-0.0230378
0.0198713
-0.00188523
0.00344642
-0.0152435
0.0225987
0.00778449
-0.00411069
0.033468
0.0233767
-0.0276234
0.0101237
-0.0473855
-0.0328004
0.0150596
-0.016299
0.0484426
-0.0176712
0.0304947
-0.0114774
-0.0100093
-0.0385059
0.0456331
-0.032482
0.0290235
-0.028869
-0.0214945
-0.0335267
-0.0297344
0.0112271
0.0169202
0.0233366
-0.0280716
-0.044267
0.0502908
-0.0388458
0.0148061
0.0438837
-0.0193001
-0.0132948
-0.00729258
0.0139593
-0.0457691
0.00912847
-0.00311391
-0.0157117
0.00939736
-0.00160563
0.0128373
-0.0423075
0.0066188
0.00694023
0.0199893
0.0414297
0.044539
0.0474752
0.0164504
-0.0194979
-0.000965853
-0.0305781
0.0479079
-0.00483545
0.0111127
0.0334154
-0.034695
0.00130892
-0.0480253
-0.00312009
0.00325917
0.0147505
-0.00483236
0.0434201
-0.0204529
0.0334989
0.0203169
-0.0489278
0.0305596
-0.0291409
-0.0216181
0.0347444
-0.0258215
-0.0409692
-0.044335
-0.0459174
0.0123954
-0.0243967
0.040997
0.0360704
-0.0335854
0.024134
0.0499045
-0.0116381
-0.0409074
0.0237136
0.0204189
-0.0435839
0.0412906
0.0310788
0.0151987
0.0157921
-0.0446811
-0.0498056
0.0432996
0.0143703
-0.024579
-0.0395351
-0.047129
0.00816725
-0.0325809
0.00833415
0.00690005
-0.0353039
0.0381195
-0.00147273
-0.0323398
-0.00970025
0.0178721
0.0424589
0.0352297
-0.0420386
0.0328313
-0.030575
0.0478646
-0.00546596
0.0179618
-0.0100155
-0.0142807
-0.0049838
0.0222795
-0.00447692
0.00875758
0.0279047
-0.0324604
-0.00901411
0.0319504
0.00175708
0.00290065
-0.0449871
0.00570703
-0.049311
0.0155788
0.00406585
-0.00689387
0.0178258
0.0476297
-0.0350566
-0.00346007
-0.0247274
-0.0236858
0.04253
0.0432841
-0.00712877
0.00565449
-0.034559
-0.0238774
-0.0376497
0.0227771
0.0181287
-0.0350041
0.000591875
-0.025633
0.0255124
-0.0295489
0.0463965
0.0257071
0.00253903
-0.0149143
-0.0409846
0.0244276
-0.0474195
-0.0072864
-0.0428174
-0.0314466
-0.00483236
-0.0477471
-0.028869
-0.011907
0.0287144
-0.0385769
-0.0256021
0.0206693
0.00739148
-0.00424821
-0.0307636
0.0198131
0.0378259
-0.0143642
-0.0293418
-0.035137
-0.0430585
0.0320524
-0.0204035
0.00478909
0.0272123
0.00454801
-0.0136718
0.00482617
-0.0199677
0.0437601
-0.00532996
0.0435901
-0.0322688
-0.00320354
0.00680115
0.0154706
0.0472403
0.0167038
-0.0407528
-0.0126828
0.0342932
0.0504515
-0.0450335
-0.0294346
-0.00289447
0.0416089
-0.0281643
0.0488289
-0.012485
-0.0100186
0.000199352
0.028597
-0.0124572
-0.0273051
-0.00771292
-0.0419118
-0.0140891
-0.0220446
-0.0315054
-0.0270269
0.0484086
-0.0402459
-0.032788
0.00383405
-0.00712568
-0.0352297
-0.0194113
0.0321359
-0.0494718
0.0308038
-0.0319442
0.011703
0.00652299
0.0118452
-0.0112951
0.0412381
-0.00106785
0.0418222
0.0379804
0.0060841
-0.00161182
-0.0307914
0.0348742
-0.0162433
0.0157055
-0.0063499
-0.0498365
0.023794
-0.033981
0.026588
0.0155634
-0.0112765
-0.0440228
0.00705459
-0.00850414
-0.00895848
-0.00173544
0.0111869
-0.0346857
-0.0138696
0.0301578
-0.0439919
0.0372387
-0.0324882
0.0493821
-0.0358942
0.0492338
0.0333227
0.0286248
-0.0255402
-0.0450427
0.048662
0.0296293
-0.0301732
-0.0395227
-0.00426366
-0.0243225
0.0136471
0.0210989
0.0274627
0.00979298
0.0489927
-0.0491812
-0.000122084
-0.0140736
-0.0309119
0.0336194
0.0309428
0.0332794
0.0132361
-0.0503804
0.0380979
0.0320648
-0.0278521
-0.0435437
0.00470564
0.0421282
-0.00906047
0.0120554
0.0417913
0.0291409
0.0359684
-0.0310387
-0.0303154
0.0182554
0.00352807
-0.0302042
0.0178752
0.0327571
-0.0327633
0.0216459
0.0383544
0.036058
0.0101855
0.00582448
0.0460225
0.0448171
0.0502104
0.012213
-0.0121265
0.0238651
0.0158477
0.0266065
0.0353595
0.0345126
-0.0289524
-0.0257257
0.0105626
0.0444308
0.0399492
-0.0416028
-0.0504299
-0.0280746
0.0335081
-0.0251199
0.0085196
-0.0195813
0.0472001
-0.045052
-0.00597902
-0.0243936
0.00734512
0.0247212
-0.0356902
0.0427618
0.0429194
0.0101855
-0.0453055
-0.0335792
-0.0357736
0.000981307
-0.0301423
-0.0249097
0.0291255
-0.0113074
0.0182894
0.0429596
-0.0383699
-0.0120399
0.0147752
-0.00748111
0.0239238
-0.0273514
0.0351926
-0.0418253
-0.00737603
0.0226875
0.0405736
0.0113847
0.042904
0.0137738
-0.0401934
0.0264922
-0.00109875
-0.0455033
-0.0431203
0.00569776
0.0425794
-0.000755683
0.0503248
0.0180916
0.0484147
0.0261615
0.0247892
-0.0288535
0.0283775
0.0365865
0.0177701
-0.00991661
-0.0313477
0.049855
-0.0130939
0.00302428
0.0233984
0.0410835
-0.0399616
0.0163021
-0.0453178
0.0136008
-0.0176033
-0.0182894
-0.00082677
0.0447306
0.0426413
0.0310479
0.0252003
-0.00851341
0.00619846
-0.0202149
-0.0289895
0.0114898
0.040181
-0.0107047
0.0482262
-0.034763
0.0391549
-0.0272031
-0.0459143
-0.0309614
-0.0460874
0.0395907
0.0326829
-0.0377208
0.0389416
-0.0321328
-0.017186
-0.04941
-0.0163422
0.000650599
-0.0231264
0.00392368
-0.00575957
0.0436396
-0.00899866
-0.0505752
-0.0446657
-0.0353286
-0.0171829
-0.0350813
0.0422611
-0.00222069
-0.0421931
-0.0126828
0.0271474
0.00180035
0.0287639
-0.0479542
0.0418562
0.0199182
0.0157488
-0.00692169
0.041167
-0.0214327
0.00757074
-0.0135389
0.0201716
-0.040623
0.0143518
-0.00239068
-0.0490082
-0.00340444
0.0309367
0.0024834
-0.0263346
0.02342
-0.0427093
0.0377548
0.00886267
0.0337956
-0.0132979
-0.0396402
0.0362218
-0.0309861
-0.00354043
-0.0284517
0.00333953
0.0033179
-0.0303247
-0.0283188
0.00166436
0.0289679
-0.01705
0.0150719
-0.0218994
0.0276914
-0.0344601
0.0323213
0.0235993
0.0277192
-0.00717513
-0.0246408
0.00132129
0.0167193
0.00315718
-0.0293697
-0.0393527
0.0289802
0.00468091
0.0151059
-0.00167363
-0.0330384
-0.0349237
0.0159219
0.00036007
-0.016778
0.0456547
0.0121759
-0.048628
-0.0299662
-0.0322811
-0.0382431
0.033806
-0.00499168
-0.00439214
0.0465602
-0.0394465
0.0316312
-0.00459888
-0.0383655
-0.019342
-0.00170585
-0.0377047
-0.0126347
-0.0381025
0.000693602
-0.000581717
0.0245178
0.038417
0.0441758
0.00314118
-0.00319709
0.0131984
0.0266869
-0.0350406
0.0203748
-0.00970697
0.00744591
0.0279041
-0.0388111
0.0480014
0.00785309
0.0344423
0.0146158
-0.0245764
-0.00466742
-0.0436239
-0.0017442
-0.0305468
-0.0383638
-0.00399849
-0.00329312
-0.0315762
-0.0196206
0.0274675
0.0279628
0.0493614
0.0194055
0.036551
0.0302784
0.020162
0.0322962
-0.0122912
-0.00640844
0.0323514
0.0024769
0.0421049
0.0223238
-0.00784996
-0.0158165
0.0399195
-0.035306
-0.0502824
0.0496228
-0.00610404
-0.0257687
0.0330812
-0.0249129
0.0321697
-0.000753289
-0.00784326
0.00188601
-0.0170389
0.00832664
-0.00836294
0.0690617
-0.0133062
0.000115291
-0.0196635
-0.0364305
0.0451567
0.0157383
-0.0308208
0.0236434
-0.0216823
0.0271876
0.0238699
-0.0050716
-0.0219239
-0.00268933
0.02974
0.0335245
0.0234124
-0.0117596
0.01315
-0.048299
-0.0142838
0.0399971
0.0171531
-0.0180827
-0.0461955
0.0432319
-0.039181
-0.0540846
0.0135713
0.0147992
0.0113563
-0.0226161
0.00973377
0.0217013
0.0714183
-0.0276231
-0.00868755
0.122302
0.0635439
-0.0295808
-0.00422911
0.0203525
0.0355808
0.0287976
-0.0249631
0.036168
0.0313696
-0.0296342
0.0218315
-0.00297601
-0.00885468
0.014203
-0.0234515
-0.0538057
0.0325776
-0.00938368
-0.0476737
-0.0243205
-0.0329217
-0.00435081
-0.00321807
-0.0115011
0.0290015
0.00481897
-0.0333862
0.00610866
0.0347476
-0.022528
0.0144992
0.0478486
0.0296949
0.0374057
0.0178933
-0.00720097
-0.0404072
0.0109532
-0.00749616
0.0169395
-0.0509068
-0.0407028
0.00838566
0.021914
0.0199097
0.0378975
0.0434471
0.0386684
-0.0334746
0.0155928
-0.0419199
0.0197185
0.0392614
0.0462345
0.0301102
-0.0334982
-0.0362462
0.0419206
0.011745
-0.0387157
0.0406821
-0.0262114
0.0223513
0.00722774
-0.030574
0.00755566
0.0309101
-0.0169084
-0.00423676
-0.0168867
0.00961799
-0.0125383
-0.0334285
-0.0361168
0.0374451
-0.0313051
0.018058
-0.0218855
-0.0410809
0.0315561
-0.0262492
0.0154892
0.0155943
-0.00183792
0.0160046
0.0202991
-0.0220682
0.0380313
0.00653382
-0.0136967
-0.0283018
0.00310808
0.0251268
-0.0258692
-0.00501092
-0.0395935
0.0256151
0.0359195
-0.0010694
0.00512951
-0.00961234
0.0376309
0.0354498
-0.0220161
-0.0266369
0.0185102
0.0304358
-0.0145122
0.00100257
0.0110002
0.0411916
-0.042244
-0.0349642
0.0263052
0.0196247
-0.0482492
0.0264688
-0.0418322
0.0488244
0.0231422
-0.0369051
0.0224103
-0.0412529
-0.0362962
-0.0412236
0.00709851
-0.0440757
-0.0129282
-0.0384624
-0.0430866
-0.0478481
0.0146239
-0.0344893
0.0179602
0.0375584
0.0331426
0.0198434
0.0355311
-0.035622
-0.0479347
-0.0129367
0.0286614
0.000844754
-0.0342246
-0.0376126
-0.023126
0.0403005
0.00966966
-0.0103411
0.0299245
0.0405153
0.0297024
0.00203892
-0.00627596
0.027825
-0.0516794
-0.0156696
0.0430682
0.0224082
0.0387157
-0.00165354
-0.021155
-0.0141263
0.0258791
0.0354257
0.0277122
-0.0205727
-0.0138012
-0.0341228
0.00736764
0.00377776
0.0393078
-0.0375185
-0.0284465
-0.0128525
-0.00508087
0.0370634
-0.041558
-0.00276945
0.0156324
0.00994439
0.0407256
-0.00455909
-0.0207666
0.00644971
0.0309017
0.0265587
0.00743165
-0.0394027
-0.0314861
-0.0466776
-0.00652486
-0.0263226
-0.0118986
-0.0386955
0.0019461
0.000585912
-0.0352837
0.044804
-0.0142709
0.0444453
0.00583832
-0.0530247
0.033288
0.0317842
-0.0129537
0.039007
-0.0124599
0.0185491
-0.0454035
-0.00797669
0.00642001
-0.010068
0.0111039
0.0437625
-0.0165038
0.0328216
0.0461681
0.0424236
-0.0428972
0.00651702
0.0184015
-0.000884218
0.00779952
-0.0285268
-0.0499187
0.0112792
-0.0281845
-0.0393033
-0.0262827
0.0414404
-0.0258636
0.00416676
-0.0208094
-0.0114248
0.0133457
-0.0390319
-0.0303985
0.0339276
-0.0109631
-0.0486236
0.016889
-0.0177149
0.0292692
0.0186786
-0.00318015
-0.0495824
-0.0129289
0.0512028
0.0288742
0.0367121
0.027314
-0.0486588
0.033629
0.0296105
-0.0244974
0.0110187
0.012136
0.0210668
-0.0202783
-0.0015325
0.0264694
-0.0241555
0.016019
0.0478097
-0.0473578
-0.0308408
-0.0475791
0.0237402
0.0309752
0.0476326
-0.0350872
0.0227735
-0.0243237
-0.0134946
0.0219396
-0.033053
-0.00307992
-0.0206826
-0.00922073
-0.0200128
0.0199246
0.0314077
-0.0267577
0.0121502
-0.0125278
0.0269781
-0.0481276
-0.057532
0.00879987
0.0331786
-0.01027
-0.0138344
0.010443
-0.0087333
0.0252621
0.00347691
0.0150411
-0.00422998
0.0229357
-0.00797461
0.00575248
-0.0234265
0.0348305
0.0204834
0.0438696
0.00826481
-0.0293497
0.0273224
-0.0312912
-0.0347681
0.046261
-0.0336328
0.00801812
-0.0450165
-0.00535151
0.0294851
-0.0125789
0.0370275
0.0390059
-0.0253384
-0.0189678
0.013464
0.0406568
-0.00102462
0.0310668
-0.00517798
0.0227637
-0.0172263
-0.00897507
-0.0439985
0.00171696
-0.016399
-0.030626
0.0447081
-0.00290184
-0.0314024
0.0172591
0.00711067
-0.00961007
-0.0447829
0.0382348
0.0453405
-0.0380915
-0.045406
-0.0108319
0.0473901
-0.0364231
0.0105174
-0.00750444
-0.0439057
0.0104261
0.0227616
-0.00628153
0.0321691
-0.0146537
-0.0135903
-0.0386951
0.0418029
0.00719897
-0.000213722
-0.00565934
-0.00632683
-0.0168394
-0.0118777
0.0295277
-0.0175601
-0.0104191
0.00824204
-0.0452002
-0.00879986
-0.0448271
-0.0104098
0.00981915
-0.0159009
0.00482677
0.0466781
-0.0420584
0.0253656
0.030829
0.0233234
0.0359007
0.0159628
-0.0424887
0.0468821
0.0499163
0.0310563
-0.0019626
-0.0014776
0.0421196
0.0286227
-0.0210578
-0.00709496
-0.0134211
0.0121447
0.00860417
0.00714428
-0.00118933
0.0259986
-0.0129974
-0.00995793
0.00677298
-0.0467119
0.0243499
-0.0161791
-0.00354119
0.00727943
-0.0106336
0.0385568
-0.00265655
-0.00925328
0.0146479
0.017876
0.0150363
-0.0302447
-0.0430997
-0.042609
-0.00469939
0.0362564
0.0214958
-0.0268559
0.039942
-0.0323703
-0.0239626
-0.0237203
-0.0212957
-0.015333
-0.036133
-0.0311866
0.0395398
0.0407491
0.0347702
0.0321141
-0.00965833
0.0480718
-0.036143
-0.0339489
0.0273709
-0.0225924
-0.0332005
0.0430725
-0.0404367
0.0013025
0.0150175
-0.023447
-0.0517188
0.0060498
0.0226573
-0.0486269
0.0458775
0.0419419
-0.0417817
0.0374369
-0.00935167
-0.0100546
-0.0135887
0.00138553
-0.0279078
-0.0464406
-0.0208851
-0.000710016
0.0245803
6.09938e-006
0.0183656
-0.0404983
0.0220622
-0.000723167
0.0331875
-0.0332569
0.0451048
0.0446838
-0.0158512
0.0468373
-0.00972892
-0.0248024
-0.0459472
0.0410672
-0.00666393
-0.0161156
0.0279685
0.00291146
-0.0113889
-0.00128696
0.0299427
0.0191791
0.0460993
0.00301602
-0.0174232
0.0359695
0.0326266
0.0340532
0.0266175
-0.0155442
-0.0160527
0.00391635
0.0177884
-0.0407509
-0.0386031
-0.0166067
0.0149331
-0.00574296
0.0428215
0.0112945
-0.0140179
0.0278914
-0.0168979
0.0153642
0.00541891
-0.0227216
0.00849136
0.0311247
-0.00653101
0.000151574
-0.00510149
0.0209614
-0.0493256
0.016981
0.0184769
-0.0407252
0.028132
0.0299845
0.0111997
-0.0159722
-0.0456128
0.0404519
0.0317923
-0.0468184
-0.00874913
-0.0449479
-0.0105985
-0.0388851
-0.0285448
-0.0422875
0.0112718
-0.0365849
0.016283
-0.0452628
-0.0454944
-0.0373885
-0.00226743
-0.00666423
0.0123211
0.0282919
-0.00107541
-0.00927562
0.010316
-0.00102319
-0.0459785
0.0406616
0.0277705
-0.00125389
0.0118276
0.0198821
0.0362819
-0.0513466
0.0262769
0.0304005
-0.0394205
-0.0219851
0.032022
-0.00156328
0.0236574
0.0294605
-0.0178653
-0.043911
0.0131146
0.0226371
-0.0492056
-0.00987144
0.0331786
0.0400511
-0.0628308
-0.0139799
0.0144764
-0.0481113
-0.0261106
-0.0252599
-0.0393345
-0.0324397
-0.0385959
-0.0227754
0.0287589
0.0230182
0.00967023
0.0347893
0.023731
0.0184273
0.0164932
-0.039682
0.038323
0.00733265
0.00217212
0.0202433
-0.0134338
0.00638317
0.0254999
-0.0307918
-0.0200377
0.0162765
0.0423354
-0.00748497
0.0424098
0.0212319
-0.0169405
0.0003657
0.0139054
0.0132762
0.0148655
-0.0322907
-0.0501926
-0.034055
-0.00220872
0.00872595
-0.0346677
-0.00524304
0.00557426
-0.00240696
-0.0349234
-0.00672819
0.0066816
-0.0414966
0.0262468
0.00775565
0.031219
0.0285336
-0.0342533
-0.00147847
-0.0105022
-0.0169101
0.0356786
-0.0062053
0.0296553
-0.0209252
-0.0112393
-0.00289667
-0.00185732
0.0393408
-0.0441861
-0.00563504
0.048315
0.0309959
-0.0350628
0.0368728
0.0232969
0.00665554
-0.000327671
0.0384997
-0.0181339
0.0180066
-0.00643573
-0.0254948
0.0196274
0.0194987
0.0269868
0.0451392
-0.0570071
0.0481824
0.0419724
-0.0451758
-0.0482028
-0.0428458
-0.00632871
0.0073614
0.00376239
0.00920086
0.0715888
-0.0638537
-0.0356605
-0.0217325
-0.0189843
-0.0363946
0.0445225
0.0365283
-0.0489979
-0.0453223
-0.0334591
0.0424958
0.027075
-0.0448887
-0.0446117
0.0310011
-0.017009
-0.0180673
0.00371865
-0.0226835
-0.0266214
0.00813081
-0.00542208
-0.0163421
-0.0469855
0.0233048
0.00749176
-0.0492209
-0.0172343
-0.0407209
0.021784
0.0027176
0.0346034
-0.0303321
0.0356947
0.0315192
0.0108578
0.00397096
0.058749
-0.0460988
-0.0358027
0.0437219
0.0274547
-0.0375116
0.0320602
-0.00306998
-0.00781074
-0.0220277
0.0260958
-0.02215
-0.0187446
-0.0363868
0.0120221
-0.00105675
0.0405201
-0.0335843
0.0379925
-0.0325072
0.0419006
0.0219233
0.00119505
0.0166124
0.048907
0.04134
0.0406479
-0.00258959
0.00465578
0.0073041
-0.0490304
0.0366255
0.027601
0.0103681
0.0096599
-0.0487196
-0.00229091
0.00903859
-0.0234946
-0.00763855
-0.00232338
-0.0210362
-0.0444256
-0.0286467
0.0341382
0.018635
-0.0504189
0.0141406
-0.017958
-0.0331612
-0.0127586
-0.0132018
-0.0414546
0.00175753
-0.0529671
-0.00474288
-0.0348317
-0.0277624
0.0313261
-0.0356885
-0.0309089
0.0252003
-0.0331909
0.00886909
-0.0497636
-0.0236327
-0.0183817
0.0199007
-0.000239581
0.0220584
0.0202448
0.0226824
-0.0310964
-0.0200232
0.0122996
-0.0123655
-0.0366098
-0.0409231
-0.00265724
0.0137745
0.0294253
0.00507489
-0.0066657
-0.0329316
-0.0495772
0.025066
-0.0372899
0.0285439
0.0452573
-0.0372754
0.0217925
0.0508583
0.0124754
0.0474774
0.0132897
0.0427655
0.0471525
-0.0273595
-0.045791
-0.0109453
0.0215748
0.0288881
-0.0196239
-0.00696487
0.01312
-0.00852477
-0.0275197
-0.0217826
-0.00876933
0.00164606
-0.0361705
0.0448512
-0.0204436
-0.0466675
0.0180879
0.0479143
0.0187944
0.0115291
-0.00936607
0.041878
-0.0210322
0.0267922
0.0127022
-0.0294521
-0.00899786
-0.00725375
0.0345358
-0.0303336
-0.0323444
0.024915
-0.0225311
0.00450209
0.0343249
0.0457747
0.0351649
-0.0426661
0.0533693
0.00327586
-0.0374029
-0.0276805
0.0351948
0.0296686
-0.0260373
-0.04404
-0.0387181
-0.047274
-0.00981771
0.0233574
-0.0318643
-0.0254055
0.0353253
0.00444409
0.0243748
0.000911649
0.0396704
-0.0382438
0.00457593
0.0439385
0.000677586
-0.0129842
0.0315801
-0.0260571
-0.0184006
0.00365526
-0.0264812
-0.0303581
0.0221679
0.0407934
0.0490912
0.0234319
-0.0188345
-0.0440012
0.0399593
-0.0491493
-0.0415005
0.0355038
0.0375936
-0.0228312
0.0366509
-0.0251339
0.0111696
0.011998
0.0159662
-0.0166313
-0.0136706
-0.0130301
-0.0124994
-0.000116341
-0.00709807
0.0329386
0.0405355
-0.00267292
-0.0102692
-0.051641
-0.0318344
0.00849573
-0.0410646
0.0085832
0.036485
-0.00433136
-0.0367254
-0.0457235
0.0319161
-0.00673084
-0.0103365
-0.0501706
0.00933178
-0.0237337
-0.0359351
0.0333126
-0.0454904
0.0461694
-0.0486454
0.0179925
-0.0345626
-0.0406444
0.0529592
0.0127141
-0.018968
0.0132412
0.0207505
-0.0251323
0.00339902
-0.0248484
-0.0356292
0.0194966
0.0240457
-0.0153189
-0.0240354
-0.0483765
0.0464593
0.0457123
-0.00955686
0.040307
-0.0198158
0.0181335
0.00133003
-0.00819482
0.0350788
-0.00173733
0.0440583
-0.0288687
0.0119863
0.0306651
0.00584325
-0.0161179
-0.0223915
0.0491943
0.0137563
-0.0448712
0.0107095
0.0339202
0.00542211
0.0107425
0.0417595
-0.0394871
0.0198705
0.00179339
0.0157294
-0.0268718
-0.0347513
-0.0276459
0.0564461
-0.0344793
-0.0434464
-0.0157955
-0.0368974
0.00678499
0.0441071
0.0490216
-0.0447803
0.0180522
-0.00364349
-0.0205578
-0.034058
0.00977929
-0.0118498
-0.024792
0.0322148
-0.0490689
-0.0352337
0.03382
-0.0182366
0.00764726
-0.0572004
0.013241
-0.0433507
-0.0368576
-0.020462
-0.0142971
-0.0140923
-0.0367493
0.0128614
0.0449162
0.0431327
0.0105023
-0.0236973
0.0197567
0.0134435
0.0272215
-0.0282856
-0.0382872
0.0415205
-0.0179437
0.0490896
-0.010911
0.0395633
0.00582686
0.026398
-0.0437306
-0.0182486
0.0226454
-0.00211372
-0.0131217
0.0231729
-0.00711845
0.0356462
0.0245961
-0.0248162
-0.0296265
0.0166623
0.0518138
0.0396936
0.03539
-0.013343
0.0231948
-0.00557003
0.00012288
-0.0244011
0.0230613
0.0190053
-0.0108502
0.0361195
-0.00400047
-0.0257911
0.0460618
0.0177363
-0.0054492
-0.0509599
0.0356735
0.0369165
-0.0164554
-0.0281108
-0.00353265
0.0341066
0.00870214
0.0906272
-0.000290368
0.0225862
0.0118817
0.0508801
0.0245
-0.0467651
0.0427653
0.0425655
0.0104692
-0.0129504
-0.0360102
-0.0471202
0.0242617
-0.00825959
0.0166051
-0.0238315
-0.0102513
0.0168119
-0.0240925
-0.0211229
-0.00385056
0.047291
-0.043509
-0.0192889
0.0409556
0.0463257
0.0142008
-0.0158451
0.0358971
-0.045484
-0.0202272
0.0527571
-0.0418117
-0.0144259
0.0729549
-0.0307828
0.0023064
0.0385472
0.0908675
-0.00226737
0.0158909
0.00954856
0.000716056
0.0543242
0.0100163
-0.0290778
0.0424558
0.0454407
-0.0167529
-0.0338234
0.0179667
0.00923507
-0.0103638
-0.0353962
-0.0340009
-0.0133442
-0.0312075
-0.017995
-0.0223821
0.0424983
0.0216671
-0.0258243
0.0215625
0.0343047
0.0209716
0.0166438
0.0138196
0.0157614
-0.0167721
0.028206
-0.0420661
0.0421391
-0.0313772
0.00726392
-0.0177638
-0.0154101
-0.0380631
-0.0120231
-0.0536119
0.0127767
-0.0207448
0.0260872
-0.0448094
-0.0077567
-0.0317078
-0.023514
0.0262276
0.0136152
0.0108204
-0.012796
-0.00536479
-0.00268151
-0.0307437
0.0117337
-0.0379128
-0.000580806
0.0334495
0.0205607
0.00905662
-0.0522
0.0430768
-0.0162683
0.00313074
0.0222094
0.0334566
-0.03699
0.0123669
0.0423358
-0.00227097
0.0223159
-0.0326786
-0.0495492
-0.0390705
0.0357175
0.000894518
-0.0231263
0.0329971
-0.0493803
-0.0394208
0.000654711
0.050682
-0.0144624
-0.01159
0.00025628
-0.0304772
-0.0180437
-0.0213594
-0.000130755
0.0136994
-0.0192144
0.0218349
0.045964
-0.0426163
-0.0218767
0.039781
-0.0349259
0.0116288
-0.0480844
0.0174136
-0.0352432
-0.0481458
0.0357581
0.0228192
0.0348464
-0.00501835
0.0330688
0.0331448
-0.0120019
0.0311109
0.0402521
0.0366688
0.0232417
-0.00916607
0.0230942
-0.0312015
-0.0346759
-0.03858
-0.00316833
-0.0429979
-0.0437535
0.0140722
0.00606277
0.041646
-0.021056
-0.014647
0.0232469
0.0267746
-0.0435337
0.0450116
0.0419023
-0.00864046
0.0129713
0.0155043
0.0440695
0.0483451
0.0226536
-0.0196672
-0.00691959
-0.0475826
-0.0324905
-0.000720144
-0.0313952
-0.0295019
-0.031939
0.0429664
0.0526923
0.0494562
0.00968781
-0.0237991
-0.027197
0.028819
0.142661
0.00629037
0.00250393
-0.032129
-0.0292431
-0.0331811
0.0399406
0.0602714
-0.0158496
-0.0176542
-0.0297461
0.037735
-0.00225767
-0.0195311
-0.0150556
-0.0143372
-0.0266741
-0.00276861
-0.00381759
0.0280987
0.00944447
0.0150044
-0.0267856
0.0245943
-0.00587536
-0.0568582
-0.0200812
-0.0307015
-0.00199023
-0.00325647
0.0331206
-0.0244597
0.0210119
0.0148046
-0.00898729
0.024695
-0.0179104
0.0273473
0.107275
0.0682113
0.0305293
-0.0373039
-0.0313198
0.028485
0.0213578
-0.0333707
0.0206312
0.0266891
0.00028733
0.00343683
0.0479848
-0.0355573
-0.0110035
-0.0512732
0.0185694
-0.00540077
0.0248124
-0.0438158
-0.0167642
-0.034386
0.0100536
-0.03358
0.0213165
0.0509281
-0.0093926
0.00509489
-0.0521518
0.0212035
-0.0144973
0.00773909
-0.0125878
-0.0455457
-0.0173051
-0.000532721
0.00933552
-0.0390247
0.0170485
0.0201697
0.0263749
-0.0106693
0.0165887
0.0124528
-0.00493917
-0.0209197
-0.0382077
0.0291144
-0.0107357
0.0394521
-0.0292495
0.035427
0.0215197
-0.0153229
-0.0392926
0.000643649
-0.0467459
-0.0264761
0.022237
0.007766
0.0252459
-0.0354459
-0.0110918
0.0468017
-0.00815174
0.0111785
-0.00036805
0.0156671
-0.0503621
-0.0177837
-0.00873744
-0.0231967
0.0267447
-0.0261773
0.00452333
-0.0125742
-0.0174435
0.0447085
-0.0155911
0.0430067
-0.0107331
-0.00791266
0.041265
-0.0436539
0.0291019
-0.00703457
-0.0190643
-0.0177727
-0.0384024
-0.0472192
-0.00917406
-0.0361945
-0.0397484
-0.0296597
0.0225785
0.0413038
-0.0346848
0.0360636
-0.023968
-0.0184447
0.0219714
-0.041053
0.0174219
0.000872866
-0.0128457
0.0162053
0.021201
-0.0162901
-0.0231983
0.000276416
-0.00965569
0.0287044
0.00927228
0.0135375
-0.0198201
0.0412345
-0.0218626
0.0405941
0.0459634
-0.0412252
-0.0146096
0.032461
0.0272815
0.0153155
-0.00462618
0.0120273
-0.0557271
0.0440451
-0.0459027
-0.0446539
-0.0160823
-0.0482742
0.00173694
0.0340989
0.0406855
-0.0310629
-0.021551
-0.026081
0.0231996
0.00318795
-0.0391964
-0.0160423
0.00443484
0.030361
0.0116594
0.0386571
0.0432076
-0.0253358
0.0187944
-0.0249801
0.0443698
0.0461402
-0.0380645
0.0157901
0.0375935
0.0424397
-0.0311233
0.0191048
-0.0325286
-0.00195241
0.0491939
-0.0126939
0.0338612
-0.0520699
0.0319787
0.0499875
0.0503764
-0.0147295
-0.036651
-0.0152743
0.00354494
0.0281831
-0.0535844
0.00471363
-0.00364782
0.0121561
0.0454973
-0.0203401
-0.049617
0.00768225
0.0227246
0.0210288
0.00969877
0.0122715
0.0355953
-0.00749281
0.025938
0.0207286
-0.0213987
0.0260017
-0.0150892
-0.00680756
0.016533
0.00201795
-0.0506979
-0.0347494
0.0147
0.0285765
-0.0215345
-0.0450504
0.00850456
-0.0383949
-0.0387787
-0.00886762
-0.0418399
-0.00218844
0.0231282
0.0416188
-0.00591188
-0.0245052
0.0127885
-0.0335533
-0.0504358
0.0115765
-0.00694849
0.00999027
0.0436128
-0.0446949
0.000454548
-0.0442743
0.0432181
-0.00615018
-0.0410952
-0.00814383
-0.0323663
-0.00104
0.0184631
-0.0416705
-0.0178098
0.000531148
-0.00189579
0.000216603
-0.00835305
-0.00400715
-0.0190305
0.011141
-0.0133261
-0.0466716
0.0266487
0.0273608
0.0335026
0.0073226
0.000791508
0.0312963
-0.0252937
-0.0438909
-0.0300062
0.0313795
-0.0463202
-0.0108559
-0.00949473
0.036555
0.0251359
-0.0245657
-0.0452352
0.00307182
0.000623567
0.0380188
0.0098917
0.0314888
0.0272668
-0.033767
0.000214174
-0.0314624
-0.0129087
0.0141532
0.00283928
0.0467963
0.0357975
-0.03376
0.0220584
-0.0382746
0.0379215
-0.00140652
-0.0248829
-0.0438349
-0.0320506
-0.0364227
-0.0559554
-0.0266999
-0.000918696
0.0555542
-0.0168734
0.0156119
-0.042047
0.00270821
-0.0151769
0.0245898
0.0110844
-0.00466561
-0.0254921
-0.0276934
-0.00962616
0.0318124
0.0141538
-0.00022419
-0.0404225
-0.0298462
-0.0432531
0.0405962
0.0049019
0.019792
-0.0172191
-0.0198352
-0.0290704
-0.00168507
-0.0302839
-0.0526538
0.0110489
0.0249716
-0.0255985
-0.0391945
0.0356791
0.00809409
0.0157347
0.0421262
-0.0234628
0.0422626
-0.0338005
0.0397671
0.0254108
-0.0498653
0.0282836
0.0305532
0.0201705
-0.017051
-0.00761159
0.00121977
-0.00388413
-0.00252398
-0.0470472
-0.015669
-0.0402878
0.0155048
-0.0070637
0.0142481
0.0221967
0.0188479
0.0113535
0.00869179
-0.0293165
0.0371288
-0.00736406
0.00344362
0.0414217
0.0144143
0.00657063
-0.0206932
-0.00614937
-0.0416254
-0.0197733
0.0274063
0.00586436
0.0204612
0.0021467
0.0284463
0.012186
0.0120102
-0.0188369
0.0305003
0.00765468
0.00440545
-0.0151222
-0.0235501
-0.0281472
-0.0201576
0.01422
0.023368
0.00732898
0.0314042
-0.0268335
-0.0410239
0.0544455
-0.0349088
0.0237054
-0.0218088
-0.0448414
0.0152224
-0.0187438
-0.0402822
0.0113505
0.0510686
-0.00956605
0.0173444
0.0327974
0.028227
0.0219766
0.0394927
0.0331404
-0.0211942
0.0629935
0.0241891
-0.0496482
0.0271758
0.00158275
0.0101896
-0.017374
0.0119843
-0.0401819
-0.0271961
-0.0429835
-0.015162
0.0451746
0.0340663
0.0148006
-0.0136316
-0.0330039
0.00366716
0.0520635
0.0277071
0.0767084
0.0222807
-0.0177025
-0.00670865
0.0349558
0.0235598
0.0382033
0.0187536
0.00657954
0.0130986
-0.00596002
-0.0397662
-0.0466218
-0.0449773
0.0268464
0.032838
-0.0446927
0.0325343
0.0214678
0.0274647
0.0220906
-0.0461755
0.025717
0.0204502
-0.0436212
-0.00204247
-0.0330345
-0.0452266
-0.0177138
0.0131987
-0.0104601
-0.00588154
-0.0148162
-0.035621
-0.00532898
0.0160779
0.036993
-0.00355712
0.0194729
-0.00923919
-0.0431921
-0.0429442
0.0489118
0.00059507
0.0470734
0.0012351
0.0214374
0.0551337
-0.041727
-0.0332435
0.0108398
-0.0104525
0.0078733
-0.0314591
-0.045569
-0.00657405
-0.0451493
0.00809449
-0.0110872
0.0235779
0.0357079
0.0450559
0.0492498
0.0102677
0.0392778
-0.0016449
0.00910554
-0.0149011
-0.0192055
-0.00292109
0.0359299
-0.0445039
0.0116622
-0.0456812
0.0351845
0.0468382
0.0170353
-0.0181078
-0.0521823
0.0347614
0.0101632
-0.0328393
-0.0208779
0.0103886
0.0501511
0.0309199
-0.0231646
0.0271007
0.0239954
-0.0388249
-0.0159117
0.0232647
-0.0475502
0.048514
-0.00457333
0.000126436
-0.0192851
-0.0232454
-0.0552517
-0.0289601
-0.0400085
-0.00274438
-0.041416
-0.0185277
0.0439303
0.0356833
0.00415699
0.0318463
-0.0245725
-0.00878207
-0.00781895
-0.0123789
-0.00436926
0.0180357
-0.0241872
0.0235122
0.012058
-0.0302413
-0.0280216
-0.0461959
-0.0318364
0.0484971
0.0432881
-0.00404294
0.046374
0.0226827
0.013801
0.0322941
-0.00975273
-0.05051
-0.0470334
-0.0207851
0.00948137
-0.000707681
-0.0189944
0.0345952
0.0499233
0.022979
0.00978401
-0.0123834
0.0154913
-0.0027525
-0.0312344
-0.0435947
-0.0383713
-0.00476245
0.0218277
0.0298304
0.00161064
0.0491371
-0.0405975
-0.0293743
0.0323406
-0.00561155
-0.0258725
-0.0446169
-0.0115026
0.0229492
-0.0185448
0.0215616
-0.00564807
-0.0250183
0.03973
0.00398503
-0.0216227
-0.016806
-0.0315655
-0.010108
-0.0447745
-0.0192648
-0.0166108
0.0246857
0.0476227
0.000537978
-0.0245859
-0.0032442
0.0400696
0.0125826
-0.0332979
0.0375752
0.0189727
0.0175078
0.037882
-0.00471549
-0.0365083
0.0198864
-0.0239634
0.0183113
-0.0409157
-0.0059947
-0.0179701
0.0174236
0.0334908
-0.0403267
-0.0231227
-0.0478608
-0.0455128
-0.000425249
0.0136083
0.0175784
0.0047004
-0.0456126
-0.00733059
-0.0462353
0.0429869
0.000275843
0.0180482
-0.0439753
0.0433237
-0.0264479
0.035153
0.0270177
0.0274023
-0.036032
0.0145817
0.0124952
-0.0264968
-0.019963
-0.0390774
-0.019012
-0.00366819
0.0210385
-0.0120104
0.00899901
-0.0405772
-0.0228836
-0.0035983
0.0127867
-0.0516903
-0.033554
-0.005304
0.00711882
-0.00150828
0.0418694
0.0220983
-0.0313052
-0.0288573
-0.041248
0.0134845
-0.0182555
-0.0445701
0.0276054
0.0135524
-0.000722113
-0.00453443
-0.0265358
0.0028687
0.0224164
-0.0316604
0.0373644
0.036622
0.0419293
0.0311874
-0.0279128
0.00457904
0.0347339
-0.0045531
-0.0200124
-0.000931555
-0.037372
0.00676592
-0.0381935
0.00541463
0.00247736
0.024287
0.0295145
0.0170235
-0.0359508
0.0458844
-0.00731152
-0.00676338
0.00628728
-0.0496642
0.0178633
0.0325096
0.0222534
0.0226851
-0.0254613
0.0371691
-0.0278952
0.013296
-0.0225873
0.0162367
-0.019241
0.0362766
-0.0361925
0.029034
-0.0359621
0.0106145
-0.0387954
0.0434531
0.0469158
-0.00893533
0.00912661
0.0319039
0.0256564
0.0438217
0.0387655
0.0070535
0.0139452
-0.0100646
-0.0328167
-0.037249
0.0151616
-0.0307682
0.0172823
0.0328557
0.0496207
-0.0475038
-0.0199303
0.0257089
-0.0432727
-0.0394647
-0.0301618
0.0173119
-0.0262162
0.0184933
0.00592864
0.0311933
0.0133825
-0.0600098
-0.0287241
-0.048481
-0.0273327
-0.000382413
0.0343947
-0.00587935
-0.0518804
-0.000424317
-0.0357393
0.0164988
-0.012998
0.0112535
-0.0384666
0.0278937
-0.0503853
0.0266701
-0.0148016
-0.0144703
0.0373203
0.0405717
0.0325744
-0.0307505
0.0183503
0.0393175
-0.0388689
-0.0369036
-0.0122353
0.00768518
0.0492462
0.0361624
0.0305654
-0.00968737
0.047638
-0.0572602
0.036037
-0.0435238
0.0287948
-0.0327413
-0.062591
0.00518017
0.00205429
-0.0270708
0.0454691
-0.044385
-0.0321681
0.0358425
-0.0234006
0.0465527
0.045506
0.0395722
-0.0487091
-0.0401413
0.0080294
0.025086
0.00701273
-0.035621
0.0424155
-0.0260065
-0.0246285
-0.0382594
0.0231071
0.0317435
0.0155666
-0.0452591
-0.00285178
0.0369345
0.0405617
0.0211131
0.0151666
-0.0353375
0.0324618
-0.0424973
-0.0291618
-0.0107293
0.0427678
-0.0132891
-0.00279215
0.0096166
-0.044623
-0.00961305
-0.0116017
-0.0232181
0.00354746
-0.0209184
0.0494951
0.014338
-0.0488365
0.0174858
-0.019819
-0.0243483
-0.0171598
-0.0308938
0.00101074
0.0335535
0.00237679
0.00135346
0.0140608
0.0273108
-0.0504398
-0.0333657
-0.00902654
-0.0203142
0.019095
0.0407431
-0.0374817
0.000852062
0.0151524
0.0134974
-0.0336873
-0.0156751
-0.0151327
0.0169272
-0.0371532
0.0485865
0.0302549
-0.00940388
-0.0335522
-0.0321884
-0.0106106
-0.0392044
0.00841208
-0.00439467
0.0509858
0.0398087
-0.0298103
0.0379911
-0.0252016
-0.0469784
0.0358772
0.0149902
0.0345132
0.00751706
0.0373101
0.0483762
-0.0682738
-0.0113264
0.057342
0.015107
-0.0013005
-0.0381568
0.0076107
-0.023467
-0.0278319
-0.0284567
-0.0152955
0.00400087
0.0422605
-0.0107995
-0.037168
0.00379533
-0.0446329
0.0362796
0.0274069
-0.026207
0.00106849
0.026437
0.00850628
-0.0469225
0.0218049
0.00254904
-0.0252362
-0.0156889
-0.0319771
-0.0349514
-0.000539419
-0.012875
-0.0429092
-0.0321774
-0.0424121
0.0316474
0.010878
-0.0282557
-0.0175658
-0.0611434
0.00392112
0.0352765
-0.075954
-0.025571
-0.0385845
-0.046448
-0.0488826
-0.0126059
0.0326931
-0.0234073
-0.00119931
0.0437706
0.0500641
-0.0271947
0.0445707
0.0015317
0.0447254
0.052898
-0.00184495
0.00955254
0.0146025
0.0475054
-0.0191098
0.0196579
-0.0249708
-0.0258821
-0.0120037
0.0103213
-0.0279053
-0.0169159
-0.020245
0.0193452
-0.0255672
-0.0456507
-0.00346632
-0.00988019
-0.0229315
-0.0336699
-0.0187904
0.0501154
0.0249715
-0.038266
-0.0570121
0.0367351
0.00997352
0.0344055
-0.00297771
0.00692163
0.0122992
0.0360227
0.0237414
0.0304767
0.00822179
0.0113674
0.0422881
-0.0226184
0.0140032
-0.0371117
-0.004031
0.0488614
-0.020584
-0.0335593
-0.0367387
-0.0458323
-0.0157765
-0.0470902
0.0373796
-0.0534838
-0.0211936
0.0382079
-0.0124706
0.0242115
-0.0366321
-0.0107703
-0.0257139
-0.000125716
-0.014193
-0.0115835
0.0143629
-0.0280765
-0.0298744
0.0206246
-0.0418684
-0.00605759
-0.035309
-0.022917
0.0275145
0.0177761
-0.0239923
0.0434704
0.0243349
-0.0398781
0.0367712
0.0453214
0.0332334
-0.0167629
0.0386794
0.00273497
-0.0263951
0.020254
0.0526198
-0.0361783
-0.040765
-0.0200265
-0.0305447
0.000114902
0.0352845
-0.0214718
-0.0402654
-0.000110806
-0.0481577
0.0452665
-0.00173631
0.0387215
-0.0380207
-0.00598927
0.0223412
0.0125469
0.0100816
-0.0124308
0.025516
0.037109
0.0475737
-0.0118046
0.0200988
0.0208526
0.00509863
-0.0252624
-0.0467526
0.0189013
0.0362445
-0.0134918
-0.0479773
-0.0320616
-0.0404909
-0.0372671
-0.0448251
0.0260779
-0.0494867
0.0191762
0.0153864
-0.0366713
-0.011792
0.0305886
0.00759374
0.0496868
-0.0247581
-0.0138779
0.0089324
-0.016828
-0.000520889
0.026218
0.0254934
-0.0287805
0.0247432
-0.0051021
0.00760091
-0.0145719
0.0198422
0.0435396
-0.0233704
0.0146284
0.0291443
0.0382222
-0.0436254
-0.0194748
-0.00386725
-0.00195862
-0.0366488
-0.0160574
0.0263638
-0.022741
0.0209249
-0.0231952
0.0129511
-0.0375168
-0.0259999
0.00728817
-0.026315
0.0166647
0.00672879
0.00327966
-0.0252696
0.0348439
-0.0241597
0.0442763
-0.00434757
0.0354635
-0.0331533
-0.0308087
0.022763
-0.00667512
-0.0254044
-0.0456942
-0.049412
-0.0243477
0.00382206
-0.0124573
-0.0225018
-0.0148578
-0.0392819
-0.0353839
-0.000413503
0.00459764
0.0428041
-0.00484946
0.0257704
-0.0312185
-0.0119206
0.0230356
0.0381789
0.0279573
0.0371626
0.00177187
-0.014281
-0.0300541
0.0253991
0.042093
0.0326076
-0.0397343
-0.0456099
0.00416026
-0.0282969
0.0497489
-0.0159883
0.0150197
0.0313301
-0.013536
0.0487029
-0.0362799
0.0380828
0.0467518
-0.0225233
0.0338618
0.00944679
-0.0442147
0.0288089
-0.0258501
-0.0480327
0.011909
-0.00262442
0.00957428
-0.0185369
-0.0424989
-0.0319127
0.0460366
-0.0478462
-0.0493032
-0.0363804
0.0114937
0.00154575
0.023832
0.0197255
-0.0100703
-0.0488137
0.00199381
-0.045658
0.0344309
-0.0141267
-0.0340547
0.012486
-0.0414013
0.0235617
-0.0184466
-0.0303524
0.0332948
0.0356886
-0.00381042
0.0243975
0.0171419
0.0315665
-0.00370162
-0.0214631
0.0316131
0.00377397
-0.0449715
-0.00881536
0.020894
0.0381912
0.0392803
0.0282016
-0.00758843
0.0177954
-0.00326406
-0.00211844
0.0388094
-0.0423301
-0.0173773
-0.00267504
0.0225155
-0.0169933
0.0189944
0.0273501
0.0152715
-0.00762363
0.0204892
0.0384692
-0.00919521
0.0354064
-0.0137237
-0.0383358
0.0446522
0.0116651
-0.00440309
-0.0411949
-0.045759
-0.0419608
-0.0195973
-0.0319096
0.0500984
0.00553588
-0.0486558
-0.0195581
-0.0036179
-0.0283393
0.0401443
0.0204586
-0.0210474
-0.000981697
-0.00404578
-0.0497791
-0.0209921
-0.0307222
0.04891
0.00171385
0.0206282
0.0248446
-0.0334407
0.0209432
0.00831837
0.0257902
-0.00585267
-0.0322499
0.0095138
-0.0364655
0.0277435
0.00336762
-0.0169278
-0.02795
-0.0191214
-0.0389307
-0.0234283
0.0425995
-0.0392545
0.0293267
0.0104718
0.0156713
0.0224509
0.00505111
-0.0168218
0.00222808
-0.0170401
0.00115162
-0.0246326
0.0481507
-0.0391271
0.0450971
-0.0174462
0.0117939
-0.0366797
0.00861044
-0.0361206
-0.00686869
-0.00904825
-0.0456361
-0.0070741
-0.0313486
-0.0336715
0.00644396
0.00318872
0.027428
0.0238418
0.00423712
-0.0249691
0.0473587
-0.0178883
0.0319026
0.0162927
-0.0340795
0.0191111
-0.0368107
0.0284327
0.00306743
0.0473615
-0.0274152
-0.0389499
-0.00938956
-0.0371509
0.0472022
0.0408425
-0.0409183
0.0139399
0.0181657
0.0165377
-0.0129314
0.0486675
0.0289837
0.00614389
0.0323104
0.0377325
0.0265349
0.00308192
-0.00746203
-0.0250913
-0.0110532
-0.0435574
0.0493141
0.0205711
0.0081606
0.0398854
0.00701051
0.0103205
-0.00439571
-0.0185631
-0.0235158
0.0400626
0.0405066
-0.0264329
0.0388105
-0.0144448
0.00337976
-0.0346128
-0.0034317
-0.0276096
0.00274952
0.00635138
0.030849
0.0429646
-0.0156555
-0.0223537
-0.0424677
0.0266106
0.0425396
-0.0288544
-0.0350817
-0.0245475
-0.0316488
0.0403645
0.0459566
-0.0430096
0.0205959
0.0360525
-0.012984
0.0486917
-0.00528374
-0.061433
-0.0316153
-0.0223647
-0.0236528
0.0088463
-0.00644349
0.00502399
-0.0274626
0.0519018
-0.0468102
0.0525259
-0.0318839
0.0382468
-0.0070048
-0.0485928
0.0120114
-0.0215049
-0.00840178
-0.047324
-0.0155553
0.0342975
-0.0494639
-0.0102135
0.0373585
-0.00299146
0.00825098
0.0474292
0.0313613
-0.0181211
0.0111468
0.027689
0.038951
0.0299707
-0.010917
-0.00782336
-0.0365713
-0.0403049
0.0126046
-0.0349322
0.0399076
0.0155818
-0.00445875
-0.00735727
-0.0155264
0.0134641
0.0266026
-0.0330369
-0.012585
-0.00063622
-0.0305044
0.0176416
0.00971483
-0.0108989
-0.00765619
0.0280573
-0.0316435
0.00404391
0.0139135
-0.0411782
0.000968772
-0.0299102
-0.022297
-0.0421104
0.003987
0.0163516
0.0201555
0.0209576
-0.0205716
-0.0248406
0.0426889
0.00816762
-0.045359
0.0095733
-0.020001
0.0160085
0.0136432
-0.00258237
-0.0467318
-0.0402388
-0.0244597
-0.0354139
-0.0445608
-0.0416764
0.0392431
0.00102244
0.00408075
0.0383961
-0.0170842
-0.0131607
0.0115346
0.0300006
-0.0183866
-0.0383446
0.0206929
-0.00795393
-0.047791
-0.0363505
0.0179465
0.0286317
-0.0459612
0.0269664
-0.0127331
0.0340987
-0.030749
0.0329019
0.0182197
0.0145622
-0.0167567
0.0415522
0.0416758
0.032021
0.0403443
0.0219889
0.0277101
-0.0489588
0.0122726
0.00823828
-0.0155967
0.00684962
-0.0474196
-0.0188943
0.0201448
-0.0546617
-0.0149342
-0.0126065
-0.0423188
0.0402859
0.0357588
0.0182507
-0.00610142
0.0230608
0.0339063
0.00797846
0.00254668
-0.0219157
0.0216067
-0.0355701
-0.0207654
-0.0168125
-0.0412012
-0.0249222
0.0380909
-0.0340957
0.0285407
0.0524631
-0.0222454
-0.0414384
0.0174784
-0.0229547
-0.0322603
0.0188055
-0.00602773
-0.0397216
0.031183
-0.01016
-0.0333992
-0.0328432
-0.0346734
-0.0072506
0.00701932
-0.0164009
-0.00288528
-0.0118405
-0.0278735
0.0218334
0.0193037
-0.0220803
0.0440552
-0.0422591
0.00582251
-0.0137435
0.0494211
0.00188713
-0.0418776
-0.0380756
-0.0203292
0.0476847
0.0134612
-0.0239125
-0.0140184
-0.0388443
-0.0374139
0.0298567
0.0264043
0.0251664
-0.037415
0.0167741
-0.0480958
-0.000126461
-0.0166935
0.0274214
-0.00716963
-0.0391281
-0.00666546
0.0450038
-0.0356636
-0.0463878
0.0413007
0.0506539
0.0436152
-0.0240629
0.0191349
-0.0223821
-0.00303509
-0.0013128
-0.0339943
0.0185141
0.0255303
-0.0474535
-0.0358179
0.0477457
-0.0127672
-0.0427301
-0.0379097
0.0336169
-0.00778309
0.00637386
-0.0236767
0.018024
-0.000504382
-0.0491423
0.0156468
-0.0388978
0.0203701
0.0305029
-0.0264639
-0.0453487
0.0384308
0.0439734
0.020908
0.0427513
0.0460358
0.000307714
-0.0343812
0.00146588
-0.00230753
0.0321893
0.0126957
0.033313
-0.0148676
0.0302662
-0.0338314
-0.0158658
0.0263065
-0.053768
0.0019278
0.0433614
-0.0148813
-0.0470771
0.0221293
-0.0261589
-0.0411731
-0.0277386
0.0449757
0.00155683
0.00740839
0.0334048
0.0245316
-0.0268635
0.0106946
0.0433082
-0.00699507
0.00265568
0.0518239
-0.0382908
0.0164583
0.0186119
-0.0227165
0.0423713
0.00435959
0.0135686
-0.0295899
-0.037503
-0.0226835
0.0481761
-0.0275663
-0.0410511
-0.00289324
0.0343099
-0.0138722
-0.040287
-0.0333653
0.043745
0.0238407
-0.00580457
0.00705649
0.0420337
-0.0391136
-0.00254932
-0.0209695
-0.025303
-0.0419043
0.0471345
-0.0483412
-0.0289358
0.0413147
0.00626577
-0.0484636
0.00733472
0.00408312
0.0439206
0.00876799
-0.0342263
-0.0148005
-0.0256535
-0.0310262
0.0398332
-0.00219367
-0.05136
0.0273456
0.00997209
0.018366
0.0302498
0.00748278
-0.0409342
0.0384673
0.0216134
0.00808651
0.00268164
-0.0212066
0.0408608
-0.0503444
-0.00632316
-0.00689043
-0.0498813
-0.0469246
-0.00507348
0.0108688
0.00623176
-0.0374304
-0.00148679
-0.0107278
0.0360653
-0.03242
0.00127682
0.0220591
0.00942355
0.0273601
0.0309082
0.0445712
0.0467807
0.0324186
-0.0302401
0.0133203
0.00979721
0.0419614
0.0482641
-0.0224075
0.0381274
0.0220304
-0.00947911
0.0501351
0.0262293
-0.0097479
0.0299238
-0.0344574
0.0190162
0.0256429
0.028265
0.029484
-0.0267434
-0.0374126
-0.00561295
-0.0196307
-0.0102456
-0.0151716
0.0332017
-0.0359321
0.038173
-0.0505654
0.0379491
-0.0181677
-0.0340497
0.0114051
0.00490967
-0.0164149
-0.0371487
-0.0169113
-0.0266426
-0.0378975
0.00983611
-0.0224412
0.0147882
-0.0492522
0.0436973
-0.0507275
0.0214826
-0.0339842
-0.00397163
-0.0430947
0.0150456
-0.0453085
0.0370038
-0.0217968
0.0341448
-0.0237639
-0.0443704
0.0256328
-0.0201843
-0.014593
-0.0275352
-0.0359307
0.0277325
0.0198959
-0.0246255
0.0512752
0.0325171
-0.0447636
-0.00820602
-0.0166492
-0.0342509
-0.0349178
-0.0274861
-0.0132176
0.00855971
-0.0469401
0.0116251
0.024067
-0.0400917
0.0341854
0.0102572
0.00101391
0.0208981
-0.0448089
-0.046615
-0.0479943
0.00966155
-0.0053073
-0.0295153
0.0340461
-0.0436106
-0.048525
0.0243377
-0.00506346
0.0313062
0.0332125
-0.0461067
-0.0235038
0.0505533
0.00256188
0.0219404
-0.0346442
-0.0180122
-0.0343718
-0.0475464
0.00940718
-0.029381
0.0188789
-0.0367257
-0.0284462
0.0119664
0.0395466
0.0492571
-0.0142171
-0.0035139
-0.0438497
0.0234316
0.0423409
-0.01813
0.0138605
0.0326667
-0.00397749
-0.00803132
0.0204391
-0.0269121
-0.000792809
0.0126539
-0.00717997
0.00291917
0.00202197
-0.0372111
0.0435227
-0.00713068
0.0151596
-0.0231272
0.023599
0.0401646
-0.0242291
0.0489796
-0.00758145
-0.00287807
0.0331803
-0.0441497
0.00668037
0.00242968
-0.01016
0.0162796
0.0127093
0.0458228
0.0203816
0.0487644
-0.0434778
0.0337037
-0.00997369
0.0120734
0.0329935
-0.00464138
0.0408431
0.0114273
0.0417454
0.0209667
-0.00339593
0.0152823
0.0346821
-0.00262959
0.0103478
-0.00533021
0.0169776
0.018163
-0.00586704
-0.0405061
0.021331
-0.0191792
0.0148594
-0.0309434
-0.0188429
0.0266374
-0.028262
0.0367643
0.0422953
-0.0228103
-0.0244003
-0.0316124
-0.0437676
0.040935
0.0412419
0.042461
0.0282903
0.00893466
0.0053891
0.00197136
-0.0378792
-0.116043
-0.00304559
-0.000994203
-0.019339
-0.0511658
0.0527629
0.012926
-0.0318154
-0.0186116
0.0313619
0.040193
0.0347649
-0.0241969
-0.0264164
-0.0459253
-0.0264459
-0.0459227
-0.0453232
0.0335584
-0.0328957
-0.00327366
0.0134859
-0.0487558
0.0406031
-0.00976001
-0.0430037
0.014115
0.0336461
-0.0498904
-0.0481592
0.0467087
-0.0426373
0.0305112
-0.00693513
0.0502781
-0.088114
-0.0262336
0.0401397
-0.0773185
-0.0789926
0.0171525
0.010315
0.010886
-0.0367286
-0.0819143
0.0148481
-0.0261793
-0.0206702
0.00142639
0.0187515
-0.0244639
-0.0122373
-0.0133968
-0.0298569
-0.0368504
0.0101981
0.00593906
-0.0104183
-0.0288631
-0.0303995
0.00478743
-0.0425703
-0.00302675
0.00363177
-0.0583928
-0.0222477
-0.0284744
-0.0166427
-0.0486962
0.016868
-0.0387471
-0.0168988
-0.0227568
0.0208707
0.0250945
0.000979656
-0.0114417
-0.028994
0.041883
0.0458292
-0.0234323
0.00645658
0.0335226
0.00687596
0.010892
0.0486132
0.0225559
-0.0567823
-0.0118266
-0.0270753
-0.047037
0.0390441
0.0445967
-0.00347489
0.0204125
-0.0158999
-0.0187057
-0.0498849
0.00697512
-0.0546425
-0.0297303
0.0231844
-0.00283828
-0.0287905
0.0155394
0.0372943
0.0205363
-0.0248088
-0.0314984
-0.0133487
0.0334662
0.0255573
0.00987835
0.0426698
0.000102237
0.0125017
-0.00491424
0.0301451
-0.0116631
-0.0152185
0.0126268
0.001199
-0.0102925
-0.0497861
0.0270194
0.0350719
7.01569e-005
0.0501841
-0.0317773
0.031673
-0.00649431
-0.0346179
0.0325719
0.00866283
-0.0502199
0.0357143
-0.0139582
-0.0171361
0.0356814
-0.0422079
0.0331715
-0.0185291
-0.0363248
0.0267129
-0.0244066
0.00433805
-0.0416452
-0.0123189
0.0314431
-0.0332509
-0.00278934
-0.0360267
0.0312226
0.0313629
0.0362188
-0.0163404
-0.0077066
0.0315285
-0.00823732
-0.03386
-0.0471979
-0.0197265
-0.0430058
0.0137826
0.0111456
-0.0391774
-0.00493515
-0.0214263
0.0372826
0.0491697
0.0186075
-0.0481139
-0.00106726
-0.0389307
0.0102996
0.0174214
0.00562536
0.0409663
-0.0312877
-0.00120075
0.0388626
0.0454642
0.012418
-0.0147009
-0.0179904
-0.0075016
0.0338718
0.0261909
0.024445
-0.0494368
-0.000467098
-0.0386928
-0.0455235
0.0208775
0.00513572
0.0458464
-0.0202512
-0.0472923
-0.0374558
-0.0127734
-0.0158871
-0.00714094
0.0120223
0.0267149
0.0426056
-0.0350806
0.00128267
-0.0509808
-0.012612
-0.0400397
0.0377703
0.00537719
-0.0378132
-0.0327484
-0.0257597
-0.0137134
-0.0288109
-0.0283672
0.0406394
0.0391447
0.0392585
-0.00726132
-0.0406046
-0.00762497
0.0346643
-0.0376052
0.028361
0.0454007
0.0385923
0.0270106
0.00635112
-0.044552
0.0329446
0.0400853
-0.0148334
0.0455161
-0.0357441
0.0368065
0.0108485
4.75489e-005
0.0151825
0.0433577
-0.0387508
-0.0321305
-0.0412532
0.0447198
-0.0490638
-0.0463614
-0.00548805
0.0321707
0.00605868
0.00199433
-0.0256617
-0.0461784
0.00688019
-0.0324485
0.015905
-0.0515339
0.0354258
0.0181521
0.03184
-0.0346914
0.0291166
0.0374506
-0.0367736
-0.0158109
-0.0236343
-0.0270749
0.0233578
0.0396082
-0.00450149
-0.000353974
0.0439935
0.0390025
0.0174796
0.0184865
-0.049705
0.00724157
-0.00414221
-0.00443415
0.0117018
-0.0124271
-0.00995892
-0.0493801
-0.00153104
-0.0360045
-0.020377
0.0160848
-0.00575867
0.0162903
-0.0129022
-0.0469927
0.00816476
0.0304164
0.0117846
0.028023
0.0292868
-0.0276234
-0.0387427
-0.0497156
0.00518637
-0.0408603
0.0167768
0.000150587
0.0107448
0.0433908
0.0129661
-0.00286524
0.0413182
-0.0012121
-0.021504
-0.0265756
-0.0218731
0.0384332
-0.0493098
0.0368585
-5.98968e-005
-0.04544
0.00812454
0.0352287
-0.0493752
-0.0503161
0.012069
0.0147285
-0.0264414
-0.0484456
0.0323824
0.0358227
-0.0360641
0.0325501
-0.0219464
0.0196739
0.0108193
-0.0225817
0.0365276
-0.000111575
0.0342253
0.0463081
-0.0518317
0.0159429
-0.00185014
-0.0149709
-0.0400515
-0.00506273
0.00351962
0.018958
-0.043288
-0.0063931
0.021347
-0.0177298
-0.0536888
0.024547
0.0304586
0.0158052
-0.00553202
0.00186975
0.0282566
0.0411176
0.00944547
-0.0242197
-0.0149055
-0.0552655
0.0301485
0.0041521
-0.00474077
0.0155989
0.0226728
-0.0354609
0.00883085
-0.0301797
0.0201276
0.0107227
-0.00687991
0.0375118
0.00625688
0.00253333
0.00583491
-0.0257481
-0.0304824
0.0338762
-0.00535499
0.0117122
0.0297636
-0.0139327
-0.0158919
0.0367651
-0.0125795
0.0474327
0.0445112
0.0466233
0.00642353
0.0164172
-0.0241527
-0.0226218
-0.0390752
0.0332414
-0.000392484
0.00817826
-0.0419022
-0.0414596
0.0173166
0.0446468
-0.0401763
-0.0327516
-0.0488973
-0.0428681
0.00893757
-0.0330354
-0.0440282
-0.0284293
-0.0383758
-0.0139758
0.00925554
0.0265268
0.0259188
-0.00757311
0.0282455
-0.00815228
0.0144009
-0.00397562
-0.026101
-0.0308393
-0.0450636
0.0205007
0.0154129
0.0275256
0.0296192
0.00831837
0.0314349
-0.0255493
0.0204017
0.00707677
-0.00312044
0.0230592
0.0415941
-0.0186153
0.00234747
0.0432939
0.0349523
0.00885144
0.0106541
-0.0360364
0.00572254
-0.0468486
-0.0283274
0.0283455
-0.0441967
0.00303193
0.0209265
0.0341568
0.0292873
0.00944833
0.0293307
0.0250506
0.0335934
-0.0138258
0.0394975
-0.0186073
0.016915
0.033259
0.0329309
-0.0205103
-0.0469761
-0.022785
-0.0178027
0.0460966
-0.0121189
0.041471
0.0146551
0.021712
0.04172
0.00473605
0.00681708
-0.0338922
-0.0169548
0.0302265
0.0262646
0.0370014
-0.00716892
-0.0138341
-0.041428
0.00735707
-0.0418846
0.0199976
0.0324491
-0.0208812
-0.0338394
-0.036303
-0.0147129
-0.00397858
0.039963
-0.00310183
0.0281266
0.00269605
-0.023455
-0.00857133
-0.0283369
0.0121329
0.0379214
0.0367891
-0.0273466
0.0303378
0.0289911
-0.0469898
-0.0320384
-0.0279639
-0.0370776
-0.0013495
0.023512
-0.0319741
-0.00580667
-0.00414907
-0.019674
-0.0320863
0.0194683
0.0293424
-0.0360046
0.0317878
0.0444519
-0.0179729
0.0517162
-0.0130428
0.0236346
-0.0126844
0.00585114
0.0273734
-0.0403947
-0.0288407
-0.0312745
0.00983004
-0.0103539
0.0167772
0.0316682
0.0327857
-0.00713708
0.0024972
-0.0277988
0.00944514
0.0387181
0.0414219
-0.0286998
-0.0128661
0.0264374
-0.0157096
0.00713531
-0.00554564
0.011525
-0.0294476
-0.00739636
-0.0122468
-0.00799908
0.00508498
0.00980161
0.037591
0.000561013
-0.0270518
-0.0285668
-0.0236054
-0.00767344
0.0155501
0.0293749
-0.048851
-0.0300241
-0.0466885
0.0139739
-0.0108943
0.0071057
0.019657
0.00451917
0.0141295
-0.0126247
0.0294039
-0.013314
0.0414588
0.0336813
0.0390312
-0.0501476
-0.0147052
0.00189149
0.0357777
0.0413935
-0.0048303
0.0232932
-0.0330576
0.0367021
-0.0185711
0.0275652
0.0177264
-0.0441695
0.0363471
-0.0355248
-0.0372799
-0.00920297
-0.0490606
0.0140724
-0.0148454
0.00431778
-0.0116494
-0.0291766
0.0474277
0.00474734
0.0500265
0.00156914
0.0117251
0.00543167
0.0148936
0.00669654
0.0442548
-0.0151927
0.0261484
0.0504247
0.0116985
0.050595
-0.0423187
-0.0475427
0.0438865
-0.0398087
0.0347407
-0.00179566
-0.0240956
0.0233767
-0.0415345
-0.0215876
-0.0394151
-0.0288073
-0.0351754
0.0359148
-0.0456327
0.0156615
0.0339134
-0.0249602
0.0462443
-0.000379749
-0.0403885
-0.0255617
0.0485382
0.0270878
-0.00182336
-0.00804003
-0.0393675
-0.0458836
-0.0331071
0.054508
0.00191691
-0.00945113
-0.0110686
-0.00168996
0.00516288
-0.00385331
-0.0237496
0.0184047
-0.0099783
-0.0176462
0.00135307
0.00867675
0.0347129
-0.0235331
0.0296264
-0.0222461
-0.00380956
-0.0193946
0.0418334
0.0100441
0.021606
-0.00124292
-0.0382565
-0.00302912
-0.0282621
0.0373846
0.000443686
-0.00616397
0.0386234
0.0311131
0.0183936
-0.0197034
-0.0439777
-0.0314441
0.00258264
-0.00749259
-0.0015838
0.0459835
0.0505535
-0.0350932
-0.000908527
0.0193839
0.0201801
-0.0135564
0.0192205
-0.0193443
0.0421118
-0.0389745
0.01699
-0.0319331
0.0477934
-0.00136355
0.0226498
-0.0208047
0.0260022
-0.0285422
0.0145116
-0.0180547
0.0514239
-0.0483076
0.0289871
-0.00388448
-0.0313491
0.0355182
-0.0269119
0.00338318
-0.0433934
-0.0455556
-0.027943
-0.0271276
-0.0393589
-0.0367777
0.0255072
0.0265673
0.00399289
-0.0218937
0.0219061
0.0347937
-0.0458496
0.0423481
0.0451645
-0.0373797
-0.00397541
0.00968269
0.0342981
0.0107079
-0.00119602
-0.00233779
-0.00158966
0.0138826
-0.0191096
-0.0132465
-0.0437604
-0.034367
-0.0484887
-0.00966347
-0.0257674
-0.0414529
-0.0125368
0.0261498
-0.0432048
0.0320372
-0.0119976
-0.0128188
-0.0113161
0.0266223
0.0421916
0.0329388
-0.0463433
-0.0285587
0.0105427
0.0445295
-0.0367455
-0.0069113
-0.0444087
-0.00608878
-0.0102666
0.0223681
-0.0200889
-0.0197987
0.0349967
0.0309624
-0.0450607
0.0421526
-0.0341972
-0.00548337
-0.0107064
0.0443953
0.0356816
0.0155616
-0.0160831
0.0271044
-0.0314186
0.0501286
-0.0369372
-0.0324777
-0.00890641
-0.0190043
-0.0421638
0.0110846
0.00536862
0.00321484
-0.01248
0.022742
-0.0193105
-0.000916334
0.00308473
0.0136982
-0.0459118
0.0401892
0.0500926
0.0261201
0.0245449
0.043642
0.0396958
0.0352739
-0.0497462
0.045962
0.0497764
-0.00193646
-0.0267587
-0.0118512
0.0259782
0.00882898
0.0359739
0.0346613
2.95625e-006
0.000408674
0.0359215
-0.025003
-0.0229138
-0.0266505
-0.0249258
0.0193266
-0.0408278
0.0233191
-0.0290137
-0.0356449
0.0366891
0.0283272
0.0294968
-0.044754
0.0412251
0.0438494
-0.0373097
-0.00861743
0.0228691
0.0348619
0.0501774
0.0283784
-0.0361594
0.00608803
0.00849853
0.0122311
-0.00525868
-0.00693433
0.0171892
-0.0338374
-0.0372973
-0.0215972
0.00631673
-0.0140565
0.0275813
-0.00972482
0.0101917
-0.017697
0.0361131
-0.0239761
0.00373449
-0.0119603
-0.0340324
0.0154858
-0.00929361
0.0377426
-0.052252
-0.045568
0.0347039
-0.0230758
0.0112969
0.032662
0.00595555
-0.0347684
-0.020883
-0.024158
0.0104943
-0.0517328
-0.0230643
0.0352407
0.0175159
0.00717035
-0.0171138
-0.0130247
-0.0169763
0.0107226
0.0129627
0.0149916
0.0377573
0.036009
0.0110094
-0.0175151
-0.0360742
-0.00285108
0.00919156
0.00953876
0.0179335
-0.0447111
-0.0302087
-0.0325733
0.00788243
-0.0131309
0.00849507
0.0433343
-0.0182626
-0.0459026
0.035784
-0.0420157
0.0450002
0.0345731
0.052779
-0.0134823
0.0144483
0.0205521
-0.00622055
-0.019161
0.0432543
0.0425921
-0.0250407
-0.0233438
-0.0324062
0.0211281
-0.0250926
-0.024582
-0.0139419
-0.0208671
0.0306777
-0.0380065
0.0332545
0.0234584
0.0157882
0.00512837
-0.0467935
0.0400254
-0.037509
-0.0420034
-0.000227689
0.0304531
-0.025235
0.0244704
0.0112842
-0.0492747
-0.0296545
-0.00770091
0.0291975
-0.0041304
0.0312968
-0.00975189
0.0362064
0.0448363
0.00851865
-0.020562
-0.0336121
0.0168237
0.00674287
-0.00267715
0.0182392
-0.00138401
-0.0326807
-0.0302762
0.00339953
-0.0489351
-0.0143314
0.00010262
0.0221277
0.00402464
0.0237482
-0.037243
-0.0354105
0.0927638
0.0023728
0.00209155
0.0102668
-0.0380839
0.011964
-0.0125926
-0.00571851
0.0589161
0.0154366
-0.0271906
0.0142464
-0.0125365
0.0231443
0.0267175
-0.0327025
-0.00200009
-0.00470845
0.0102127
0.00442597
-0.0286489
-0.00444209
0.0477036
-0.0459814
0.0321814
-0.0446731
-0.0461755
-0.038635
-0.0383847
0.0563198
-0.00809212
-0.0178374
0.00229465
0.00245268
0.026887
0.0511283
-0.0331419
-0.0393414
0.0462926
0.0241761
0.0353783
0.000629147
-0.013809
0.0155992
-0.000295043
0.0434227
0.01127
0.0220736
-0.0397207
0.0464235
0.0357235
-0.0439813
-0.0501806
0.0131744
-0.0395472
-0.0377426
0.0209284
-0.0293037
0.0185783
0.0218247
0.0427729
0.0194147
0.0124194
-0.00923115
0.00928228
-0.00743929
0.0206372
0.0299055
0.0441052
0.00492883
0.0380266
-0.0335394
0.0265051
0.0128108
0.0373872
-0.00400802
0.0114756
0.0182106
0.00982413
2.60589e-006
-0.0053582
-0.0207984
-0.028569
0.0119078
0.0192966
0.0377068
0.0139421
-0.0214077
-0.0326678
0.00221982
0.0179381
0.00661378
-0.0316429
0.0383687
-0.0304508
-0.0415526
0.0564941
-0.0110725
-0.0194755
-0.0275473
-0.0439401
-0.0441653
0.00279951
0.0151674
-0.04695
-0.0236696
0.0185033
-0.0505856
-0.00792648
-0.0131246
0.00443535
-0.0253433
0.0452706
-0.0345699
0.0161779
-0.0393915
-0.0351497
-0.0404687
-0.0194781
-0.0561507
-0.0100279
0.0249707
-0.0105527
-0.0483363
0.0190628
0.0161167
-0.0330881
-0.0460159
-0.033909
0.0368417
0.00493293
0.00888315
-0.0462672
0.0305671
0.00863139
-0.00964172
0.0194734
0.00495711
-0.0388722
0.00158805
-0.0293591
0.00157288
-0.00502928
-0.00451161
-0.018336
0.0225072
-0.0695968
0.0024063
0.0156447
0.0302628
-0.0405755
-0.0370091
-0.0181591
-0.0412221
-0.0213223
-0.0424881
0.00460049
-0.0280846
0.0128104
-0.0226606
-0.0204227
0.00164631
0.00213256
0.0139333
0.0314228
0.0226828
0.0343681
-0.00762132
0.0128093
0.0418103
-0.0363897
-0.0478093
-0.0123674
-0.00910293
-0.0511919
0.0207821
-0.0150803
-0.0299927
-0.046369
0.0509073
0.0268801
-0.00727617
0.0188201
0.0132986
0.0281658
0.0103621
0.00507311
0.0130577
0.0444424
-0.0406174
0.0449219
-0.0251878
0.0234048
-0.0105584
-0.017927
-0.0174873
0.0345764
0.052994
0.0287064
-0.0496392
0.0195492
0.0401487
0.0306033
0.00150886
0.0300622
0.0463272
0.0175533
-0.0235314
0.0339586
-0.0148146
0.0161148
-0.0249922
0.0165343
0.0287231
0.0353713
0.0156802
-0.00410824
0.0396619
0.0475487
0.0308615
-0.0335198
0.0350648
-0.00425615
0.00243896
-0.01143
-0.0225339
0.00278785
0.0103076
-0.0128357
0.00115893
0.0174502
0.0047001
0.0117656
-0.0100609
-0.0357925
0.0313265
0.0331702
-0.0328662
-0.0255469
-0.00682622
-0.0328473
0.0311333
0.0213369
-0.0121802
-0.0398574
0.0258266
0.0174272
0.000369587
-0.00994365
-0.029383
0.0287828
-0.00499437
0.0141366
-0.0424999
0.0365897
-0.00299726
-0.00136388
-0.0190503
-0.0389858
-0.0413144
-0.0231532
0.0392409
0.00125505
-0.0474106
0.0147731
0.0140774
-0.0201144
0.0176408
-0.0195489
-0.0282897
-0.0123399
0.0335327
-0.0254497
-0.000841221
0.0222616
0.0441744
0.00524026
-0.0463942
0.0126764
0.0290699
0.0384513
-0.0122193
0.00713351
-0.0508761
0.0466062
0.0402895
-0.0417096
0.0246452
0.0309546
-0.0283401
-0.00829457
-0.020322
0.00664662
0.00254928
0.0257662
-0.0391655
-0.0365896
-0.0275745
0.0055708
0.0265205
-0.0294239
0.0400185
0.00111961
-0.0408988
0.00493991
-0.023737
0.0487866
0.0357582
0.0402837
-0.0502766
0.0198015
-0.0183751
0.0249989
-0.0483656
0.0333302
-0.0278095
0.0221732
-0.0262998
-0.0359183
-0.0196125
-0.0054894
-0.00483858
0.00386117
0.0161179
0.011866
-0.00486593
0.0391399
-0.0103499
-0.0489345
0.0363525
-0.0190758
0.0153047
-0.0284992
0.0123804
0.0206595
-0.0406641
0.0209413
0.00132556
-0.0345373
0.0202051
-0.0503684
0.0424703
-0.0396745
-0.0283032
0.0163699
-0.0148358
-0.0230984
0.00958029
0.0138503
-0.00100693
-0.00668827
-0.00449961
-0.0179738
0.0205862
0.00733917
-0.0137573
-0.0517844
-0.0143153
-0.0487448
-0.0389638
0.0380685
-0.0236757
0.0184036
0.0316389
-0.0271781
-0.0188136
-0.0566356
0.0185309
-0.0368914
-0.0131177
0.00727656
0.0352937
-0.0376856
-0.0368172
0.0180703
-0.0294986
-0.0274596
-0.0231863
-0.0140145
0.00682568
0.0103583
0.0238931
-0.00884672
-0.0245481
0.00503845
-0.00122929
0.0173893
0.023308
0.0278752
-0.00647867
0.0287049
-0.0364544
-0.0483767
0.00612541
0.0258267
0.0139782
-0.0368015
-0.0383459
0.0210439
0.0171598
-0.0494625
0.0161441
-0.0444559
-0.00414606
0.0441478
-0.00675645
-0.0365202
-0.0300045
-0.000307054
-0.0206784
0.0298969
-0.000498609
0.0377594
0.0214053
0.00352146
0.0232653
-0.018045
-0.000566622
-0.0275609
0.0261483
0.0468879
0.00213323
-0.0109481
-0.0103632
0.0111485
0.00802391
-0.0102955
-0.0091546
0.00238877
0.0263899
0.0259264
0.0043352
-0.0258878
0.0152048
0.0064718
0.0216142
-0.0382699
-0.00461388
-0.0398547
0.00507344
0.0072214
0.0166427
-0.0259481
0.00973463
0.0377507
-0.0457228
-0.034964
0.0137699
-0.0312372
0.0303791
0.0208521
0.0388232
-0.0390969
-0.0195186
0.00558183
0.0329715
0.000530607
0.0289085
-0.0338702
-0.0174847
0.042769
0.00804143
0.0137437
-0.0321941
0.00677928
-0.00562049
-0.0291831
0.00109319
0.0375178
-0.0332396
-0.0282456
-0.0218391
-0.0275743
-0.0411623
-0.0122342
-0.0492739
0.0144221
0.0071635
0.0225624
0.0395951
-0.0425162
0.0259848
-0.0302677
0.0226058
0.0348214
-0.0418532
-0.00683691
-0.0278762
-0.000844917
0.00885685
-0.0448126
-0.00352188
-0.00756733
-0.0306387
-0.0104568
0.0126735
-0.00229077
0.0257642
-0.0404517
-0.0334167
-0.00657433
0.0119534
-0.0150591
-0.00774138
-0.0414337
-0.0215639
0.0457347
0.0382289
-0.0404071
-0.0330301
0.0444835
-0.0343613
-0.050355
-0.0190695
0.016617
0.010136
0.0018788
0.0188698
0.0508004
-0.0350507
-0.0494176
0.0163746
-0.0154825
0.0436086
-0.0337039
-0.0489701
-0.00200522
0.0249965
-0.0260134
-0.039701
-0.0143554
-0.0291177
0.0250961
-0.0369173
-0.029164
0.0261334
-0.00964434
-0.0243187
0.0262547
-0.0416456
0.0188751
-0.0187133
-0.0335617
-0.0492473
0.0121506
-0.0298031
-0.0040103
-0.0435107
-0.0399056
0.0350999
-0.0185491
-0.00349738
-0.024269
-0.00210934
0.000614223
-0.000321339
0.0163239
0.0126272
-0.0571257
0.0200285
-0.0348554
-0.0289745
-0.0338524
0.00532864
-0.00855375
0.0472375
0.00970549
-0.0546032
0.00348827
0.0448372
-0.00100156
-0.0015132
0.0400609
0.0284394
-0.0455976
0.0433043
0.0370387
0.0210606
-0.00840507
0.0222887
-0.0174758
-0.013415
-0.00669992
-0.0128853
-0.0279939
-0.0336307
0.00153731
-0.0402731
0.0129944
-0.01159
0.00760076
0.00248962
0.0199648
-0.0355053
0.0132647
0.0188427
-0.0405627
0.0230743
0.0146298
-0.0408861
-0.0399291
0.0106087
-0.0333272
0.0308931
0.0357355
0.0240657
-0.0360902
-0.00664971
0.0163159
-0.0352297
-0.0322553
0.0230757
-0.0562529
0.0278465
0.00236761
-0.00304173
0.0360756
0.00926625
-0.0382514
-0.00939133
-0.00970837
0.0202011
-0.0342737
0.0199464
0.0329926
0.0295518
-0.0210802
0.00870974
0.0203336
-0.0299691
0.0154213
0.0176953
-0.0364877
0.0136135
-0.00700776
0.0391081
0.0227395
-0.0302081
-0.00768926
0.0238486
0.0249901
-0.0338059
-0.0249178
-0.0385281
-0.00560677
-0.0175605
0.0204714
0.0367475
0.0309259
-0.00719516
0.00227504
-0.045648
0.022239
0.00961935
0.0246834
-0.0183586
-0.0438349
0.0173104
-0.0304734
-0.0137255
0.0398546
-0.0263306
-0.0109195
0.0214562
0.0467678
0.0225983
-0.0267821
-0.0325707
0.0305484
-0.0303974
-0.0423727
-0.0118495
0.0214427
-0.0109788
0.0339652
-0.0279491
0.0500232
0.0286538
-0.0381601
0.00920485
-0.0310666
-0.0117632
0.0231579
0.00689879
0.0510424
0.0241955
-0.0118194
-0.00308428
-0.0339326
-0.0252894
0.000184517
-0.0098934
-0.0370782
0.0228294
-0.0254901
-0.042999
0.0269212
-0.029168
0.0089866
-0.0224466
-0.0318462
0.0115092
0.0537982
0.0494638
-0.00148804
0.00732634
0.0321463
0.0227921
-0.0293734
-0.0141919
-0.0408435
-0.0168922
-0.006779
-0.0110539
0.0245093
-0.00374528
0.0110728
0.00532514
0.00744801
-0.0497746
-0.0225955
-0.00372077
-0.0126321
-0.0277897
0.0163372
0.0417533
0.0496578
0.0462179
0.0209208
-0.0210915
-0.0126998
-0.000268755
0.0216071
0.00752676
-0.0468633
0.045001
0.00649619
0.0430199
0.00631822
0.0222425
-0.0212209
0.0147508
0.0303733
0.0152139
-0.0189364
0.0395913
0.0212325
-0.047307
-0.043613
-0.0282446
0.027232
-0.05071
-0.0222646
0.0218481
0.0188496
0.0432681
0.00370458
-0.0390002
-0.0447224
0.0204496
0.0146339
0.0323113
0.012542
-0.0302481
0.0223145
-0.0289576
0.0346894
-0.0420401
-0.0279495
-0.0373241
0.00221204
0.00275821
0.00108463
0.00956968
-0.0032842
0.0062038
0.0170642
-0.0420031
-0.0190973
0.00195522
0.00495793
-0.0122113
0.0262293
-0.0152024
0.007035
-0.00392567
-0.0136021
0.00980265
-0.0127689
0.0371527
-0.0203427
-0.0362551
-0.0425372
0.0422234
-0.030632
-0.00717799
0.0414188
-0.0397532
-0.0276474
-0.00952261
0.02524
0.0210311
-0.0424039
-0.0272502
-0.0331264
-0.0323242
0.0330277
-0.0355257
0.0256441
-0.00302782
0.0402388
-0.0365369
-0.0392054
0.0133974
0.0270331
0.0297538
0.00993233
-0.0370563
-0.0214047
-0.0186243
-0.0142924
0.0230639
0.0301607
0.0294982
0.00645081
0.0469262
-0.0234145
0.00910009
-0.0355434
0.0250711
-0.0445433
-0.000875058
0.0161132
0.0218777
0.00312489
-0.00535905
0.0205877
0.0430118
-0.0384811
-0.0495122
-0.029226
0.0204633
-0.0220757
0.044502
-0.00361009
0.0375573
0.0329762
-0.00168768
0.0040654
-0.0163633
-0.0088475
0.0475902
0.00467483
0.0164367
0.0353314
-0.0407364
-0.0376902
0.00175976
0.042004
0.000411211
0.00897053
0.0284964
-0.0270831
-0.0343398
0.0467155
0.0410297
-0.0344773
-0.0288367
0.0169614
0.015972
0.036332
0.00354043
0.0377164
0.0160797
0.0153742
0.0395899
-0.029011
0.0292318
-0.0443498
0.035209
-0.0441297
0.046353
-0.0044666
-0.0131113
-0.0456705
-0.00586965
-0.0113018
-0.0215105
0.0282681
-0.0490638
-0.0295662
-0.0345231
0.0166923
-0.0371092
-0.00151279
0.0317677
-0.0451067
0.0141791
0.0289785
0.00707952
0.0170935
-0.0110853
0.0404542
0.00644123
0.0129974
-0.0402809
-0.0492979
0.0381236
0.033731
0.0436998
0.000250276
-0.0206554
0.0490173
-0.0341856
0.0241631
-0.0292632
-0.0364751
-0.0240765
0.00311456
0.0177191
-0.0257108
-0.00983514
-0.0189436
-0.0143702
-0.0253371
0.0286634
0.0384752
-0.0375603
-0.0563489
-0.0268038
0.0224189
0.033378
-0.0109923
0.0038657
0.0429223
-0.0108378
-0.0351807
-0.0143099
0.0319786
0.0195888
-0.0227054
-0.0401034
0.000469941
0.042965
0.00723769
0.0304356
-0.0358202
-0.0238365
-0.03694
-0.0145843
0.0081957
-0.0129984
-0.040948
0.00626952
-0.0146642
0.0433026
-0.030996
0.043232
-0.0171003
-0.0221744
0.0566238
-0.0388996
0.0195943
0.039148
0.0270163
-0.0422979
-0.0404032
-0.00650095
0.043331
0.00538312
0.0277923
-0.0458962
0.00834264
0.0243861
-0.0237924
0.0353007
-0.0186009
0.010239
-0.0574965
0.0414399
0.0192069
-0.0322928
0.0317495
0.0201696
0.00167648
0.0105406
0.0107881
-0.010458
0.0484513
0.0524515
0.0256333
0.0236224
0.00306399
0.0440536
-0.0372231
-0.0284507
-0.0463501
-0.0488911
0.0108247
-0.00705546
0.0284825
-0.0283284
0.0256822
-0.00131646
0.00328459
-0.0324447
-0.0558192
-0.0213592
-0.0498778
0.00168152
0.0409427
0.0340561
2.78466e-005
-0.0211669
-0.0196833
-0.0143678
0.025569
0.0277308
-0.0301
-0.00971061
-0.0430573
-0.0150052
-0.0166742
0.0131729
-0.0213274
0.00435787
-0.0458693
0.0449294
0.0380629
0.00625463
0.00793393
1.62471e-005
-0.0418775
0.0396281
-0.0107906
0.011916
-0.0371022
-0.0274752
0.0436541
0.0147169
0.0166543
0.0206013
0.00431219
-0.0292388
-0.0368936
-0.00244731
0.0101169
-0.0131806
0.00194435
0.00210307
-0.00116961
-0.00994105
-0.0201104
0.0218039
-0.0476571
-0.034278
0.0326503
0.02652
-0.00931323
0.00166011
0.0385366
0.0229834
0.0374226
-0.00637773
-0.00435732
-0.00777634
-0.0185132
0.0286211
-0.0395355
-0.0450071
0.00880714
-0.0462148
0.00903991
0.000575659
0.00470087
-0.0211125
0.0192319
0.00460668
0.0359468
-0.0194617
0.00660224
-0.0156141
0.0203303
0.026035
0.0440621
0.0362635
0.0317922
-0.0427135
-0.039401
0.0374265
-0.0152422
-0.0134641
-0.0141727
-0.00359343
0.0109249
-0.0231393
-0.00983287
-0.00819517
0.00677458
-0.0208058
-0.0107241
-0.0224211
-0.0475673
-0.0192477
-0.016721
-0.0361079
0.00505575
-0.0180261
-0.0514472
0.0131291
-0.0106127
-0.0314176
-0.0240557
-0.0461658
-0.0269404
0.0184226
-0.0173822
0.0346708
0.0437872
0.00839789
-0.0270413
0.0453834
-0.0155887
-0.0368732
-0.000824033
0.0349365
-0.0101736
0.0222509
-0.0221889
-0.0272418
0.0358142
-0.0147121
0.0174134
-0.029967
0.0335707
0.0133749
0.0521753
-0.00499057
0.00286786
-0.00914692
-0.0471018
0.0407162
0.0149658
-0.0138843
0.0261539
-0.00714064
-0.0140408
-0.0070356
-0.025572
0.012146
-0.000619569
-0.0151286
-0.00424937
0.0160735
0.0130821
0.025669
-0.0418204
-0.0221919
-0.0456095
0.0263289
-0.03213
0.0369773
-0.0198141
-0.0243697
0.036235
0.0137529
-0.0201644
-0.0301339
-0.00406889
-0.0480321
0.043634
-0.000387495
-0.0203075
0.0183765
-0.0401717
-0.00498026
-0.0333277
0.0196279
0.00237962
-0.0438383
0.00685845
0.0104707
0.0209841
-0.0266678
-0.0443242
-0.0253298
-0.0244064
-0.0387323
0.0480614
-0.0463892
-0.0450133
0.0130228
0.0439392
0.0437022
-0.0250854
0.0380509
0.0390439
-0.00920029
-0.0449827
0.0211593
-0.00963449
0.0457066
0.0196826
-0.0105069
-0.0352592
0.00339587
-0.0232213
0.0141374
-0.0329742
0.0261115
-0.0378872
0.00959515
0.0154488
-0.033571
0.0142292
0.0230826
-0.0295457
0.0200224
-0.0280226
0.0135979
-0.00832205
0.0169715
-0.0295665
0.00159494
-0.0224911
0.00672405
-0.0334353
-0.0303741
-0.0105661
-0.00186379
-0.0314072
-0.0360849
-0.0207259
0.0425114
-0.00806746
-0.0569154
0.00140088
-0.0377986
-0.0265346
0.0181492
-0.0216302
-0.0311165
0.0159167
0.03721
-0.0386084
0.0425815
0.010867
-0.0121723
0.0115726
0.0346261
0.0194115
0.0393041
0.0337016
-0.0164189
-0.0219612
0.0173203
0.00669873
0.0307721
0.0312224
-0.0430807
0.0454863
-0.0333037
0.0029568
-0.0187631
5.26086e-005
0.00165403
-0.0106153
-0.0465755
-0.00590507
-0.0203479
0.0302037
-0.00781718
-0.0481413
-0.00939376
0.00119775
0.0260803
0.0163484
0.00879343
0.0517843
0.0234599
-0.0243536
0.0296304
0.0118501
0.035622
-0.0258148
0.00843408
0.0430373
0.00553181
-0.0399028
-0.01425
-0.0179027
-0.0182834
-0.00191734
0.0302371
0.00978905
0.0131512
-0.046362
0.0454865
-0.0306077
-0.0472236
0.0127121
-0.0482882
0.0170386
-0.0270962
-0.0189704
-0.0310122
-0.0209942
0.0416619
-0.0026986
-0.042311
0.0501031
-0.0312752
-0.017637
0.00319593
-0.0198311
0.00209965
-0.00348124
0.0035567
-0.0376233
-0.0141134
0.0328391
-0.0237493
-0.00842888
0.00183205
-0.0143051
0.0200274
0.036226
0.0401648
0.0140094
0.0389836
0.0309919
0.00726438
-0.00137077
-0.00769214
-0.0319264
0.0426549
-0.0391936
-0.0368485
-0.00207971
-0.0516788
0.0451451
-0.00421529
0.0354102
0.0260333
-0.0417955
0.0191768
-0.0235327
0.0485893
0.0417938
-0.00711118
-0.000252216
0.0100224
0.00287027
0.000629393
0.00964407
-0.0212825
-0.0467342
0.00720665
0.0345475
-0.0099929
0.0513766
0.0259261
-0.0423717
-0.0449745
-0.0382026
0.0345481
0.0384601
0.0116137
-0.038039
-0.00165887
0.0196707
-0.000859704
0.0231671
0.0416514
-0.0393502
0.0515557
0.00170532
0.00161846
0.0382104
0.047264
-0.0265617
0.0162687
-0.0386579
-0.0387799
0.0324714
0.0116763
-0.00898328
-0.0421337
-0.0161779
-0.0335484
-0.00894394
0.0127043
-0.0069332
0.0229165
-0.0325709
0.024836
0.0319403
0.0191662
0.0161977
0.0456672
0.0228808
-0.0424614
0.00275378
0.0431508
0.0300823
0.0382977
0.046424
0.00979556
-0.0366867
0.0424293
0.0174606
-0.00940611
-0.0192498
0.0222638
0.0259283
-0.0338855
-0.0521542
0.033663
0.00390825
-0.0190641
0.00130875
-0.000524324
0.03797
0.0255922
-0.0408695
-0.00229132
0.0299831
-0.0518247
-0.0479065
0.0124968
0.0302725
0.0413755
-0.0249267
0.000544661
0.00707607
-0.00378125
-0.000345204
0.0272667
-0.0456955
0.024487
-0.0132078
0.000605538
-0.0214902
0.01469
-0.0190642
-0.0150131
-0.0266964
-0.00402617
-0.0215438
0.0438531
0.0153731
-0.0240819
0.0103953
0.00793783
-0.023831
-0.029618
-0.0490992
-0.011948
-0.0215222
0.0354575
0.0191563
-0.0166587
-0.00762014
-0.0378374
0.0111352
0.0426171
0.0061898
-0.00222792
-0.032113
-0.0122185
0.00726731
-0.0278113
0.00653819
0.00517011
-0.0401616
-0.039591
0.0306243
-0.00411311
-0.0457408
0.0104983
-0.00302885
0.00467079
-0.0107949
-0.0441247
0.0266304
0.0341149
-0.043297
0.0130886
0.048179
0.00966201
0.0156611
-0.00572881
0.0293837
0.0412477
0.0438335
-0.0429794
0.0223298
-0.0300433
-0.033028
-0.0430793
0.0241839
-0.00185109
-0.0225064
-0.0448068
-0.0021407
0.0331176
0.0341078
-0.00914679
-0.00619761
0.0366563
0.0116889
-0.0116063
-0.019825
0.0325293
0.00067486
0.0410294
0.00122266
0.00394065
-0.027677
0.00664528
-0.0161033
0.0326708
0.0402973
0.0126516
0.0362133
-0.0286899
-0.0139842
-0.0232678
-0.0423438
0.0333977
-0.0393612
-0.0198945
-0.0228987
-0.0410618
-0.00386108
0.00610283
0.0141865
0.041782
-0.0423262
-0.00699114
-0.0264123
0.0369522
-0.0340505
-0.0391141
-0.0381828
0.00870435
0.023057
0.025801
-0.0222622
-0.0187738
-0.0200061
-0.000746116
-0.0102858
-0.0156465
-0.0257341
-0.0180787
-0.00469645
0.0137203
-0.0356345
0.0548667
-0.0405868
0.051775
-0.0285654
-0.0311065
-0.0453949
-0.0150677
0.0372213
0.0249554
0.0414626
-0.0394482
-0.0135515
-0.010261
0.00700091
0.0182506
0.0284671
-0.0240463
0.0032124
-0.0225914
0.0316278
0.00357733
0.00551672
0.026415
-0.0174772
-0.0222635
-0.0137408
-0.0208811
0.00211607
-0.0209867
0.00599834
-0.00246663
0.000930658
0.0115711
0.0380462
-0.000598437
-0.029404
0.00269492
0.032411
0.0053377
0.0366065
0.0312295
0.0138529
-0.0345359
-0.0058711
-0.0291775
-0.0496237
0.0402831
-0.0084415
0.0368889
-0.0280676
-0.0406794
0.00601107
-0.0458675
-0.0473371
-0.0476485
0.0410068
0.0356542
0.0447829
-0.0193705
0.000468385
-0.0289653
-0.00161938
-0.0095664
0.0444886
-0.00922742
-0.013528
0.0296578
0.0454726
-0.038803
-0.00143287
-0.0275717
-0.0221975
-0.00990053
-0.0235005
0.0137175
-0.0357175
-0.0148978
-0.00924968
-0.0418298
-0.0111679
0.0280288
-0.0356808
0.0353069
0.040837
-0.0454389
0.0338895
0.0395143
-0.0257347
0.026565
0.0414206
0.0214718
0.0510386
0.00941367
0.0146283
0.048535
0.0155834
-0.0251165
-0.0224589
-0.0436343
-0.0240145
0.0136675
-0.0278031
0.0356093
0.0080689
0.00825069
0.00343599
0.0153749
0.0241446
0.0254066
0.0489009
-0.0556788
0.0172616
-0.0210915
0.036747
0.0448568
-0.002032
-0.0349036
-0.0154327
0.0198427
0.0341077
-0.0252532
0.0107916
0.00637804
-0.0217423
-0.0530029
0.0397147
-0.0314294
-0.0245305
-0.00559013
-0.0425801
-0.0499178
-0.0421841
0.0136012
0.0128677
-0.0063697
-0.000514655
0.0307761
0.00107418
-0.0344629
0.0214957
-0.00224047
-0.0434554
0.0113154
0.00510311
0.00650842
0.0261992
0.00855371
0.0171099
0.0381812
-0.0238357
0.0393079
-0.0586284
-0.0199099
-0.0291089
-0.00756704
0.03549
0.0355519
-0.0278866
0.0426517
0.0334855
0.00922371
-0.042971
-0.0279359
-0.0244374
0.0187548
-0.0172287
0.0157722
0.0291846
-0.0304384
0.038086
0.000683321
-0.0021792
-0.0301846
0.00139736
-0.0464758
-0.0295152
0.0110387
-0.0497254
0.00606682
0.038701
0.0255701
-0.0263863
0.0242602
-0.00132226
0.0160615
0.0272068
0.0251936
0.0383825
-0.0145539
-0.0355967
0.00192053
0.00189697
0.0369695
-0.0244177
0.0134879
0.0326166
-0.0396988
0.00021769
0.0310703
-0.0323737
0.0242148
0.000207148
0.0412225
0.0370176
0.0288076
-0.0329729
0.00242844
0.0390969
0.00228902
0.010788
-0.0356002
-0.00564577
-0.0460346
0.0280196
-0.0389699
-0.0112305
-0.0402592
0.0470374
-0.0113789
0.0273052
0.0244754
-0.032471
-0.0357007
-0.0431401
0.00956207
0.00315109
-0.0355958
0.0197965
-0.0242778
-0.00926209
0.0490204
-0.0191324
-0.0204167
-0.0363839
-0.0332638
0.0382161
0.0247164
-0.00182321
-0.00310678
0.0376469
-0.0154856
-0.0355073
0.00801506
-0.0288602
-0.046781
-0.0388231
0.0219756
0.0192054
-0.0207442
-0.00295429
0.0489117
0.0423333
-0.030575
-0.0244732
-0.0067923
0.018426
0.0234241
-0.00285219
-0.0412505
0.0421052
-0.0192047
0.0127912
0.0168178
-0.0300536
0.046992
-0.0306778
0.0150008
-0.0335439
0.0285225
0.0417594
-0.0107168
-0.00107169
0.00488696
-0.0303483
-0.00232807
-0.0400492
0.0405814
-0.024869
0.00360271
0.00812547
0.0146674
-0.0107282
0.038916
0.0134401
0.0061844
0.0163989
0.0415401
-0.0101988
0.00164494
-0.00668745
0.00169088
0.00296917
-0.00700905
-0.0306066
-0.0139494
-0.00480817
-0.0275544
0.00713919
0.00134005
0.0240259
-0.0248552
-0.0245209
-0.044865
0.0510365
-0.0181865
-0.0433923
-0.0172832
-0.019713
0.0198294
0.0433179
0.0237441
0.0363486
0.0424063
-0.0489484
0.0362599
-0.0139762
0.0412061
0.0244384
-0.00841725
-0.0307783
0.0237913
0.0142785
-0.0282062
0.0107472
0.00892189
-0.034108
0.0363024
-0.0418168
0.0409457
-0.0422151
0.00455222
0.0205641
0.00412177
0.0225305
-0.0175443
0.0273443
0.0323892
0.0300216
-0.0372065
0.0473637
-0.00864571
0.0106302
0.0115865
0.0470555
-0.0320265
-0.0319267
0.0163216
0.0172792
-0.044608
-0.0142105
0.040577
-0.00961083
-0.0120626
-0.0455943
0.00098485
-0.0242529
0.027332
-0.0448506
0.0454794
0.0368446
0.00534403
0.01188
-0.0360756
0.0472054
-0.0374319
0.021038
-0.0236224
-0.0121427
-0.0319578
-0.0249644
0.0108948
-0.0398814
0.0422279
-0.0413588
0.014344
0.0357391
0.0479597
0.00369826
0.00110997
-0.046311
0.0194907
0.00451495
0.00129017
-0.04807
-0.0479567
-0.0118035
-0.00315069
0.0116102
0.0265422
0.0103547
0.0194012
0.0374426
0.0196498
-0.0129207
-0.0141692
0.00239053
0.0463804
0.0361383
-0.0489501
-0.0377498
-0.0154246
-0.0464495
-0.0350634
0.0422197
-0.0490058
0.0500498
-0.0142581
0.0398312
-0.0256068
0.00493816
-0.0231768
0.0499258
-0.0031889
0.0110071
-0.00433207
-0.00777684
-0.000905169
-0.0344049
0.0227853
0.0352062
-0.0217199
0.020701
-0.0245506
0.0400748
0.00845619
-0.0103275
0.0413354
-0.0167545
-0.0277667
-0.0316303
0.0359616
-0.0143843
-0.0472105
0.00122208
0.0289047
0.00580341
-0.0113347
0.00118589
7.53383e-006
-0.0421001
-0.0313795
0.000888931
-0.00348871
-0.0427888
0.0379806
-0.0332573
-0.0285565
0.00460423
-0.0255141
0.0148189
0.0236124
-0.0314549
-0.0428267
0.0424996
-0.0413085
-0.0464723
0.0234409
0.00334719
-0.012193
0.0186737
0.0310014
0.0533549
0.0131702
0.0337041
-0.00815244
-0.0461482
-0.0419943
-0.0236353
0.0157515
-0.0111243
-0.0282802
0.0286693
0.018114
-0.0240443
-0.00443981
0.0439866
0.00409951
-0.0464818
-0.0160471
-0.0497427
0.0424907
-0.0481027
0.00072402
0.0294327
0.0168079
0.0244952
-0.00801284
-0.0278161
-0.0467627
-0.0437405
0.00581122
0.0243511
0.0510171
0.0103202
0.00599199
0.0238876
-0.0226959
-0.00799477
0.00394508
-0.0175811
-0.0192794
0.0165836
-0.0254494
-0.00594723
-0.0258171
0.0186819
-0.049567
-0.0342662
0.0169835
0.0173731
0.0046946
0.0373386
0.0121386
-0.0439589
0.0106753
0.049013
-0.00536204
0.0410407
-0.03575
0.015727
0.0428104
0.0335659
-0.0251116
-0.0127662
-0.0327248
-0.0471408
0.0202069
0.0461973
-0.0382214
-0.00320325
-0.0446317
0.0452878
0.0274757
0.0487353
0.0507454
-0.0307569
0.0312488
-0.0116008
0.0173601
-0.00914093
0.00420575
-0.0290894
0.0275292
0.00973342
0.0358911
-0.00389488
-0.0128733
-0.0452012
0.0358982
0.0117191
0.0531287
-0.0317263
-0.0322609
-0.0287885
0.0269158
0.014198
-0.0273643
-0.0222625
0.0364377
0.0357858
-0.0645875
0.00155572
-0.0201215
-0.0169374
-0.0136422
-0.00191532
0.0260923
-0.0210628
0.00551971
0.00132853
0.00888373
-0.0197444
-0.00990029
-0.00160607
-0.0469936
-0.0231934
0.0169723
0.00493028
0.0261592
-0.0192838
-0.0377258
-0.0134819
0.0426169
-0.0340367
0.0243427
0.0136101
-0.0284321
-0.0145488
-0.00872616
0.0116682
-0.00809786
-0.0576896
-0.0174216
-0.00218097
-0.00325299
-0.0280049
-0.0187464
-0.0120538
-0.0299658
-0.0235353
-0.0510675
0.0223918
0.0081513
0.0246192
-0.0269659
-0.00172073
-0.00251437
-0.00113022
-0.00942411
0.0177699
0.00281545
-0.0417306
-0.00527899
0.0349201
-0.0446102
0.00961637
0.00894527
-0.0472762
-0.0231753
-0.018831
-0.0106679
-0.0383823
0.00616945
0.00487677
0.0262687
0.0328186
0.0241321
0.00665956
0.0229442
-0.0216429
-0.0402817
-0.000512592
0.0247783
0.002972
-0.0126598
-0.00505314
-0.0452483
0.0119969
0.023296
0.0286694
0.0257001
0.0226964
0.0364382
0.0358389
0.0426033
-0.04812
0.0186096
0.0162408
-0.0131328
-0.0224608
-0.0327923
0.0404067
-0.012429
-0.0203338
0.00682592
0.00728567
-0.0375043
0.0195109
0.0104221
-0.0496631
0.0184199
0.0160348
-0.0382734
-0.00549269
-0.0388394
0.016377
0.0389174
-0.0334312
0.0315894
-0.0132976
0.045393
-0.00898882
0.0403183
-0.000831671
0.0199516
0.0466677
0.00408752
-0.0321675
-0.0295656
-0.00254444
0.00668108
-0.0164074
0.0430221
-0.0145378
-0.0238273
-0.00217012
-0.0318731
-0.0419873
0.015481
0.0208192
-0.0241458
0.037049
-0.0395845
-0.0322714
-0.0223107
-0.00143854
0.0128974
0.00567086
0.0502563
0.0161196
-0.0233818
0.00576309
-0.0446862
0.0326646
-0.0110241
0.00298523
0.0166784
0.0371285
-0.0319795
0.0365111
-0.0270091
0.00271384
-0.0486795
-0.0331533
-0.0310746
-0.0473995
-0.0330407
-0.0298956
-0.0382113
0.0295462
-0.0130423
-0.019518
0.0258133
0.0139693
0.0362926
-0.00551892
0.0291518
-0.0220228
-0.024317
0.010584
-0.0325192
0.0303486
-0.0389578
-0.00834155
0.0278846
0.0203099
-0.0270883
-0.034097
-0.0510118
-0.0440431
0.0162718
0.0336239
8.66439e-005
0.0340689
0.0305161
-0.050573
-0.0106531
-0.0148009
-0.0231965
-0.0293922
-0.0264907
-0.0142415
-0.051586
0.00616933
0.019352
0.020488
0.0190184
-0.00271243
0.0440505
-0.0386843
-0.00752642
0.0302877
-0.000894026
0.000448451
0.0400566
-0.0186996
-0.0398685
-0.0190858
0.0181068
-0.00117954
0.00884744
-0.0446789
0.0179995
-0.010627
0.0444719
0.0345843
0.0159104
-0.0155073
-0.0460414
-0.0068303
0.00626674
0.00659794
0.0280005
0.0106615
0.000932676
0.0337167
-0.036721
0.0446027
-0.0209665
0.00258191
-0.0188283
0.0257434
0.0407372
0.0460779
0.0229368
0.00891066
-0.0197631
0.0372365
-0.0276381
-0.00792013
0.0280476
0.000778431
-0.0356904
-0.00987738
0.0409864
0.0345801
0.00319954
0.0293452
0.0194516
0.00801271
-0.0282963
-0.0218661
-0.0179462
0.0224964
0.0285187
0.0121709
-0.0365483
0.0281366
-0.0384397
0.00890992
-0.0343296
-0.0335355
-0.00367497
0.0319912
-0.0413998
0.0218126
0.0109473
-0.0313675
0.0155164
-0.0133637
-0.0107647
0.0315009
0.000957394
0.0273206
0.0244251
0.016742
0.0293915
0.0319619
0.00810404
-0.0329517
-0.0413606
0.0190813
0.0500368
0.0364526
-0.041615
-0.033242
0.0189996
-0.0437458
0.0373608
0.0254324
-0.0303528
-0.0174842
0.0351112
-0.0322287
-0.0323339
0.0362927
-0.00992544
-0.0124596
0.0362244
-0.0385555
-0.0271435
0.0274709
-0.0420813
0.0359572
0.00216897
0.0261655
-0.0224766
-0.00368039
0.0313746
-0.0215682
-0.00987009
-0.0301402
0.0258191
-0.0420737
-0.00946501
0.0235708
0.0236444
0.0352901
-0.0387745
0.0260977
-0.0237149
-0.0336526
0.00770631
0.0200119
0.0214599
0.0156701
-0.0117761
-0.00861112
0.0370224
-0.0271389
-0.0168952
-0.0108378
-0.0132686
0.023087
0.0416264
-0.0363609
0.0332106
0.0234556
-0.0155242
-0.00880849
-0.0219027
0.00418342
0.000188171
-0.000385282
0.0424977
0.0479394
0.023713
0.0115242
0.0232417
0.0406101
-0.00483971
-0.0095276
-0.0488969
-0.0108619
-0.0398476
0.00843033
-0.0462158
0.0244699
-0.0235269
-0.0100098
-0.046016
-0.0402182
-0.00692266
-0.0432939
-0.0451963
-0.0458742
0.00876103
0.0102389
0.0278489
0.0208784
-0.0388594
-0.0292681
-0.00491825
-0.0429756
0.0142353
-0.029918
-0.0211949
-0.0435823
0.00182784
0.0361307
-0.0109763
0.0479415
0.0331965
-0.0468613
0.0219555
-0.0425752
-0.028747
-0.00797096
-0.0477163
0.0373657
-0.0479712
-0.0171947
0.0257316
0.0234595
-0.0177021
-0.0221922
-0.00165203
0.0374037
-0.031772
0.0315004
-0.0156043
-0.00384917
-0.0109761
0.004504
-0.0028993
0.022719
0.00991633
-0.031798
0.02608
0.0421574
0.00685849
-0.0297974
0.00419556
0.0107508
-0.0229146
0.012981
-0.0169864
-0.0503723
-0.0315768
-0.0382162
0.0267575
-0.0268364
-0.038785
-0.0380196
-0.028887
0.0264525
0.00786228
-0.0425516
0.0101349
0.00264033
0.0150968
0.010821
0.0177265
0.0114334
0.0277955
-0.0367104
-0.0117021
0.00379556
-0.0131256
0.0194837
0.0424156
-0.018991
-0.0034638
-0.0187686
0.0316216
0.0469639
0.0374548
-0.0179937
0.0431698
0.00779587
0.0460879
-0.0145247
-0.0201325
-0.0270035
-0.035392
-0.0102089
-0.0408978
-0.00711619
0.0181426
0.0162153
-0.0273323
0.0300628
-0.0242437
0.0236055
-0.0213933
0.00211013
-0.0106015
0.0254494
-0.0336778
0.0350623
-0.0394084
-0.000592778
0.0142393
0.0230738
-0.031661
0.0031336
-0.0264751
-0.0195177
0.0250634
-0.0170178
0.00899415
-0.0263116
0.0336183
0.0268244
0.00224147
-0.0156514
0.0163807
-0.022188
-0.0244115
0.0239655
0.0127441
0.0471469
-0.0446031
0.00742456
-0.0109756
-0.0328281
-0.0185386
-0.0223787
0.0492943
-0.0293299
0.0209584
-0.0121189
-0.035129
0.0354642
-0.0443532
0.00831657
0.0318088
0.0103308
0.00650937
-0.0312485
0.0122835
0.0429204
0.0221522
0.035585
0.045247
-0.0201897
-0.0277012
0.0221274
0.0173463
-0.0405114
-0.00260024
0.0055232
-0.0465212
-0.0172573
0.0357784
-0.0498006
0.0093363
-0.00987976
-0.0315233
0.0345857
-0.0412728
-0.0184249
0.0254447
-0.0458022
0.0439375
0.0197791
0.0365882
0.0157828
0.0327817
0.00199124
0.00824812
0.00215495
-0.0464174
-0.0494678
0.0452807
-0.0238339
-0.026671
0.0366206
-0.0337466
-0.0467286
-0.0279249
-0.0326992
-0.00112427
0.00512983
-0.0178206
-0.0461324
-0.0289868
0.0215234
0.00986227
0.0183219
0.0332911
0.0446788
0.0379712
0.0421355
0.044428
-0.0486578
-0.0430856
-0.00536997
-0.0262557
0.0348098
-0.013608
0.0383908
-0.014371
0.00184818
0.032844
0.0159098
0.0467563
-0.0411907
-0.035373
-0.0277086
0.0491308
0.0217527
0.0132152
-0.0290862
0.00385493
-0.0323527
-0.00318475
-0.00968519
0.00686384
-0.0001483
-0.0233475
0.0227594
-0.0158242
-0.0456419
-0.0423336
0.041677
0.0419574
0.0291516
-0.0153357
0.0479573
0.0101658
-0.0351454
-0.0270444
-0.0152685
0.0251581
0.00275144
0.0305741
-0.0267026
0.00980586
0.0216702
0.0218983
-0.0223067
-0.0297047
-0.00624799
-0.0469032
-0.0158687
-0.0223134
0.00777636
-0.035282
-0.00485336
-0.0188358
-0.010303
0.0086156
0.0167842
0.000191076
-0.00945119
-0.0378631
-0.0281135
-0.0323036
-0.0269709
0.0170736
0.0236351
0.0281806
0.0160654
0.0494174
0.0400841
0.0421207
-0.0184703
-0.024226
0.0349632
0.00046416
-0.0214451
0.0263088
-0.0363556
-0.022901
-0.0307642
-0.040721
-0.0322094
0.0491185
0.0246393
0.0118952
0.0296987
0.031523
0.024554
0.0257934
-0.0343472
-0.0158669
-0.0374255
-0.0298003
0.0299286
-0.041687
-0.0297411
-0.0292136
0.0289508
-0.0327835
0.0107318
0.0134131
-0.0362487
-0.0374103
0.0399299
-0.0347166
0.0204918
-0.0454454
0.0234152
0.0227401
-0.0133701
0.00523733
-0.0472689
-0.020991
-0.0334403
0.0338288
-0.00489229
0.0442842
-0.00681989
-0.039224
-0.019761
-0.0397945
0.0165096
-0.0210633
0.045962
0.0464933
0.013234
0.0478687
-0.0272392
-0.037119
-0.000129201
-0.00947009
-0.0204793
-0.0396362
-0.0432733
0.00281866
-0.00405759
-0.0325325
-0.0184865
0.032706
0.0334626
0.00801099
-0.0135875
-0.0229972
0.00345962
0.0163551
0.0397532
-0.0385721
-0.0325926
0.0091372
-0.0475298
-0.000225883
0.0272503
-0.0420703
0.0181694
-0.0207878
0.00817773
0.0381591
0.0211939
-0.0478059
0.0322391
0.0366031
-0.0458109
0.0108745
-0.0377305
0.0280425
0.012193
-0.0147907
0.0158412
0.0256576
0.0260498
-0.0385401
-0.048588
-0.0296413
0.0485629
0.0130758
-0.00952158
-0.0415286
0.0344537
0.036541
-0.0179121
0.0497956
0.0441014
0.0364573
0.00497476
-0.0112809
0.0285455
0.0119523
-0.0150317
0.0457126
-0.0452963
-0.0130179
0.0427137
0.041552
0.04954
-0.0212885
-0.0672234
0.0290465
0.0118377
-0.031131
-0.0202197
0.0131362
-0.0119194
-0.0633143
0.00025759
0.0455165
-0.0185773
0.0183733
0.0244503
0.0191644
0.0223255
0.0379841
0.0388793
0.0470507
0.00797561
-0.020716
-0.0466514
0.0276424
0.0176279
0.0441151
-0.00641064
-0.0477751
0.0356127
-0.0436112
0.0161216
-0.042841
-0.0114413
-0.0176706
-0.021047
0.0355935
-0.0256532
-0.0289975
-0.00223973
0.0188994
-0.0318226
-0.00130602
0.0149495
0.0354947
-0.00378315
-0.0103703
0.00271509
0.0245105
0.0457701
-0.0232957
-0.0485814
-0.0330756
-0.0153751
-0.0215068
-0.0450873
-0.0272233
0.0349116
-0.0136603
0.0355226
-0.00799754
-0.0398238
0.0498776
0.00999229
-0.02993
0.0432507
-0.0315402
0.00245255
0.000126422
-0.036746
-0.0225832
0.0248306
-0.0486482
0.0378681
0.0226336
-0.0474961
0.0129426
0.00330821
0.0184844
-0.0342244
0.0333835
0.00435383
0.012133
-0.0413118
0.044475
0.0446852
0.04226
0.00619735
0.0361081
-0.0331276
-0.00985192
-0.0224857
-0.035973
0.048528
-0.0498641
-0.011714
-0.0224507
0.0276397
-0.00543207
-0.0220414
0.0209837
0.00890487
0.0501924
0.0117482
0.0229095
0.0111928
-0.00150983
-0.016296
0.0150678
0.0191586
-0.0196543
0.0281521
-0.00866404
0.0301267
0.0298285
0.0179874
-0.0490363
0.024454
0.0191029
0.0462624
0.0419936
-0.043232
0.0509761
-0.0253212
0.041278
0.0150791
0.0345509
-0.0427128
0.00231967
0.0118181
-0.0217197
-0.00627335
-0.0210923
0.0188588
0.0206416
-0.0376213
-0.0240775
-0.0391752
0.0436522
0.0482185
0.0473899
-0.0320695
0.0473324
0.0276074
-0.0144525
0.0244215
-0.0316665
-0.0479388
-0.0477092
-0.0086235
-0.0297588
0.032691
0.0347262
0.0047163
-0.0129708
-0.040199
-0.0397771
-0.0213469
-0.0335907
0.0438246
-0.0289811
0.0261133
-0.0202637
0.0168481
-0.00143883
-0.0259974
-0.0266856
0.00492452
0.0416015
-0.0385909
0.0365489
-0.0311191
-0.0284336
0.0508131
-0.0220416
0.00917542
-0.00652878
0.0444881
-0.00680567
-0.0412458
-0.0270605
-0.00791923
0.0282666
-0.040853
-0.0296307
-0.032512
-0.0132879
0.0343896
0.0146417
-0.0325199
0.00308421
0.0110647
0.0441466
0.0345137
-0.0152769
-0.0320279
0.00282767
0.00174066
0.0215187
-0.0172091
0.00810169
0.043363
0.0500078
0.0368523
0.0209837
0.0150729
0.0230749
-0.0486736
0.0329653
-0.0285505
0.0333966
0.0161623
-0.0116006
-0.00599634
0.044946
0.0348182
0.0228063
0.0284447
0.0463829
-0.0114223
-0.0193427
0.00386035
-0.0141165
0.0409571
-0.025783
-0.0233715
0.0359167
-0.00911943
0.0431225
0.0175695
0.0249683
-0.00875278
0.0384727
-0.0263652
0.0389987
0.037443
-0.000172827
-0.0269799
0.0248256
0.0343874
0.0224675
-0.0123354
0.0307417
-0.0135272
-0.0373001
-0.0290196
0.0328509
0.0114518
-0.0163335
-0.0367888
0.0332818
-0.0139122
-0.0193829
0.0197106
-0.0428153
-0.0469298
-0.0478261
0.0322059
0.00758541
-0.0421201
-0.0316281
0.030513
-0.0278211
0.0223025
0.0408331
0.0130838
-0.0418186
0.0154074
-0.0350818
-0.0356326
0.0152977
0.0322008
0.00458885
-0.014227
-0.00414146
0.0017846
0.0122711
-0.00853398
0.0181351
-0.04217
-0.0437023
-0.0189134
0.0298762
-0.0312693
0.0180843
0.0459563
0.0433927
-0.00974741
-0.0281202
0.0342842
0.0114794
-0.0310999
-0.0200075
-0.0227466
0.0145766
0.0234834
0.031827
0.0121662
-0.04928
0.00619084
-0.0461164
0.0282717
0.0155611
-0.0443346
0.0300308
0.031475
-0.0434728
-0.0228254
0.0148118
0.0143805
0.00982656
-0.0266907
-0.0399497
0.0363313
-0.0140121
-0.0404232
-0.0457927
0.0168141
-0.0423008
0.0213446
0.0414528
-0.0205093
0.017351
-0.0490757
0.0424091
-0.0151282
0.0234237
-0.034105
0.0326419
-0.0467528
0.0326719
0.0128526
-0.034703
-0.00810096
0.0431073
0.00924174
-0.0244722
-0.0494784
-0.00421528
0.00718803
0.0335354
0.0393903
0.00246377
0.00405017
0.0353163
-0.0422548
-0.0310273
-0.044539
0.0214005
-0.027685
0.0138083
0.04359
-0.00624874
0.00529618
0.00989535
-0.0371499
-0.0170441
-0.0380602
0.011304
0.034369
-0.015467
-0.0125439
0.0315049
0.0344951
-0.0453256
-0.00358604
-0.00433091
-0.0030646
0.0124833
0.00264784
0.0230318
-0.0423591
-0.022888
0.0191596
-0.0186687
-0.00757907
0.0286965
0.0111632
-0.00469598
0.0347776
0.0053367
-0.0427162
0.00975415
-0.0132878
-0.03218
0.00835266
0.0357311
-0.0241155
0.00783679
0.0381719
0.048721
-0.0472377
-0.0493648
-0.0012402
-0.0388921
0.0261405
0.0479902
-0.0168607
-0.0263
-0.0232444
-0.0437699
0.0090607
0.0105232
-0.0231171
0.0146341
0.0446462
0.0336865
0.023455
0.00933157
0.00600464
0.0108324
-0.0513762
-0.024984
0.0137236
0.032811
0.00431773
0.0242875
0.0321133
-0.0245544
0.0248974
-0.0251259
-0.0399882
0.0245476
-0.0270862
0.0109632
-0.0487291
0.0167194
0.0410889
0.0400877
0.013054
-0.0388498
-0.00444347
0.0118786
0.0485907
0.0414432
-0.0124108
0.009795
0.0114172
0.024615
0.0169182
-0.0394233
0.0319492
0.0344862
0.0365951
-0.0503313
-0.0104615
-0.0330865
-0.0159664
0.0380331
-0.0161398
0.040541
0.0270201
0.0205031
-0.0358447
-0.00780536
-0.0304897
-0.0447598
0.0287105
0.00626279
-0.00289737
-0.0089648
0.0280662
0.0292845
-0.0206291
0.0234341
0.0499675
-0.0194247
0.00340153
-0.0322006
0.00293092
0.0204338
0.0126085
-0.0170572
0.0168576
-0.0138904
0.0059906
0.0272829
0.0374123
-0.0175223
0.0318149
-0.00503477
0.0220789
-0.000578181
-0.0316015
0.0298916
-0.0236156
0.0192796
-0.0473039
-0.0223537
0.0126872
-0.00433259
-0.00533258
0.0249899
-0.0333598
0.0498738
0.0278871
0.027222
-0.00516818
-0.0189573
0.000317116
-0.0303029
-0.0022066
-0.0373203
-0.0145885
-0.0110185
0.0455302
-0.0486207
0.0440199
-0.0442551
0.0115138
0.0404177
-0.0082752
0.00647582
0.0444214
0.0498417
0.034096
-0.0301737
0.0426588
0.0347733
-0.0478559
0.0115808
-0.023448
-0.0420471
0.0119421
0.0255568
0.00465964
-0.0244411
0.0125129
-0.00972207
0.00925598
-0.0191526
0.0346439
-0.0472896
-0.00184367
0.0049665
0.0243153
0.00688663
0.0377476
-0.051232
0.0208151
-0.0352957
-0.031518
-0.00749623
0.031415
-0.0085774
0.020167
0.031141
0.0457558
-0.0305791
0.0206271
0.0100251
0.0344971
-0.00511721
0.0232343
-0.021311
0.00564593
-0.0454711
-0.00972067
-0.0422553
0.001274
-0.00440351
-0.0104954
0.0388644
-0.0452586
0.0317236
0.00656226
-0.0260177
-0.0379394
-0.015883
-0.00400228
0.040894
-0.017789
0.0408583
-0.0301195
-0.0170985
0.0444956
-0.01279
-0.038499
0.034371
-0.0276607
0.0174324
-0.0503608
0.0238366
-0.0109039
-0.0221738
0.026326
-0.0161946
0.0101627
0.0332844
-0.0109392
0.0341877
0.0120704
0.0394723
-0.0247585
-0.0431912
-0.0261165
-0.0200113
0.0185792
-0.00502037
-0.0447211
-0.0165721
-0.039254
0.0256229
-0.0482624
0.0359007
-0.0200889
0.0456707
-0.0446351
0.0462577
0.0345426
-0.0272272
-0.0272666
-0.029695
-0.0123977
0.0487449
0.0337371
0.0306342
-0.00472993
-0.050554
0.039613
0.0447322
-0.0300142
0.0322234
-0.017977
0.0269495
-0.0419348
-0.0214421
-0.0164551
0.0396566
0.0371604
-0.0190465
-0.016731
-0.0217405
0.022603
0.0446212
0.0311814
-0.0308582
-0.0362891
0.00274742
0.0198121
0.0351861
-0.0397589
0.0159863
-0.022993
-0.0394825
-0.00642087
0.0467852
0.0158547
0.0407841
0.00663435
-0.0132475
-0.0175181
0.0466865
0.000972091
-0.0286055
-0.0231801
-0.0144184
-0.0122186
-0.00835545
-0.0402675
0.0127663
-0.0269905
0.0411036
-0.0427551
-0.0360128
0.0327903
-0.0233887
0.00184794
0.0319291
-0.00592511
-0.0288274
0.0127115
0.0404728
0.0146601
-0.0284842
0.0094019
-0.0442388
0.00723113
-0.047396
0.0133621
-0.00296885
-0.0205872
0.0327343
0.0103865
0.0466476
0.0419509
-0.0360741
-0.012107
-0.0457458
-0.0343798
0.00877797
-0.0479967
-0.0236483
0.0326055
-0.0401109
0.0213128
0.0472874
-0.00601957
0.0397796
0.0187036
-0.0377945
0.0416898
-0.0448484
0.0457313
-0.0415653
0.0180051
-0.0279604
0.0343084
0.0203145
-0.0116155
0.0249583
0.0197097
0.0214493
0.0033281
6.02365e-005
-0.0322129
0.0316368
-0.0270798
0.00853575
-0.0498428
-0.00940076
0.0375666
0.005506
-0.0107961
-0.0394845
0.018479
0.0326051
0.0291523
0.0508667
0.0487659
0.0105427
0.0172939
-0.0132222
-0.0166549
-0.046895
-0.0393896
0.00786554
-0.0479643
0.00626515
-0.0504574
-0.00273922
0.0344924
-0.0119459
-0.0244668
-0.0428543
-0.00999097
0.0141595
-0.0134452
-0.0438983
-0.0121847
-0.00207591
-0.00509429
-0.0285939
0.0107202
-0.00883994
-0.0207452
-0.0302653
-0.0295042
0.0363835
-0.0139907
0.0134172
0.0115046
-0.0143612
0.0201179
-0.0134219
-0.000541371
0.0485573
0.0144041
0.0161261
-0.0445339
0.018378
-0.0138472
0.043933
-0.00351395
-0.0329815
0.0373319
0.0347573
0.0462065
-0.0399981
-0.0384255
0.0362387
-0.0493905
0.013225
0.0246404
-0.00822629
-0.0434655
0.00686285
0.00982971
-0.0147865
-0.0030685
0.0351507
0.0169019
-0.00724483
-0.0499577
0.00955669
0.0109493
0.00548829
-0.0287406
0.0206815
0.00171274
0.0318303
0.00927559
-0.0460542
-0.0266301
0.0210091
0.0362515
-0.0316084
-0.00863549
0.0265314
-0.0138773
0.030576
-0.0200449
0.0440467
0.0488166
0.0275308
0.0234767
0.0412099
-0.0239462
0.0383389
0.0445237
0.0248753
0.0160525
-0.0139892
-0.0325092
-0.0414346
-0.0313493
-0.0354409
-0.0362117
-0.042058
-0.0141074
0.0370751
0.0452628
0.0156068
-0.0459704
0.0312615
0.00744444
0.0472157
0.0381861
0.00127996
-0.0448087
0.0085637
0.0167828
-0.00407116
-0.000813892
0.0308719
-0.0280495
0.00470182
0.0408715
0.0493837
0.0397061
0.0155499
0.0224339
-0.00273067
-0.0436492
0.0401767
0.0238871
-0.00449191
0.0362289
-0.0229013
0.0289506
0.0248114
0.0313709
-0.0445894
-0.00902416
0.0452401
-0.0160784
-0.00709483
-0.0229483
-0.00159767
-0.0319831
-0.048144
-0.0274763
-0.0292979
-0.0299375
0.0417588
-0.0426337
0.0053979
0.00562806
-0.00206061
0.0302087
0.0445467
-0.0349928
0.00269885
-0.037861
-0.0356607
0.0449166
0.0320054
-0.0101637
0.00704077
-0.0279718
0.0121427
0.0294794
0.0457943
-0.00159597
0.0288971
0.0192821
0.0130451
0.0398441
0.0305031
0.0209423
0.0222025
0.00685901
0.010185
0.01229
0.024057
0.049772
0.00104806
-0.0313589
0.0446671
0.0462151
-0.0487852
-0.00646691
-0.0162979
0.0216877
0.0151783
-0.0337759
-0.0426481
0.0136449
-0.000514942
-0.00215642
0.00837838
0.0477718
-0.0170334
-0.0285624
0.0314408
-0.0154401
-0.00851746
0.0378589
0.0301498
0.0257415
-0.029059
0.0160214
-0.0469604
-0.0397073
-0.0493681
-0.0253348
-0.00041554
-0.00505837
-0.0207232
0.0361415
-0.00491838
-0.00598042
0.00201232
0.0363018
0.0269529
0.0355981
-0.00442381
0.00360057
-0.0222767
-0.00610323
-0.0511277
0.0218024
0.035527
-0.0118714
0.0297434
0.041253
-0.0350189
-0.0140443
-0.0217846
-0.0274361
0.0210338
-0.0112811
-0.0116719
0.0383387
0.0473132
-0.0203135
0.0417447
-0.00617973
0.0315795
0.0271196
-0.0259371
0.0143503
-0.0382776
0.0399602
-0.0269045
0.0288342
-0.040405
-0.00596758
0.0395807
0.0365617
-0.0207875
0.0341572
0.00728082
0.0405589
0.0348165
-0.0175964
0.0395625
-0.00424325
-0.0217639
0.00551936
0.00741722
-0.00699205
0.023837
0.0336265
-0.0105631
0.00755052
-0.0400327
-0.0125742
0.0321846
0.0184225
-0.0139894
-0.0218021
0.0356597
-0.0273269
0.0164535
0.00213055
-0.0155989
0.0170155
-0.0146394
0.0100435
-0.0185615
-0.00629844
-0.00632838
-0.0275609
-0.0331787
-0.0196312
-0.0281295
-0.0570006
-0.0481524
-0.0224444
-0.0149249
0.0466931
-0.00610076
-0.0144364
-0.0062251
0.0232867
0.026633
-0.0170342
0.00398324
-0.0309027
-0.0156612
0.0376086
0.0291531
-0.0214129
-0.0200438
0.0295591
0.00999768
-0.02261
0.0398717
0.0319477
0.0197722
-0.00897552
-0.0111706
-0.0103788
0.0209552
0.0533134
0.0255712
-0.0026233
0.0273932
-0.0167427
0.0239659
0.00484089
-0.0448252
0.0151388
0.0372248
-0.0353334
0.0030279
-0.0349767
-0.00399132
0.016276
0.0459817
0.00156063
0.0121629
-0.0379229
0.0386476
-0.0249289
0.0254088
-0.00787573
0.0373283
-0.0363878
0.0391591
-0.0128539
-0.0239464
-0.0398965
-0.0337245
0.00774742
0.0154547
0.0123252
-0.0436594
-0.0387239
-0.00562703
0.023409
-0.0127479
-0.0378023
0.0177734
0.0292027
0.0274703
-0.0260591
0.0348031
0.0269589
-0.00258832
-0.0387494
0.0437996
0.0018465
-0.0239832
0.0258417
0.0274048
-0.00946689
-0.0279946
0.0204503
-0.0261305
0.00596722
-0.0352507
-0.0488036
0.0166268
-0.0156156
-0.035846
0.024745
-0.0199344
0.0130683
0.0510489
-0.0242516
-0.0183072
0.0390284
0.0395259
0.0467243
-0.0203177
-0.0110421
-0.0503483
-0.0138122
0.00594138
0.0321094
-0.0279838
0.0502575
-0.0254686
-0.023017
0.0315078
0.0290885
0.0239998
-0.0139673
-0.0230387
-0.057298
0.0535526
-0.0364041
0.00723261
-0.0185474
-0.0103974
-0.0144919
0.00660124
-0.0324046
-0.0303215
0.00710704
0.0251246
-0.0204485
0.0219915
0.0128988
0.0097103
-0.0125555
0.0422119
0.0183522
-0.00439764
-0.0411739
0.0164121
0.0146076
-0.00189216
-0.0330875
0.0228344
-0.0221043
-0.0305165
0.0061693
0.0330029
-0.010349
-0.0326308
-0.053764
-0.0360603
0.000929003
0.0274499
-0.0194301
-0.0251654
-0.026634
0.000613316
-0.0481265
-0.0402843
0.032217
0.0214255
0.00800059
-0.0416041
0.0125747
-0.0565223
0.0249822
0.00546128
0.045761
0.00595741
0.0282912
0.00863432
0.0352692
-0.00908678
0.0195532
-0.0226733
-0.0124999
0.0159864
0.0264206
0.0368121
-0.0638488
-0.0447767
-0.0306847
0.00813128
0.0356825
-0.00751314
-0.0104873
0.0268929
0.0332742
-0.00148309
0.00772565
0.0273974
-0.00888555
0.0037622
-0.0303792
0.0446472
-0.00538969
-0.00223476
-0.0321602
-0.0293273
-0.0184239
0.0506417
0.0149478
0.0322052
-0.0283529
0.00657429
0.00859004
-0.0101201
-0.025389
-0.0458257
-0.0439406
-0.00437806
-0.0375003
0.00612268
-0.000825727
-0.0110184
-0.0100237
0.0379415
-0.0307825
0.0467958
-0.0209686
-0.00863031
0.00865504
0.0327717
-0.00214194
0.0398576
0.0137133
-0.0470636
-0.0147672
-0.0185729
-0.0010806
0.0187798
-0.0369153
-0.0388688
-0.0156448
-0.0432518
0.0224461
0.0293184
0.00502016
0.0347988
-0.0254676
-0.0239825
0.0362966
-0.0208966
0.0225055
-0.058027
0.0112595
0.0166825
-0.0299449
0.0190972
-0.0431162
-0.0352198
-0.0431564
-0.0416742
-0.000205228
0.0437085
-0.047667
-0.0313022
0.0214591
-0.0221692
0.00504664
-0.0439147
-0.0197858
-0.0358348
0.0122711
-0.00757898
-0.0341724
-0.0481816
0.0130994
-0.00944934
-0.0242509
-0.038054
0.00402265
-0.00795922
0.0161294
-0.00199161
0.0406824
0.0158031
-0.0268652
-0.0384118
0.0338348
-0.0329556
-0.00266541
-0.0111823
-0.0272413
0.0325325
0.0306394
-0.0309045
0.0156657
-0.0124956
0.0301676
0.0221206
-0.000624598
-0.00190013
-0.0344669
0.0255853
-0.0378966
-0.0428362
-0.018315
0.0194156
0.0482647
-0.0396611
0.03069
-0.0457683
-0.0328374
-0.0487198
-0.001666
0.0405264
0.0344054
-0.0306979
4.39548e-005
0.0406568
-0.00117923
0.00120495
-0.0420981
0.00347509
-0.00192193
0.0319535
0.0037353
0.00588938
-0.0445473
-0.000891657
-0.0058154
0.00288302
0.00955575
-0.0382661
-0.0438992
0.0454142
-0.0496361
-0.0189852
0.0233154
-0.0262962
0.0280758
0.0157427
-0.0134759
0.00200419
-0.0127377
0.0210797
-0.0296503
-0.0345874
0.00529552
0.0278191
0.00876498
-0.0422071
0.0111964
0.0362219
0.0162236
0.0356491
0.0324425
-0.0457667
0.012457
-0.0167441
0.0422913
0.021798
-0.0397415
-0.0377453
-0.0456821
0.0127293
-0.02898
-0.0285866
0.0151273
-0.0313283
-0.0251597
0.039242
-0.00891255
-0.0491556
0.00374879
0.0180648
0.0066016
0.0311775
0.0148377
-0.0118359
-0.00162516
0.0154855
-0.0107264
-0.02298
0.00672145
-0.0250272
-0.0153226
0.041963
-0.0362838
0.00788061
0.0252959
0.0394691
-0.0338203
0.0304835
-0.0150113
0.0450581
0.00670305
-0.0160556
-0.0259848
-0.020463
-0.000354889
0.0223891
-0.0261317
-0.0427281
0.03439
0.00598118
-0.0510355
0.0182436
-0.0366052
0.0389043
-0.0411569
0.000178826
-0.00774219
-0.0244374
-0.00985013
0.0142114
0.0378272
0.00995417
0.0152951
0.0422466
-0.00171712
-0.0360549
-0.00598483
0.0311565
0.0165246
0.0178828
-0.0509944
0.0246435
-0.00816191
-0.00543181
0.0294498
0.050486
0.0439933
0.0286449
-0.0348571
-0.00894401
0.00988243
-0.0378351
-0.00326174
-0.0505306
-0.0345727
0.0127411
-0.0457579
0.0373829
-0.0512009
0.00025302
-0.00464499
-0.0101227
0.0295072
0.032757
-0.0479659
0.0220083
0.033459
-0.0197374
0.0425241
0.0426892
0.0468571
0.0381209
-0.0178981
-0.0125765
0.00191337
-0.0187993
-0.0434875
-0.0113246
0.00054706
-0.0226592
0.0446465
0.0201612
0.0177827
0.0372141
-0.0462688
-0.0393087
0.0480903
-0.0273465
-0.0323754
0.0261403
-0.0229133
0.0392869
-0.0207554
0.0217922
-0.0399535
0.0123293
0.0360469
0.0486036
-0.0323721
-0.0296142
-0.024783
0.0301649
-0.0170691
-0.0272791
0.00892761
0.0199828
0.0120528
-0.0478487
-0.0132881
0.00302143
0.0225111
0.0262294
0.00719797
0.0172621
0.00405867
-0.0194851
0.00208885
0.0248465
-0.0178944
-0.0054296
0.0164083
-0.0491575
-0.024663
-0.055029
-0.0146897
-0.0361303
-0.0448865
0.0184196
-0.0583157
0.0459236
0.00876618
0.0127899
-0.0208855
0.0391205
-0.0221087
0.0455222
0.0163864
0.0401244
-0.0305327
-0.0115175
-0.0203864
0.026496
-0.0469941
-0.0516148
0.00831053
0.000419616
-0.00888953
0.00739135
-0.0619126
0.0296131
-0.0127713
0.00918797
0.0289295
0.0419951
-0.00909619
-0.0171821
-0.0412543
0.00075657
0.0173813
0.00682736
-0.0165698
0.015558
-0.0442138
-0.0401676
0.0346017
-0.0539935
-0.0379914
0.0342304
-0.024225
-0.0137493
-0.0458344
-0.040681
0.0428483
0.011008
-0.0247643
-0.0276984
-0.0018751
0.00665111
0.0352193
-0.0368771
-0.00957386
-0.0422698
0.00550647
0.00480248
-0.0219725
0.0427328
-0.0299761
-0.0203094
-0.0421955
-0.00739844
0.0144964
0.0310461
-0.0262716
-0.0362982
-0.0406707
-0.0313285
0.00235818
0.00817593
0.0163127
0.00657286
0.0165775
-0.00446859
-0.0117077
-0.0337473
-0.00780505
0.0405859
0.0230312
-0.00360258
0.0296469
0.0223025
0.0284859
0.0273168
-0.0408568
0.0394802
-0.00992653
-0.00774074
0.0447585
0.00688877
0.0292156
-0.00879492
-0.0416959
0.00795012
0.000180848
0.0195812
-0.0114265
0.0470182
-0.00979328
-0.0208349
-0.0274043
-0.0164059
0.0212678
-0.0140729
-0.0516543
0.0389548
0.0219261
0.0254904
-0.0382886
-0.0459133
-0.0286308
-0.00576688
-0.0525248
-0.0394889
-0.0350499
-0.000247538
-0.0406339
0.0341906
-0.000178598
0.0327887
0.0311214
-0.0110716
-0.0270916
0.0332338
0.0229222
0.0138642
-0.0024938
0.00872305
0.00478739
-0.0508044
-0.0108473
0.011458
0.0312826
0.0147916
0.0098884
0.00626957
-0.00323819
-0.0176216
0.0262589
-0.019936
0.0430256
-0.0340243
-0.0115526
0.0216051
0.0451588
0.0475756
-0.0289225
-0.00635623
-0.0206489
0.0416155
-0.0151694
0.00639686
0.0345965
-0.0139248
0.0125771
-0.0153503
-0.0320157
0.0144147
-0.0131433
0.0135323
-0.0554466
0.0172121
-0.0237655
-0.00790275
0.0301148
-0.00300657
-0.0148136
0.00095679
-0.0102445
0.0200068
0.0491237
0.0147391
0.032654
-0.0164884
0.0391062
-0.0224343
-0.00750652
-0.00816738
-0.00681368
-0.0203236
-0.0299787
-0.0273283
0.0176144
0.0360741
-0.012766
-0.0129085
0.0060473
-0.0344578
-0.045765
0.0446849
0.0368788
0.0446726
-0.0297242
-0.030019
-0.0314965
0.0146328
0.0471342
0.0204661
0.0446096
-0.0352795
-0.0322888
-0.0319711
0.00109125
-0.038025
-0.0222287
0.038369
-0.000451946
-0.0187049
0.0164795
-0.0248545
-0.0162972
-0.0151855
0.00286924
-0.0283857
0.0447236
-0.00199391
-0.00725059
0.0221829
0.0245074
-0.024617
0.0381403
-0.0220714
0.0260723
0.00983266
0.00697835
-0.0105668
0.0115262
-0.0281033
-0.013762
0.0107931
0.0213503
-0.0194417
-0.0115498
0.0377882
0.0360432
-0.0436632
0.0184795
-0.0430422
0.04774
0.020058
0.0264142
0.0204952
0.00399181
0.0301797
0.052461
0.0500822
0.0285491
-0.0157825
-0.000259291
0.0106669
0.0149237
0.0352306
0.0369097
-0.0330489
0.0196508
-0.0062119
0.0121699
0.0238591
0.0195007
0.0298232
-0.0376743
-0.0239933
0.00857993
0.0205056
-0.0442581
-0.0240614
-0.0424035
0.028744
-0.0331186
0.0160631
-0.0430896
-0.013118
0.00210719
-0.0357933
0.000921148
0.0210349
-0.0512715
0.00643209
0.0331629
0.038934
-0.0447284
0.0100081
0.00159188
0.0316056
-0.0462888
0.0310826
0.00915725
-0.0237105
-0.04604
-0.0261586
0.0348849
-0.0275115
-0.0397392
-0.0286154
0.031033
-0.039279
-0.00495324
0.0420399
0.0255537
0.00397889
0.0154546
-0.0330076
0.0181412
-0.0448916
0.04135
0.0405471
0.0397688
0.0274533
0.0346502
-0.0186084
-0.0398006
-0.0284615
-0.0434244
-0.0250052
-0.00191049
-0.0174274
-0.0277422
0.0404724
-0.0215151
0.0377154
-0.0382614
0.0328007
-0.0133835
-0.0471516
-0.0429054
-0.0460277
0.0175543
-0.0492047
-0.0351277
-0.00658235
-0.040799
-0.0168942
0.0389433
0.0211223
0.00915084
-0.00894469
-0.0498754
0.0137894
-0.00545036
-0.0246316
0.00334693
-0.0027651
0.0219015
-0.0263193
0.0104116
-0.0320055
0.0215579
0.0280869
-0.0442131
0.042984
-0.00662513
0.0338268
0.0408952
0.0326546
0.0378398
0.0224325
-0.0353428
0.00585762
-0.0133483
0.0379821
0.0118635
0.0308863
0.0126771
-0.0258643
-0.025432
-0.0435042
0.0267398
-0.0415271
-0.00240886
-0.0244817
0.0170276
-0.0214685
0.0342563
0.0419544
-0.0327487
-0.0334482
-0.0350256
0.0320953
-0.00782614
-0.0115287
0.0363109
-0.0352403
0.00138608
0.0224424
-0.0189279
0.00472617
-0.00915202
-0.0493603
0.033628
-0.00596917
-0.0151619
-0.016487
-0.0235206
0.040761
0.00552032
-0.0411008
-0.0296629
0.0184034
-0.0475434
-0.000613817
0.0361966
0.000703801
-0.019023
-0.0315014
0.013002
-0.0348613
-0.0593445
-2.52281e-005
-0.00620876
0.0279711
0.0178822
-0.0307536
0.0299361
-0.0334518
0.0289213
0.0511228
0.0486268
0.0125539
-0.0418365
0.0302485
-0.0464354
-0.0378317
0.0221059
-0.00876034
-0.0149633
-0.0446935
0.0448885
0.036155
0.00942445
0.0141121
-0.00459992
-0.0390609
-0.00391644
0.010015
-0.0315871
0.0294248
0.0328987
-0.0345201
0.0281816
-0.0184469
-0.0118648
0.0126666
0.0397133
-0.0160572
0.0346259
-0.00703916
0.0206096
0.0463306
-0.00926244
0.00355977
0.0131665
0.0325023
-0.0114542
-0.0109276
-0.0528649
-0.00545864
-0.00699748
-0.00323428
0.00490717
-0.032026
-0.0108149
0.0249844
0.0418827
-0.0312229
-0.00758732
0.0230872
0.0498445
-0.0245234
0.0305262
0.0315568
0.0277721
-0.0432339
-0.00818845
0.00438546
-0.0259234
0.00703676
0.0102857
-0.0302118
0.0455962
0.0439331
0.0252947
-0.0289367
-0.0228936
0.0289209
-0.00373119
-0.0449297
-0.00268013
-0.00547176
0.0149459
0.0264854
0.0106686
0.0114825
-0.0334442
-0.00965409
-0.00640113
0.0468564
-0.00246011
-0.0220805
0.00727443
-0.0260556
0.0223367
0.0160677
0.00711778
-0.0228942
0.049277
-0.0279346
-0.0430174
0.0199821
0.029962
0.0446004
0.0255126
-0.0490036
-0.0418421
-0.0071632
-0.0421234
-0.0488875
0.0338604
-0.0204171
-0.000458587
0.00315536
-0.0446216
-0.00481301
-0.032947
0.0154184
-0.0260841
0.0117979
-0.0404231
0.00920619
-0.00535825
0.0399005
0.0276076
0.00591957
0.0231148
0.0216156
-0.0304243
0.0115363
0.0432639
-0.0145531
0.0230276
0.0364513
0.00791891
-0.0223732
-0.0424223
-0.0165729
-0.0315328
0.0219969
0.0332413
-0.0143329
-0.0243962
-0.0546359
0.0131379
0.00532021
-0.0457728
-0.0112455
-0.0405028
-0.0376244
0.0384785
-0.0289709
-0.0510025
-0.0475232
-0.00322381
-0.0332793
-0.0147559
-0.0339488
-0.0400971
0.022713
0.0116818
-0.0268873
-0.0141385
0.0269967
-0.00456227
-0.0320361
-0.0462536
-0.0371869
0.0480445
0.0316401
0.00302375
-0.0454567
-0.0222647
0.0197697
0.0340251
0.0341064
-0.0226378
-0.0138997
0.00535716
-0.00202455
0.0395926
0.0335799
-0.0454521
-0.00416329
-0.0319916
-0.0244667
-0.03385
-0.0513983
-0.0239858
-0.0337011
-0.0204356
-0.0336974
0.00596139
6.37303e-005
0.0343288
-0.000785309
0.0436518
-0.00854737
-0.0442914
-0.0286757
0.00709525
-0.00992618
0.0210731
0.0346018
0.0323875
0.0432443
-0.0356035
-0.047764
0.0369273
0.0215901
0.000956176
0.0450467
-0.0101009
-0.0230769
-0.00527116
-0.00404425
0.0366247
-0.046931
-0.0243626
-5.68393e-005
-0.00703315
-0.0319441
0.0327698
-0.0472058
0.0113921
0.0293707
0.0232806
0.0366607
-0.0230036
-0.0178653
-0.0342515
0.0403059
-0.0258125
0.0333817
0.0128272
0.0412989
-0.0254184
0.0119262
0.00478868
-0.00493029
-0.0331772
-0.0237491
-0.0390359
0.0426643
-0.0612925
0.0207948
0.00485618
0.0418733
-0.0369708
-0.0276807
0.0101251
0.0272407
0.0369789
0.0390047
0.00771659
-0.0336345
-0.000241955
0.0402983
-0.000533141
-0.0385057
-0.0287077
0.0375377
0.0301031
-0.00660779
0.0335303
0.0314871
-0.0252284
0.0430494
0.00336943
-0.0177204
0.00872819
0.0285426
0.0031463
0.00253812
0.000972207
0.0492657
0.0402573
-0.0276318
0.0177724
-0.0398602
-0.0280462
-0.0186109
0.0123714
-0.0286056
-0.00216074
-0.0128201
0.0444342
0.0356839
-0.00880571
-0.042717
0.0423854
0.0258871
-0.0424679
-0.00424802
-0.0298456
-0.041027
0.0433865
0.0447391
-0.025081
0.0352386
-0.050698
0.0198762
0.0454537
-0.0375677
0.0230398
0.0369066
-0.0475294
0.00305674
-0.0252396
0.00679965
-0.0466078
-0.0348844
-0.0159398
-0.0452357
0.0436314
-0.0279132
-0.031885
0.0119525
0.000470405
-0.0255215
-0.0207731
-0.0443561
0.0295391
-0.00581081
-0.0147106
-0.0220154
-0.016267
0.00557574
-0.00325778
0.0252627
-0.0328555
0.0150422
0.0275876
0.0502096
0.0059133
-0.00979073
-0.0185605
0.0300159
-0.0463605
-0.00295063
0.00380861
0.0320015
-0.0159438
0.0139554
0.0301375
0.0259593
-0.0207673
0.0031322
-0.0208162
-0.0375986
-0.0180884
0.0440321
-0.0192641
0.0179226
0.0312344
0.0485094
0.0281032
-0.023487
0.0429306
0.013439
0.0357854
0.0131671
-0.0309284
0.0120464
-0.0098655
0.0138691
0.0490052
-0.0395886
0.0333053
0.00375909
-0.0492087
0.00861552
0.0496032
0.00324505
-0.0211154
0.0398217
0.0368985
0.0340558
0.0429165
0.042778
0.0137268
0.0113153
-0.0136788
-0.0142563
0.0221087
0.0219812
-0.042153
-0.0139959
0.0216598
0.0175371
0.000848481
-0.0492033
-0.0121166
0.0427979
-0.00274365
-0.0384422
0.0464405
0.0195623
0.0025988
-0.00883652
-0.0352068
-0.0277412
0.0148966
0.0487734
0.0306159
0.0258056
-0.0217844
0.0404994
0.0373235
0.00752327
-0.0276334
-0.01366
0.00537155
-0.0283578
-0.00162993
-0.000307521
0.0259532
0.0253053
-0.0459893
0.0229037
-0.0486763
-0.0355801
-0.00705114
0.048389
-0.0118686
0.033595
0.017353
0.0191544
-0.0340325
-0.00522663
-0.000687678
-0.0288959
0.0301141
0.0453949
0.0475362
0.0310378
0.0114954
0.0206332
0.00654417
-0.0224076
-0.036168
-0.0363828
0.0450388
0.0469559
0.0456081
0.00312849
-0.0416278
-0.0470111
0.00716549
-0.0108426
-0.0253302
-0.0131032
-0.0398891
0.0230478
0.0249708
0.0036949
-0.0267251
0.000557072
0.00761457
-0.0425052
-0.0481338
0.0269531
0.00770437
-0.0508952
0.0267914
0.0216924
-0.0220944
-0.000661366
0.0136363
-0.0305144
-0.0400303
-0.0147857
-0.0383783
0.0101688
-0.047411
-0.0480072
-0.0305258
0.00844045
0.00896805
-0.022562
-0.00444485
0.0446628
0.0247666
0.0149699
0.035836
0.033973
-0.0121887
-0.0228737
-0.0139286
0.0478346
-0.0197178
-0.0403603
-0.0151226
0.0221774
0.0137313
0.0405471
0.0168256
-0.0106735
-0.0319504
0.0013775
0.00076896
-0.0141098
0.0166218
0.050065
-0.0318468
-0.0500914
0.0273685
0.0424076
-0.0179672
0.0129684
0.0450078
-0.0292283
0.0245022
0.0366014
0.0155227
-0.0270873
0.0333301
-0.0100174
0.0451505
-0.00686124
-0.0338313
-0.0311284
-0.0101415
0.0223761
-0.0191357
-0.043369
-0.0462808
0.0235938
-0.0126753
0.0279165
-0.0048836
0.00385576
-0.00358222
0.0302967
0.029222
0.0365639
0.0318757
-0.0305649
0.0230296
-0.0198832
0.0256509
0.00740414
-0.0334605
-0.000907893
0.0286806
-0.0141825
0.00300988
0.0348351
0.0442663
0.0160246
0.0414212
-0.0507667
-0.0348368
-0.0503668
-0.00867172
-0.0295773
0.0155935
0.0149203
-0.036508
0.0469657
0.0261787
0.0109423
-0.0196715
-0.00924653
-0.0227482
-0.00441388
0.0338991
-0.0311342
-0.00453367
-0.0488895
0.0244854
0.0360036
0.00882029
0.0170623
0.0278278
-0.00851725
0.0373003
0.0104299
-0.0340502
-0.0105135
0.0236902
-0.0280467
-0.00338097
0.0029362
0.0222965
-0.0329568
-0.0116498
0.0280178
0.0219889
0.0419462
0.0341964
0.017059
0.0177673
-0.00360742
-0.0332252
-0.0381432
-0.0244699
0.0244957
0.0404526
0.0411598
0.0156448
-0.038512
0.0405412
0.00710106
-0.0250106
-0.0111014
-0.0166315
0.0394422
0.00984497
0.00804923
0.00965705
0.0479416
-0.025909
-0.018384
0.017171
-0.0238604
0.0119294
-0.0152663
-0.0024449
-0.0589124
-0.0197133
0.021332
-0.0242542
0.0316314
-0.0448003
0.0350372
0.0171546
0.0303512
-0.041833
-0.00670842
0.0362032
0.00960357
0.0418865
-0.0288155
0.0137595
-0.00636661
0.0492505
0.0203169
-0.0505546
0.0108575
-0.0348088
-0.000729768
-0.0347432
0.0407299
-0.0369292
-0.010691
-0.02662
-0.038099
-0.0314222
-0.0355423
-0.0141173
0.00648475
0.0062163
-0.0188943
0.0176169
0.00496569
0.0332075
-0.0273584
0.0394725
0.0345294
-0.00666819
0.0252244
-0.00436289
-0.00567154
0.0359313
0.0174623
0.00171987
0.014745
-0.0353835
-0.0186143
0.0332164
0.0265955
-0.031723
0.022523
-0.00319369
-0.025801
-0.0121
-0.035672
0.0314428
0.0178708
-0.0411016
0.0494013
0.0312494
-0.0434937
0.0246347
-0.0378454
0.013647
-0.0187877
0.0499064
0.0366082
0.0534137
0.00287714
0.0455897
-0.0335125
-0.0448136
-0.01562
-0.043064
-0.0306503
0.0237745
0.0110572
-0.0351526
0.0173208
-0.0116176
-0.0253909
0.0182446
0.0221719
-0.00233998
0.0252571
0.0341637
-0.030978
0.0260252
0.04476
0.0381868
-0.0223441
-0.0479264
-0.00606481
0.0421518
-0.0145438
-0.0281033
0.00263902
-0.0150856
-0.0481143
0.0117375
0.00584561
0.0484409
0.0303421
0.0433433
0.0292374
-0.0283741
0.0344213
-0.0118482
0.0385757
-0.00248957
-0.0216
-0.00621199
0.023721
0.0400476
0.0195331
-0.0188912
-0.0279488
-0.0019723
-0.0486654
-0.0385608
-0.0425006
-0.00697505
-0.0181144
-0.02767
-0.0426242
-0.0292246
-0.00927785
-0.00257786
0.0202625
-0.0223294
0.039478
0.0023504
0.0198648
0.0076017
-0.0439145
-0.0360645
-0.0427925
0.0429852
0.0491674
0.0485059
-0.0442264
-0.00598669
0.0120404
-0.02027
-0.00655
-0.0378722
-0.0065979
0.00261678
-0.0171683
-0.0337281
0.0400129
0.0305546
-0.0077605
-0.022555
-0.0220774
-0.0445348
-0.0423006
-0.0492579
-0.0370176
-0.0379988
-0.0499969
0.0256005
0.0027597
0.0355345
0.0389435
-0.0198994
0.0218546
-0.00457293
0.0501866
0.0397734
0.025667
-0.01982
-0.0470352
0.0290815
0.0367362
-0.0450562
-0.0347951
0.0234905
-0.0208176
0.0314705
-0.0452415
-0.0439219
-0.0383763
0.00434884
-0.0300191
-0.0483754
-0.0210418
0.00763065
0.0265071
-0.0113475
0.0176445
0.0127714
-0.0442711
0.0191645
0.0251106
0.0526284
-0.0306016
-0.0414088
-0.0525839
-0.00763906
-0.0471048
0.0372748
-0.0308389
-0.00164611
0.030301
0.0230616
-0.0109573
0.00534358
-0.00400747
-0.0203371
0.0255787
-0.0348087
0.00760684
0.0481809
0.0228256
0.0307191
-0.0276042
-4.57512e-005
-0.0166758
0.0504806
0.0263791
0.0260785
0.0226284
-0.0248569
-0.0287118
-0.0269722
-0.000684734
0.0115805
0.0350077
-0.012037
0.00515129
-0.00847409
-0.0153597
0.015183
-0.0230113
0.0427872
0.00385354
-0.0497914
-0.0478949
-0.00144491
0.019079
0.0368759
-0.0221816
0.0416945
-0.010062
-0.030493
-0.0287405
0.032617
-0.0501834
0.0167784
-0.0164408
0.0302814
0.0416676
-0.0292571
0.00178952
-0.038325
0.000589122
0.0291586
0.0120902
0.00992351
-0.0259146
-0.01979
-0.00213994
0.0161856
0.0349204
0.0481085
0.0350387
-0.0286484
-0.00182658
-0.0425811
-0.0407014
-0.00262552
0.00875604
0.0533488
0.0358072
0.0242872
0.0332025
0.00574433
-0.0361754
0.0140279
0.0246999
-0.0326763
-0.0374858
0.0222233
-0.0450093
0.00283551
-0.0177175
-0.0364413
0.0248148
-0.00420947
0.0185
-0.0146914
0.0459751
0.0140557
-0.041619
0.0512406
0.0435542
0.0182218
0.0209858
-0.02193
-0.0378935
0.0269852
-0.0231084
0.0130778
0.0114191
-0.0338728
0.0168558
-0.00530505
-0.00780067
-0.00616733
0.0102757
-0.0414525
-0.0353937
0.0266557
-0.00733191
0.039944
-0.039363
0.0180905
-0.0490601
0.0362389
-0.0342581
-0.0207156
-0.0243389
-0.0240564
0.0167356
-0.0145916
-0.0195875
-0.0364707
0.0210392
0.0152834
0.00278243
-0.0119013
-0.0388352
-0.0106049
0.00519399
0.0438473
-0.0467574
-0.0295465
0.0350666
-0.0357396
-0.0393402
0.0249609
-0.0192359
0.0251161
0.0211496
-0.00107674
0.0358249
0.0210359
-0.0115334
-0.0265073
0.0480149
0.0203162
0.0226001
0.0194257
0.0405884
-0.0403103
-0.0284648
-0.0462351
-0.0131049
0.0105257
-0.0478386
0.0252875
0.0396249
0.0460734
-0.030475
0.0466794
5.93511e-005
-0.0186976
0.013424
0.0435964
-0.0287611
-0.0141142
0.0238553
0.0400355
-0.0418458
-0.0495899
0.00629704
-0.0370639
0.0474356
0.0209619
-0.0303741
0.00695334
0.0290712
0.0409579
-0.0334617
0.0408308
0.0446559
-0.0483792
0.0166174
-0.0442926
0.0466962
0.013359
-0.0218991
0.0423449
-0.0206948
0.0333311
-0.0181683
0.0362922
0.0432277
-0.0244313
0.0435455
-0.0317566
0.0225879
0.0247699
-0.00120424
0.0362209
-0.00763079
-0.0484613
-0.00427082
0.0256339
-0.0305399
0.0372723
-0.0417737
-0.0241288
0.0151749
-0.00848109
0.0250529
-0.0214407
0.0244359
-0.017132
-0.0353404
-0.0478126
-0.0413278
-0.0195214
0.0124815
-0.0432774
-0.0365927
0.0492669
0.00417508
-0.0354345
-0.0287385
-0.0270437
0.0505864
0.0198479
-0.0500836
-0.0148097
-0.000336539
-0.0380237
0.0439066
0.0226459
0.0351374
-0.0356516
0.0420571
-0.0158894
0.0171601
0.0189793
0.0423477
-0.0481772
-0.000767351
-0.0389711
-0.00822962
0.0226591
-0.0471264
-0.0198407
-0.0203765
-0.00885984
0.0255273
-0.0274553
0.0219596
0.0355323
-0.0343264
-0.0237817
0.0478546
-0.0219427
0.0215045
-0.00950142
0.0336477
-0.00991698
-0.0217539
0.0222489
0.0478511
0.0347997
0.0286968
-0.000864067
-0.0150057
0.0149198
0.0332215
-0.00142101
0.0161648
-0.0260365
0.0440248
0.035383
-0.0339577
-0.0463574
0.0276085
0.00441772
-0.00868567
0.0120258
-0.0374528
-0.0123498
-0.0249801
0.045925
0.0018754
-0.0165856
-0.0115007
-0.00485904
-0.00564466
-0.0334139
0.01606
0.00195611
-0.0170521
-0.0303489
0.0448132
0.0396735
-0.0475494
0.0154179
0.0202835
-0.000701323
-0.00158612
-0.0387157
-0.0476075
-0.00808601
-0.00502534
0.0337001
0.0438857
0.00698947
-0.0469756
-0.0282534
0.0165419
-0.025195
0.0293855
0.004997
0.0391803
-0.0334489
-0.0301977
0.0492096
0.0483006
-0.0172677
-0.0236174
0.0106677
-0.0515227
-0.000711717
-0.0145627
0.0187426
0.0270488
-0.0341754
0.0435407
0.0113718
-0.0499105
0.0474801
0.0220859
-0.0213916
0.0226563
0.0162434
0.040897
-0.013884
0.0157783
0.0261223
0.014514
-0.0462778
0.0465581
0.000773813
-0.00701318
0.0405717
0.00524421
0.0392132
0.0483987
-0.0505228
-0.00371605
-0.00372782
-0.0307707
-0.00718287
-0.0170633
-0.00761197
-0.0113541
0.019384
-0.0155405
0.0147042
0.0102575
0.0489264
-0.0250991
-0.0148254
-0.0434768
-0.0208894
-0.0349342
0.0289714
0.0386765
-0.0120183
-0.0251767
-0.0200873
-0.00787582
-0.013708
-0.0240411
-0.00562293
0.00477753
-0.00494236
-0.0222412
-0.0127837
0.00845492
-0.00987944
-0.0116241
-0.02147
-0.00544357
-0.00786524
0.0331017
0.0381611
-0.0128121
-0.00226311
-0.0416398
-0.021271
0.0360655
-0.00488019
-0.0154092
-0.0251034
0.0321848
0.00628773
0.0142059
0.0110864
0.02482
-0.0354978
-0.012655
-0.0115704
0.0161044
-0.00394282
0.0519366
0.0195368
-0.0396021
-0.0157798
0.035856
-0.0131623
-0.0375727
-0.0240101
-0.00276392
0.0196384
-0.0481017
0.0540253
0.0090066
-0.00926916
-0.0156039
0.0154871
-0.0443467
0.0174368
0.0371012
-0.0453516
-0.0449005
0.00554976
-0.00378749
0.0552807
0.0466754
-0.00481394
-0.018698
0.0482147
0.00949658
-0.0214212
0.00370734
-0.00327261
-0.0338517
0.0248956
0.0237949
0.0306662
-0.046018
0.0461593
0.0320952
-0.0312342
0.0216385
-0.00462899
0.0333995
0.0126973
0.0398642
0.0438999
0.0361388
0.00186236
-0.0361085
-0.02946
0.0188156
-0.0232698
-0.043917
-0.00648585
0.041393
0.0183939
0.0255014
0.00696668
-0.04145
0.0117976
0.00843293
0.000680819
-0.00293905
-0.0246797
-0.0431366
0.0489332
0.0383093
0.0480361
-0.0017789
-0.00697805
0.0448183
-0.00126349
0.0298597
-0.0153424
-0.0370583
-0.0137133
0.0112333
0.0319618
-0.0210779
0.0208218
-0.0284556
-0.0410895
-0.0451186
-0.0349967
0.05055
-0.0164443
-0.0461094
-0.0286477
0.0037139
0.0464987
-0.0105671
0.0197627
0.0246293
-0.0444142
-0.0461149
0.00911461
-0.00670636
-0.00614925
0.000288663
-0.037896
0.0225125
-0.0118754
-0.0481008
0.0392436
0.00788054
0.0171092
-0.0440264
-0.00885356
0.0258486
0.00227065
-0.00993858
0.00963821
0.036908
-0.0210751
-0.0214151
-0.0423585
-0.0149551
0.0490104
0.0421391
0.00525201
0.0125258
-0.00361316
-0.0461042
0.0336883
-0.00390233
-0.0425349
-0.0495466
-0.0123412
-0.0127436
0.0516909
-0.0210622
-0.00075843
-0.0267399
0.0142697
0.0184282
0.0262108
-0.00103179
0.0194325
-0.0241896
0.0243779
-0.0488795
0.0422624
0.0403083
0.0414616
0.0200697
0.00631586
-0.0111962
-0.0337243
0.00525637
-0.0139273
0.0265934
-0.0168082
-0.00673575
0.0139144
0.0107183
0.0121479
0.0448233
-0.0469688
-0.0234715
-0.0224879
-0.00623681
-0.0205904
0.00292629
-0.0101257
-0.0122989
-0.00980438
0.0268645
0.035069
-0.0302299
-0.0223487
-0.0376275
0.0107043
-0.0279439
-0.0485093
0.0343572
-0.0473669
-0.0351
-0.0066124
0.0475217
0.038644
0.04015
0.0292927
0.048398
0.00390234
-0.0445579
0.0319012
-0.0288843
0.0318696
-0.00702436
0.0109292
0.0354197
-0.0237994
0.00638627
0.0272797
-0.0275098
-0.0364283
-0.00706262
-0.0441876
-0.0307869
0.00824189
0.0461294
-0.0237561
0.0158732
-0.0274668
0.0428787
-0.022757
-0.0202443
0.0309646
0.0242879
-0.0274873
-0.0140355
-0.00627274
0.0137531
0.0314784
-0.04159
0.0421878
0.0283206
-0.0355554
0.0271638
-0.0389042
0.0450899
0.0380932
0.0473716
-0.040414
-0.0390936
0.0097211
0.0491656
-0.0404493
0.00677588
-0.0140619
-0.0376192
0.0294497
-0.0205293
-0.039113
0.00412766
0.0393587
0.0231495
-0.0207314
0.0136386
0.0151205
0.0135481
-0.0465854
0.00262421
-0.015445
0.0390851
-0.0209109
0.0353993
0.00268845
-0.00573031
0.00543346
0.0210433
-0.0170115
0.004252
-0.0421179
0.0489279
0.0362941
0.0323932
0.0305719
-0.037265
0.0139354
0.0383166
-0.0260778
0.0306954
0.0473938
-0.0281136
-0.0293667
-0.0449769
0.0240231
0.046267
-0.0444775
-0.0353022
-0.00206261
-0.038173
0.0247909
-0.0456559
0.0329481
0.0208004
-0.0148242
-0.0480912
-0.033585
-0.0361798
0.0244738
-0.0239517
-0.0370615
-0.0505253
0.0372553
-0.00827671
-0.0153958
0.0361416
-0.0387752
0.00554433
-0.0298847
-0.0134849
-0.0478232
0.0202636
0.0483286
-0.0416009
0.00189868
-0.0255577
-0.0335407
-0.0425082
0.0215441
0.00523757
0.0273458
-0.0262715
-0.0495936
-0.0284379
-0.00159742
-0.0495299
-0.00707668
0.0174963
0.041984
0.00744859
-0.0354952
-0.0342133
-0.00476964
-0.0271392
0.0504001
0.0422094
0.0129824
0.0261839
-0.0382583
0.040854
-0.0278547
0.042273
-0.026268
-0.0155852
-0.0100855
0.0229776
-0.0466779
0.0184612
-0.00187007
-0.0249837
0.0327952
0.00759346
0.000965735
-0.0349142
-0.0233605
0.0486709
0.0179947
0.0186034
-0.0315361
0.0476207
0.0167775
0.0138887
-0.0422359
0.0437093
-0.044181
0.03647
0.0200399
-0.0138136
0.0117609
0.0039709
-0.03807
-0.00973178
-0.0310567
-0.0168773
0.024112
0.00345036
-0.0307543
-0.0188514
-0.0170406
0.0215284
-0.0454746
0.0199093
-0.0359717
-0.0400724
-0.0280739
0.0087607
0.0240607
0.0404356
0.047709
-0.00381355
0.0129337
-0.0300252
0.00791399
0.031031
0.0068845
0.0155071
0.03939
0.00490139
-0.0153136
0.0199756
0.000543096
0.00763713
-0.0245487
0.0492807
0.0115263
-0.0174779
0.0113978
-0.0358537
0.0431197
-0.00567402
0.0389677
-0.0225803
-0.0211499
-0.00684498
0.0246378
-0.0281035
0.0459463
0.00947536
-0.0058106
-0.028216
0.0353432
-0.0485637
0.0491866
0.0363708
0.00658922
0.0371044
-0.00859662
-0.0364127
0.032775
0.0279652
0.0162903
-0.0412725
-0.0334692
0.0142041
-0.0101112
-0.0297803
-0.0458196
0.00301196
-0.0232569
-0.0255784
0.0176817
-0.0343963
0.0346407
0.0507518
0.0118374
-0.00265586
0.0467865
-0.0339056
-0.0180447
0.0178646
-0.0369946
0.0343575
0.0418485
0.0434493
0.0319238
0.0145296
0.0394146
-0.0468852
-0.0228161
0.0302852
0.0341554
0.0510611
0.0131559
0.0335817
0.0437817
0.0432003
-0.026083
-0.0192693
-0.0457463
-0.00519074
-0.00897894
-0.0468962
-0.0471749
0.0369179
-0.0141351
-0.0412786
-0.00313097
0.01075
-0.00779139
-0.0243904
-0.0113427
0.0238082
-0.00922478
-0.0184721
0.0204952
0.016468
0.0406052
-0.0271117
0.00282298
0.0398761
-0.00312219
0.027565
0.0358018
-0.000269817
-0.000281877
-0.0133627
0.0202824
-0.0484878
-0.0284466
-0.0370277
-0.0253121
0.00217229
0.0500283
0.0405221
-0.0358204
-0.0127515
-0.0489895
0.00529899
-0.0120899
0.0260289
-0.047888
-0.0404266
0.0388518
-0.0447078
0.00994651
0.0350284
0.0425473
0.00936024
-0.00535759
0.0174068
0.0276247
0.00858718
-0.0309452
0.0251405
0.0457506
0.00768213
0.031848
-0.0180199
0.0367241
0.0461217
0.0107141
-0.0230246
-0.0256545
-0.0422079
-0.0295819
-0.0162608
0.0253113
0.0484067
0.00130192
0.0358279
0.0319437
-0.00509262
0.049782
-0.0229874
0.0391355
-0.0133794
0.0339099
-0.0207867
-0.0430156
-0.0471325
0.0169892
0.0502883
0.0194313
-0.0125038
-0.00780003
-0.0310123
-0.0440678
-0.0219956
-0.00526473
-0.0046512
-0.00819097
-0.0402906
-0.0142881
0.0377265
0.0251595
-0.0119983
0.0131768
-0.0447759
0.0462088
-0.0314387
-0.0430594
-0.0220881
-0.0204487
-0.010905
0.0217272
0.0247156
-0.0256326
0.0278131
-0.0468782
-0.030895
0.0480881
-0.0344328
-0.00709813
-0.000155589
0.00700255
-0.0277048
0.0315753
-0.0437574
-0.020295
0.024311
-0.00608381
0.0184519
0.0260031
-0.0201474
-0.0174914
0.031572
-0.00568618
0.00544997
-0.0463678
0.0406064
0.00415055
-0.0379669
0.0409337
0.0281642
0.00251065
-0.0458443
-0.0491984
-0.00300469
-0.0422078
0.0287675
0.0366442
0.0226338
-0.0170455
-0.0431909
-0.000398956
0.0103199
0.00824704
-0.0150911
0.0500913
-0.0309743
0.0325723
0.0385172
-0.0297728
-0.0390544
0.0444804
0.0292892
-0.041385
0.00775058
-0.0441577
0.0164009
0.00452065
0.0338251
0.027146
-0.0226072
0.0390514
0.0319612
-0.0433797
0.0333927
0.0395031
0.0104414
-0.0280441
-0.0160172
0.0331468
0.0233594
0.0376812
0.030544
-0.0313085
0.0365125
-0.0320217
-0.00864101
-0.0358684
0.0401083
0.0226869
0.00746632
-0.00396174
0.0460317
0.00382206
-0.0337857
0.0512689
-0.0150393
-0.0137442
0.017193
-0.00201138
-0.0485688
-0.00371412
-0.00588402
0.0204773
0.0124962
0.00400913
-0.047632
0.0174922
-0.00571223
0.0458255
0.025161
-0.0349849
0.0168071
-0.0175416
-0.0258453
0.049421
0.0507432
-0.00191254
-0.00667545
-0.00873925
-0.0280216
-0.0390375
0.00443549
-0.0391995
0.0123713
0.00954587
-0.000632203
-0.0309686
0.0444429
-0.0355064
-0.00644888
0.00226552
0.0286722
0.0425085
0.0396737
0.0299753
-0.0449925
0.0125095
0.0412974
0.0434253
0.000211317
-0.036656
0.0285304
0.0399587
0.0209887
0.00814069
-0.0283494
0.0185437
0.043324
-0.0509772
0.0435064
0.00978949
0.033985
-0.0251479
0.00151691
-0.0108322
0.0147868
0.0170775
-0.0316635
0.0111316
0.0324415
-0.0264251
0.0250808
0.00767465
0.00607486
-0.0484591
-0.0178357
-0.00632583
0.0131497
-0.0473974
0.00390695
0.0055252
-0.0140032
-0.03886
0.00472345
0.03417
0.0149896
-0.00936038
-0.00380452
-0.015794
0.0162478
0.0452933
0.0231335
-0.0115773
-0.0406899
-0.0177873
-0.0483333
0.0353599
0.0248748
0.048311
-0.0404373
0.0443859
-0.0383795
-0.000864564
-0.0237043
0.0376753
0.0504964
-0.0376445
0.0264619
0.0135647
0.000946768
0.000472933
0.0498102
0.0196686
0.0346411
0.0315795
0.0128764
0.0120657
0.044682
0.0233604
0.010146
-0.0167915
-0.00903828
0.0411542
-0.0380254
-0.0359234
0.048723
0.0084403
0.00833724
-0.0277087
0.0276359
-0.0407871
0.0014454
0.0186853
0.0139447
0.0298889
0.00920517
0.0396399
0.0351454
-0.0308868
0.0231556
-0.0295679
0.00241468
0.0328045
-0.0312966
0.0297628
0.0371521
0.0145084
0.0469248
0.00923653
0.0219547
-0.00693067
-0.0328031
-0.0237545
0.00312679
-0.0385635
0.0321663
-0.039235
-0.033218
-0.0153864
0.00696492
0.0149338
0.0255298
-0.0209304
-0.0433048
-0.0399793
0.0304254
-0.0438351
-0.029224
-0.00934997
-0.0452263
0.016592
-0.0408123
0.0239974
-0.0349867
0.0319906
0.0503197
0.00584975
0.00535651
0.00688783
0.0448872
0.0413015
0.0247372
-0.00327426
0.0131727
-0.0446535
0.00377758
-0.0229305
0.0386025
-0.0254819
0.046812
0.0432121
-0.0204273
-0.00528093
0.0361324
-0.024133
0.0333587
-0.0237232
0.0233766
-0.0243426
0.00291527
-0.00375346
0.0193198
0.00305457
-0.0342092
0.0126964
0.00415147
-0.0252742
-0.0393828
0.0509266
-0.0416207
-0.0425567
-0.022198
0.00285401
-0.00559644
0.0254691
-0.0181619
0.0409376
-0.0429903
0.0170237
0.0291612
-0.0166756
-0.0158334
0.0146633
0.044259
-0.0208421
-0.00864754
-0.020146
-0.0221406
0.0460756
-0.0351926
-0.0139015
0.0349488
-0.00498716
-0.047449
-0.0205876
0.0083291
0.0446406
0.00434826
-0.0382794
-0.0187902
-0.0110005
0.054062
-0.02737
-0.0210625
-0.0335437
0.0414781
-0.00874031
0.000384111
-0.0207391
0.0543081
-0.0503945
0.0049141
0.0390412
0.0362374
0.0463093
0.0159147
-0.0445909
0.0418834
-0.0388991
-0.0192644
0.0369853
0.0040549
-0.0145483
-0.0136766
0.0361786
-0.00632793
-0.0476229
0.00958027
0.0303569
-0.00601619
-0.0428454
0.0413267
-0.0165383
0.019492
0.00108907
-0.0221539
-0.0166451
0.0401772
-0.0277489
-0.0151661
0.0473325
-0.0235009
0.0250391
-0.0232218
-0.023636
0.0481542
-0.0377695
-0.0138469
0.0555558
0.0523539
-0.0315054
-0.0390019
-0.020669
0.0354037
-0.0163607
-0.0278999
0.0246739
0.000417435
-0.0244634
0.00353012
0.0125387
-0.00189044
-0.0285199
0.0174673
0.00554586
0.0520419
-0.0387885
0.00221691
-0.0195853
0.0211111
-0.000432475
0.0409512
-0.0499326
0.0480776
-0.00320568
0.0354318
-0.00120622
-0.0120444
0.0181278
-0.0380055
0.00508225
-0.00483481
-0.0395337
-0.000919959
-0.000122463
0.0420876
-0.0164944
-0.00727291
-0.0332602
0.0422131
-0.0349279
-0.00644383
-0.0339976
-0.00983254
0.00184678
0.0284129
-0.0204194
0.0288693
0.00604094
-0.0245546
-0.036086
0.000883828
-0.0311963
-0.0331882
0.0160285
-0.0034886
0.0321943
-0.0180106
0.00353744
0.0339639
-0.0375228
0.014218
0.00187641
-0.0254415
0.000519783
0.000706551
-0.0123602
-0.0438734
-0.00142982
0.042097
0.0158026
0.00648941
-0.0178924
0.00757756
0.00801165
0.0134853
0.0442979
0.0115697
0.0430065
-0.0434328
-0.0455874
-0.0131717
0.0208348
0.0468423
0.000715222
-0.0480607
0.0086061
-0.0305192
0.00635229
-0.0224787
-0.0471231
0.00265592
0.0449569
0.0231716
0.0419417
-0.000658558
-0.0323837
0.016247
0.020871
-0.0140224
0.0410742
0.002234
0.0411866
-0.00467106
0.0479403
0.0221093
0.048368
-0.0286512
-0.00277242
-0.0211586
-0.0369339
-0.0476526
-0.0263591
0.0493306
0.0110734
-0.0053302
0.00183434
-0.0246028
0.0131345
0.0241276
-0.029475
0.00740053
-0.00454202
-0.0106571
0.0156148
0.0487856
-0.0402103
-0.00383411
0.0136023
0.036944
0.0486818
-0.00231737
0.0282709
0.0495457
0.0480503
0.0280053
0.0276972
0.0476512
-0.0349942
0.0405466
-0.033253
0.0460941
0.0376387
-0.046661
-0.0144039
0.0293199
-0.022782
0.0474707
-0.00345026
0.0057216
0.0472853
0.0373894
0.0164533
0.0107722
0.0502228
0.0452021
0.0328813
0.0482559
0.0152867
0.00647675
0.0285825
-0.00638766
0.000957631
0.0277597
-0.0202165
0.0468725
-0.0363576
0.0388913
0.0478377
0.0380447
0.0266501
-0.0404831
-0.033804
0.00834613
-0.00998004
0.00727051
-0.0359994
0.0261315
0.0379009
-0.028186
0.0054973
0.00286045
-0.0443427
-0.00174486
-0.00274517
-0.041041
0.0208968
-0.00328833
-0.0415247
-0.0353383
-0.00132594
-0.0104514
-0.031299
-0.040539
-0.0125681
-0.0250547
0.0207351
-0.0505443
-0.0495654
-0.0253645
-0.0173243
-0.00679178
-0.031549
0.0341281
0.00622598
-0.0414794
-0.0245674
-0.0183452
0.0359424
-0.0154328
-0.00951435
0.00403365
-0.0462579
0.0186848
0.0106447
0.0208137
0.0157083
-0.0287068
-0.0163558
0.0274908
-0.0440969
0.0387447
0.0253544
0.0177898
0.0366272
0.0490264
-0.00583931
0.00826961
-0.0258079
0.00647034
-0.00720875
0.00235882
-0.0337544
0.0462996
0.0134221
0.0299892
-0.00380963
-0.0231439
-0.0250013
-0.0452974
-0.0178955
-0.0157222
0.0106393
0.0403609
-0.0349298
-0.00612784
0.0130618
0.0195832
0.0304454
-0.000466393
-0.000708913
-0.00706573
-0.0132131
-0.0100809
0.043212
-0.0187501
-0.00952086
0.0109453
-0.0156351
-0.0433944
-0.0275583
-0.0484844
0.00639463
0.00351681
-0.0210045
-0.0322423
-0.048695
-0.0145015
-0.0481589
0.0373939
-0.00417799
0.0274745
0.0380071
-0.047724
-0.0493541
0.0450385
-0.0250389
-0.0403149
-0.00882928
0.0391513
0.0432477
0.042314
0.00134154
0.00887179
0.0235604
0.0418821
0.021363
-0.0158615
0.0369761
0.0452514
0.00144556
0.0203375
0.0477716
0.0140549
0.0331539
-0.0279086
-0.0442609
-0.0171389
-0.0380433
0.00337833
0.00434852
-0.000110099
-0.0221918
0.0115644
-0.0130163
-0.0478286
0.0442248
0.0500414
0.017112
0.0415718
0.00382044
0.0295888
0.0238022
0.0362321
0.00389075
-0.038062
0.039021
-0.00182654
-0.0355369
0.0491428
0.0434327
-0.017053
-0.0342062
-0.0404296
0.0347155
0.0113918
0.0456685
0.0233241
-0.0117121
0.044569
-0.00147954
0.0504791
-0.0263667
0.0216478
-0.0158731
0.0363476
-0.0276407
-0.00774852
-0.0011619
-0.0493491
0.0298404
0.0503378
0.0326059
-0.0356973
-0.0137293
-0.0403434
-0.000946302
0.00127711
0.00916487
-0.0397518
0.00201285
0.00987676
0.024527
0.000227027
-0.0226042
0.00707999
-0.0294359
-0.0498016
0.0390969
-0.0209307
0.0178222
-0.0475514
-0.0100027
-0.0456013
-0.0189134
0.0392322
0.0118162
0.0408825
-0.0142647
0.00964315
0.00393223
0.00986664
0.0467826
-0.0102509
-0.00645532
0.025695
0.00221398
0.0289084
-0.0442143
0.0450762
0.00842973
0.0146652
-0.00738236
0.0193885
-0.0482273
0.0124681
0.010524
-0.0484438
0.000957059
0.0341104
0.0465885
-0.0112117
0.0395478
0.0439416
0.0432714
0.0204724
-0.0403182
-0.00633807
-0.0226102
-0.0119946
-0.0261958
-0.000481835
0.0232834
-0.0489366
0.0173185
-0.0447755
0.0283199
0.0154714
-0.0151599
0.00636994
0.0221508
-0.0336224
0.0210366
0.0436351
0.0179819
0.0445733
0.0443025
-0.0221456
0.022339
-0.0420774
-0.0318788
0.0488319
0.0185924
0.00856508
0.000972204
-0.000841756
0.0483046
0.00838308
0.0474217
0.00723022
0.0365359
-0.0463896
0.0354604
-0.0163944
0.0032494
-0.0289048
-0.0131128
0.0336473
0.00342278
-0.0502163
0.0188143
-0.0113369
0.025261
0.0207163
0.0337445
0.0150097
-0.00410458
-0.0327328
-0.0195456
-0.0079067
0.0451748
-0.0503426
0.021725
-0.0240965
0.0404225
0.0116115
0.00686731
0.0396877
-0.0318986
0.0473521
-0.0287608
-0.00531101
-0.0373626
0.0280141
0.0243119
0.0307573
-0.0354301
0.026913
0.0032038
-0.00243246
0.0201667
-0.0381218
0.0278894
0.0149042
-0.0332972
0.0159982
0.0298786
-0.00933567
-0.0323975
-0.0111841
-0.0102229
-0.00509769
-0.0119725
0.0192545
0.0129863
-0.0125826
0.0258476
-0.00900375
0.00683831
0.021192
0.0472068
0.0369084
-0.0164964
-0.0337549
-0.0361532
0.0191566
0.0436719
-0.0474068
0.00920128
0.0417489
0.025649
0.0150888
0.00211922
0.00123659
-0.00971043
-0.0265169
0.0331048
0.0296885
0.00836446
0.024007
0.00163647
0.0222869
-0.0482075
-0.0349113
0.046065
0.0222974
-0.00479217
0.0449798
0.0121962
0.0506076
0.0143891
0.049105
0.00837026
0.035007
0.0241348
0.0170181
-0.0229568
0.0493473
-0.0468089
-0.00395967
0.0134069
0.00757931
0.00569021
0.0443954
0.00222352
0.0324974
-0.0503514
-0.0203777
-0.0176361
0.00881959
-0.041671
-0.0450385
0.00047936
-0.00247052
0.00706669
0.0204355
-0.0186159
-0.0183651
0.0268191
3.35646e-006
-0.0338965
0.00998793
-0.0118853
-0.035248
0.0511993
-0.0358439
0.0282348
0.0303641
-0.0385403
0.0506147
-0.0339087
0.0455829
0.0354309
-0.0233289
-0.00226017
0.0313583
0.0043658
0.0284061
-0.0115198
-0.00629389
-0.0469781
-0.0400694
-0.0245278
0.0170886
-0.0120816
-0.0402998
0.0413678
0.0211245
0.0422791
-0.0155468
-0.0320096
-0.00401541
-0.0122922
0.00970565
0.0413305
0.0496408
0.0474882
0.023835
-0.0447611
-0.00889413
0.00746199
-0.0171128
0.0470797
0.0408869
0.00911423
-0.0280889
-0.0259279
0.0139319
0.0179798
-0.0125681
0.0440101
0.0255747
-0.037968
-0.0429161
-0.0352154
0.0356637
0.0163704
-0.0298191
-0.00985648
-0.0353071
-0.0487272
-0.0128753
-0.0175477
-0.0332418
-0.00318297
-0.00109957
0.045543
0.0293545
-0.0391888
-0.0359182
0.0511776
-0.0395902
0.036828
0.00945121
0.0118245
0.039994
0.0479966
-0.0204612
-0.0121147
0.0232956
-0.0196373
0.0193222
0.0179365
0.00883935
0.00520367
0.0459401
0.026339
0.0192008
-0.0266084
0.00715825
-0.0412178
-0.00251681
0.010593
0.00584607
0.0389462
0.0375629
0.0500499
0.0501278
0.0138153
-0.0388944
0.0192459
0.0153414
-0.0285967
0.00638642
-0.00988437
0.0211162
0.034759
-0.033111
0.0423389
-0.0499374
0.020083
-0.0241677
-0.0404438
0.0520185
0.0469853
0.0377297
-0.0469721
0.023298
-0.0327358
-0.0213771
-0.0356631
-0.0402771
-0.0156045
-0.00284023
0.00105928
0.0286749
0.00417818
0.0206681
0.0223438
0.0422034
0.0272661
-0.0435446
0.0401673
-0.0396508
-0.0218254
-0.0291183
0.0500791
0.0122974
0.0376225
-0.0354478
-0.03937
0.00480828
0.0324751
-0.0148407
0.048778
0.023603
0.0413112
0.0288189
-0.0412347
-0.0306322
-0.00118409
0.00549143
0.0345321
0.0402831
-0.0227055
-0.0122991
-0.0209682
0.00280189
-0.0464963
0.0244074
0.0268355
-0.02248
0.00698789
-0.0438036
0.00757713
-0.0428936
0.0289823
0.00015434
0.0128732
0.00160328
-0.000739951
0.0311767
-0.0481725
0.0231407
0.00500089
0.0505626
-0.0280608
-0.00671093
0.0462323
-0.0489408
-0.050249
0.0169905
0.0325711
-0.0123375
0.0454402
-0.0323652
-0.0155368
0.0318219
-0.0173789
0.0473037
-0.0364633
0.0427025
-0.0014713
-0.0300504
0.03519
0.0476507
-0.00611691
0.0267512
-0.00643743
0.0244776
0.0135328
0.0225007
-0.0503326
-0.0019375
0.0408442
-0.0442809
0.0154538
-0.0381838
-0.0220278
0.0349908
-0.0271256
0.0122954
0.0380375
-0.0290018
-0.0134626
0.00182539
-0.00626152
-0.0150813
0.016954
0.0330884
0.0259526
0.0437452
0.012973
-0.0376895
0.00113395
-0.0472248
0.047036
-0.0429651
0.0426656
-0.0482528
0.0336039
-0.0354205
0.0113846
0.017295
-0.0263902
0.0364917
0.0291843
0.0230874
0.0407967
0.00329958
0.0464972
0.0374568
-0.0222311
-0.0463925
0.00116769
-0.000611599
-0.0202731
0.0141573
0.00561473
0.0461957
0.0335326
0.0351843
0.0022189
0.0349438
-0.0158816
-0.0390712
0.0296253
-0.0317305
0.0226971
-0.0469729
-0.0163136
-0.0149976
0.0287371
0.0296133
-0.00764227
-0.0461855
0.00684795
-0.0321603
-0.00216572
-0.00892628
-0.0282222
0.0469497
-0.0127191
-0.000708928
-0.0218502
-0.0327428
0.0125108
0.0373821
0.0354645
-0.0173305
0.031271
0.0191715
0.0510797
0.0248796
-0.0234529
0.0438686
-0.0374318
0.0102918
0.00636245
-0.0188976
0.0064527
0.0361088
0.0173885
0.0466523
0.0480936
0.0340398
-0.0260049
0.0114
0.0400132
0.043815
0.0141138
0.0217671
-0.00594141
-0.0430691
0.0273099
0.0520587
0.040759
-0.017473
0.00823062
-0.0188258
-0.0244562
-0.0438048
0.0475655
-0.00500078
0.0299506
0.0248837
0.00641591
0.0413185
0.0388167
-0.0368118
-0.0244942
-0.033588
-0.0108097
-0.0389381
0.0228879
0.0129945
-0.0400352
-0.0435387
-0.000629919
-0.0260803
0.014268
-0.0472795
0.00792634
0.0169251
-0.00947474
-0.0133211
0.0359
0.0178024
-0.0222502
-0.0413989
0.00587917
0.00440282
0.0299327
-0.0273426
-0.0332601
-0.028028
-0.00432659
0.00299302
0.0111379
-0.0288194
0.00258883
-0.027303
0.0195659
0.0222377
0.0157904
0.0123257
-0.0431756
0.0382854
-0.039815
-0.00521938
0.0377223
-0.0379858
0.0296455
0.0445334
-0.00393523
-0.0447877
-0.0359411
-0.0210598
0.00698218
-0.0449347
-0.0380827
0.0149062
0.00642612
0.0265973
0.0341575
-0.0348434
0.018892
-0.0325863
0.014136
-0.0368716
0.00104112
0.0495613
0.0499352
-0.0234504
0.0378936
-0.0490621
-0.0136757
0.0262247
-0.0377818
0.0307164
0.0207063
0.0129158
-0.00829425
-0.00664771
0.0327917
-0.018686
-0.0251665
-0.0174133
0.0033622
-0.0287881
-0.0461387
0.0292973
0.0259071
-0.00848424
-0.0141382
-0.0454447
0.0170532
0.0499184
-0.0259271
0.0171212
0.0208394
-0.0442365
-0.0452395
0.0455564
-0.0213747
0.00698966
-0.0300974
-0.0173249
0.049655
-0.0383421
0.0488249
-0.025794
0.030955
-0.0148081
-0.0128016
0.0144397
0.0251236
-0.00528829
0.0159858
0.00399956
0.0158561
-0.0120042
0.029212
0.0210843
0.0361736
-0.0125893
-0.00283339
0.0439998
0.0214468
0.0410208
0.0197947
-0.0347417
-0.0167525
-0.0325019
0.0389635
0.0045512
-0.00991762
-0.016253
-0.0261042
-0.046438
0.0133989
0.0401541
0.013827
0.011901
-0.0202091
-0.0382848
-0.0169144
-0.0232309
-0.0358486
0.0321928
-0.0312359
-0.00479752
-0.00356318
0.0472836
0.00368641
0.0287324
0.0354762
0.0271937
-0.0246645
0.0274748
-0.0152046
0.0368328
-0.0198574
-0.0192968
0.0453798
0.0296519
-0.0131505
0.0318212
-0.0104748
0.0193486
0.0429785
0.0229998
0.0331825
0.00460755
0.0252649
-0.0436168
-0.0344047
-0.00437286
-0.0386705
-0.0416822
-0.041475
0.00149513
-0.0379178
-0.00421003
-0.0402086
-0.0474818
-0.0136525
-0.0316497
-0.00125436
-0.0133159
0.029864
-0.00584126
-0.044876
0.0332512
-0.000827891
0.0413784
-0.0186191
0.00577355
0.021865
0.000820222
-0.0172619
0.0153428
-0.010887
-0.0430583
0.0237133
-0.0474628
0.0372957
-0.0187918
-0.023345
0.0172124
0.0381858
0.0410621
-0.0299496
0.0328031
0.00365022
0.0111837
0.00575803
0.00640947
0.00522535
-0.0347778
-0.0271852
-0.0267647
0.0472739
0.00881477
-0.0231187
0.00810174
-0.0422579
0.042993
0.0412878
0.00796711
0.0357054
0.0488318
-0.0175125
-0.0341304
-0.036575
0.047575
0.0399666
0.0141799
-0.0298032
0.0266252
0.00958877
-0.0449755
0.0474414
0.0254738
0.0131657
0.0118975
-0.023058
0.0114826
-0.0465212
-0.00690673
0.023218
-0.0316242
0.0410265
0.0479907
-0.00767907
-0.0116917
0.000379321
0.0380555
-0.0438213
-0.00758738
0.00378878
-0.0147227
0.000681448
-0.0230508
0.00180971
-0.0466763
0.0392894
-0.00449446
0.0111818
-0.0417974
0.0349514
0.011907
-0.0206368
0.0419234
-0.0358877
0.045672
-0.043881
-0.0383976
0.0444366
0.0288325
0.0159671
-0.0063875
0.0279631
0.0277851
0.0481372
-0.00935099
0.0157059
0.030128
-0.019344
-0.00901684
0.0292592
0.0263495
0.0205257
0.0384796
-0.025865
-0.0382569
-0.0434964
-0.0484527
0.0167277
0.0173421
-0.000193322
0.0117252
0.0165089
-0.00111177
-0.0157936
-0.03615
-0.0197004
0.0187528
0.0195481
0.0372109
0.0471809
-0.020028
0.0141149
-0.0228058
0.0303884
0.0404804
-0.00444296
0.0481712
0.0419485
-0.0109977
-0.0145757
0.014672
0.0418411
-0.0229694
-0.0055264
-0.0118491
-0.017682
0.0305319
-0.0323143
0.0297933
0.0282517
-0.0507451
0.0375801
0.00909991
-0.0249659
0.0294666
0.0317857
0.0390442
0.0275673
0.00968612
-0.0200389
0.0440341
0.00596102
0.0140418
-0.0374053
0.00395099
-0.0146868
-0.0243464
0.0369685
-0.0120731
-0.0373774
-0.0158638
0.044532
-0.0407199
-0.0216095
0.00988075
-0.0324921
0.0103302
0.0339572
-0.0101896
-0.0419306
0.0373408
0.0343575
0.0412423
-0.00637378
-0.0329345
-0.0432748
0.00860198
0.0397469
-0.0389848
0.0496628
-0.0251461
-0.0375215
0.0348294
0.0161506
-0.017048
-0.00062435
0.0247795
-0.0472507
-0.0398331
-0.0422837
0.0378125
-0.0301577
0.00882581
-0.0412819
-0.0403311
-0.0458035
-0.00454227
0.0499372
0.01817
0.0173422
0.00266444
-0.0456515
0.0239112
0.0149042
-0.0467938
0.00222193
0.00738832
-0.0335973
0.00466118
0.00893746
-0.00588304
0.0379586
-0.00292881
0.0475522
-0.0328888
-0.0452239
-0.0305253
0.0326573
-0.0188779
0.0462265
-0.00519341
0.038303
0.0265719
0.0106886
0.0120177
-0.0357229
0.0393157
0.0203638
0.0241137
-0.00345069
-0.0361606
-0.00853726
-0.00257402
-0.0171338
0.0207262
0.00350589
-0.0198009
0.0383471
0.00732843
0.0791744
0.0153684
-0.0206591
0.0224446
-0.0123446
-0.0149382
-0.0268841
-0.0150107
-0.0201073
0.0752133
0.04586
0.00379819
-0.0165482
0.0441802
-0.0338403
-0.00228131
0.0270945
0.00436525
0.0480143
0.0288227
0.0459972
-0.00018631
0.000833524
0.0382226
0.0118539
-0.0139442
-0.0101318
-0.0297765
0.00092431
-0.00349618
-0.0456065
-0.0133752
-0.0304308
-0.0378867
0.0361442
0.0684413
-0.033005
0.0178211
0.0610808
-0.0885397
-0.00135337
0.0500565
-0.040124
0.0190878
-0.000477805
0.0452727
0.0403024
0.00280642
0.0334068
-0.0084092
-0.0279193
0.00100605
0.0687652
0.0274502
-0.0183584
-0.00687439
-0.0246306
0.0102586
-0.00932813
-0.0245389
0.0266478
0.0281997
0.0135133
-0.00199111
-0.033525
0.00181859
0.0382887
-0.00760391
-0.0108968
-0.0304392
0.031567
-0.0265453
-0.0419543
-0.0436096
0.0309237
0.0338303
-0.0336727
-0.0412506
0.00254103
0.0359825
-0.00783807
-0.00978718
0.019294
0.00407725
0.00680499
-0.0174019
-0.0244978
-0.0240946
0.00854025
0.0184447
0.0321581
0.0480022
0.0467432
-0.0048582
-0.01239
0.0492133
-0.0246477
-0.0232803
-0.0111439
0.0216781
-0.00284282
0.0414842
0.00166597
-0.0261998
0.0202086
0.0475055
0.0274092
-0.0411999
0.00157228
-0.0190633
0.00382568
0.0192895
0.012645
0.0525145
-0.0437253
-0.0174993
0.0415591
-0.0149861
0.0188088
0.0311493
-0.037349
-0.0123462
-0.0371677
-0.0115001
0.0100549
-0.0440751
0.0412424
-0.0331494
-0.0344074
0.0160906
0.0315448
0.0504428
-0.016529
0.0258968
-0.0291183
-0.0213536
-0.0397505
0.0339886
0.0424472
-0.0171837
-0.00575305
0.0234473
0.0111253
-0.0323308
0.0217078
0.0256052
-0.0175213
0.0461315
-0.00360152
0.00667418
-0.0121251
-0.0159968
0.0132968
-0.00692641
0.0193577
-0.0102989
-0.0440774
0.0465586
-0.0441838
0.0356898
-0.0428527
-0.0306234
-0.00488852
-0.0259826
0.0181827
-0.0250176
0.0436562
-0.028022
0.0196673
0.0246889
-0.0255353
-0.00208391
-0.00267808
-0.0155851
0.0391184
0.0370455
-0.0353786
-0.0140701
-0.0347114
0.0476436
0.0108832
0.0379439
-0.00330842
-0.0308674
-0.0209099
-0.0508681
-0.0420639
0.0284949
-0.0215021
-0.0343504
0.00640754
-0.0142044
-0.0136285
-0.0244361
0.0182794
0.0425735
-0.0387441
0.00055492
-0.0247173
-0.0440306
0.0186645
-0.0307221
0.0153711
-0.0287321
0.00719848
0.0183712
-0.0222194
0.0101476
0.0239297
0.0220322
0.0064122
-0.037106
0.011979
-0.0296161
0.0427614
-0.00906696
-0.0152068
-0.0433417
0.0197168
-0.0242146
-0.0162891
-0.0166511
-0.0317803
-0.0381479
0.0194515
0.0161287
0.0399085
0.0257528
0.0353754
-0.00946082
-0.0324158
0.0152878
-0.0365434
-0.00748212
-0.0157672
-0.0222211
-0.0415645
0.0464387
0.0458632
0.0344266
-0.0027907
0.0342411
-0.0128452
0.024274
-0.0192975
0.0220513
0.0363499
0.0573574
0.0040157
-0.0366079
-0.0332719
-0.00434169
0.0167544
0.0207378
0.0298569
-0.0317945
-0.0380217
-0.0317634
0.0117112
-0.0399497
-0.0415635
-0.0103032
-0.0232428
0.0276375
0.0272457
-0.0137609
-0.0264262
-0.0322712
0.0013585
-0.0389636
0.0399423
-0.0370058
0.0397593
0.0408654
0.0178345
-0.00730874
0.000447812
0.0253646
-0.0162689
-0.0425237
0.0219421
0.00102866
-0.0482346
0.0395424
0.033628
-0.01691
-0.0296116
-0.0415405
0.0320886
0.0430238
0.0586866
-0.0133983
0.0117242
0.0010971
0.0176708
0.0351338
-0.0313782
0.00548009
-0.00662956
-0.00517775
0.0200085
0.015374
-0.00822493
0.0221754
-0.014007
-0.017041
-0.0307404
-0.0127509
0.0206702
0.0241225
0.0111057
-0.030891
-0.0361389
0.0478241
0.0437903
-0.0511309
0.0435204
0.0218699
-0.0120517
0.00193072
-0.0239926
0.0373858
0.0261355
0.0201867
-0.0379165
0.00082898
-0.044599
0.0134341
0.0214799
-0.036306
0.0476198
-0.00920378
0.0218212
0.0142362
-0.00598653
0.0418765
-0.0508808
-0.00323481
-0.0424902
0.040262
-0.0366939
-0.0290704
0.00723443
-0.00916884
-0.0291616
-0.0387869
-0.00410615
-0.0376048
-0.0318831
-0.018146
-0.0417361
0.0247256
-0.0252161
0.0162699
0.00333692
0.0162852
0.0496915
-0.0371658
0.00897956
0.00909371
0.00181768
-0.0427043
-0.0148158
-0.00928389
0.0455028
-0.0347034
-0.0255391
-0.0439398
0.0371608
-0.0475792
-0.00496205
-0.0375131
0.0379221
-0.0468231
0.0126652
-0.0283706
0.038556
-0.0341201
-0.0178858
-0.00270477
-0.0458332
0.0349387
-0.00193433
-0.00812674
-0.037488
-0.00598558
0.018749
0.0336695
0.00918389
-0.0375311
0.0434807
0.0466711
-0.00754062
0.0344581
-0.0124754
0.0100041
-0.0405198
0.00707676
-0.0328068
-0.0427089
0.0200405
0.0433879
-0.0193357
-0.0428175
0.0476462
-0.0371017
-0.0417107
-0.0335946
0.0477722
0.0404999
-0.0294382
-0.028592
-0.0130915
-0.0394965
-0.0115783
0.00896667
0.0426186
-0.0361348
0.0363262
0.0263071
0.0158769
0.00318896
-0.00743955
-0.0298485
-0.025784
0.0124933
-0.000709928
-0.0419151
-0.0408386
-0.0398427
-0.00673106
0.0434114
0.0403509
-0.0490902
0.00721763
0.0288498
0.0273008
0.00782393
0.0479713
0.0170853
-0.0475546
0.0452885
0.0318867
-0.00954573
-0.0347834
-0.0400235
-0.0479753
0.0231724
0.0684307
-0.0462559
0.00836103
0.0267771
-0.0140049
-0.0232938
0.0239322
-0.026106
-0.013536
-0.0248757
0.0197507
0.0421203
-0.0452141
0.00813822
-0.047847
0.0154048
0.0319001
0.00136888
0.0185363
0.0383861
-0.0463976
-0.00320355
0.0263565
0.00728249
-0.00886616
-0.0271393
0.0484903
-0.0482495
0.0376484
-0.0403674
-0.0362281
0.0223065
0.0201234
-0.0356823
0.0155909
-0.011017
0.0352806
-0.0246541
0.0468047
0.0542413
-0.0472841
-0.0296071
0.0154999
0.048582
0.0446658
0.00155499
0.00263019
-0.0330202
0.0082682
0.000432432
0.0133036
0.00501073
-0.00470448
0.000607432
0.00704196
0.0046408
-0.0153749
0.0307978
-0.00824094
0.0406378
-0.0250308
-0.0303066
-0.0370898
0.0119207
0.0253956
0.00418784
0.0409868
0.00942854
0.0311336
-0.00205004
0.0340222
0.00250774
-0.017722
0.0277376
-0.0138663
-0.0415507
0.00520545
0.0439126
-0.00537462
0.0285317
0.0482352
0.025268
0.0197666
-0.0380996
0.0341257
0.0388689
-0.0350973
-0.0386621
0.0231061
-0.0409145
0.0498513
0.0365797
0.0478442
0.0449657
0.0428462
-0.016082
-0.00729119
0.0320596
0.00454701
-0.00459771
-0.0400484
-0.000704394
0.00911745
-0.0114582
-0.0429623
0.00282698
-0.0272581
0.0508199
0.0283996
0.0198015
0.0386983
-0.0155643
0.0131151
0.00305869
0.0388452
-0.0337355
-0.0312878
0.00428222
0.000967489
-0.0241662
-0.0376269
-0.036638
0.0125244
0.00314343
-0.00367387
-0.0432072
0.00957066
0.0278076
-0.0264711
-0.000778281
0.0286377
-0.0101559
0.0288942
-0.00250874
0.0479706
-0.0225103
0.0338988
0.0584243
0.0270428
-0.0226614
-0.0486238
-0.0281701
-0.0268662
0.00792543
0.0522583
0.02591
0.0282262
-0.00614313
-0.0168845
-0.0257016
-0.0366091
-0.0462918
-0.0231669
0.0344419
-0.0471693
0.00382443
-0.0438295
-0.0359949
0.00786329
0.0138389
0.042282
0.0473368
0.0459043
0.0425097
-0.00165279
0.0394502
0.0439805
-0.0139989
0.0449564
-0.00609622
-0.0443963
0.00552948
0.00759223
0.0177457
-0.0334597
0.0103654
-0.0253726
-0.0214623
-0.0173924
0.0440206
0.00976107
-0.0447291
0.0131255
-0.020353
-0.0364127
0.00281027
-0.0208039
-0.0153763
0.0133724
-0.0149121
0.0386283
0.00959107
-0.0277483
-0.0440372
0.0384245
-0.0496882
0.0183418
-0.0374427
0.00361748
-0.0202363
0.0146667
-0.0118966
0.0162279
-0.0320198
-0.0122817
0.0094326
0.028011
0.0367184
-0.01774
-0.0359628
0.0385646
-0.0230939
-0.0443616
-0.0370411
-0.0327206
-0.0546669
-0.0455452
-0.0132154
-0.0217786
-0.0154249
-0.027349
0.00145825
0.0106516
0.0398549
0.0185581
0.025531
0.0434139
0.00438522
0.0035884
0.000497469
-0.0193753
-0.0444489
0.0378762
-0.00499994
-0.00134722
0.00806531
0.0206608
0.0213543
0.0358211
0.0298329
-0.0418419
0.00647
-0.0309816
0.00948989
0.00108538
0.028464
-0.00785629
0.0186813
0.0172323
-0.0349184
-0.0473232
0.0404291
-0.03125
-0.0422038
-0.0135014
7.77996e-005
-0.0181795
0.0448626
0.0239656
-0.035785
-0.0141417
-0.00667968
-0.0216503
0.0176631
-0.0234787
0.0220593
-0.00423909
0.0492815
-0.0401447
0.0503547
-0.0476548
-0.0189239
-0.0433205
-0.0446322
-0.0216042
0.0444039
0.0462195
0.00250082
-0.0314163
-0.0293862
0.0212635
-0.0252429
-0.00133475
-0.0364291
-0.0475305
-0.018697
-0.0318182
-0.0088925
-0.033861
-0.0480683
0.0478358
-0.0307163
0.0134038
-0.0387429
-0.0510013
0.00133658
-0.00736175
0.0373524
-0.0114088
0.00782551
-0.0329833
-0.035148
0.0158096
-0.000542571
-0.00582622
0.0433197
0.0087447
-0.0122939
-0.00587744
-0.0504992
0.0171175
0.0287145
-0.00301117
0.0183444
0.0257367
-0.0243566
0.0268063
0.0373166
0.0107399
0.0461112
0.0200856
-0.0444226
0.0101678
-0.0127559
-0.032275
0.0105489
0.00761962
0.0382052
0.00833691
-0.0291629
0.00623317
-0.0120513
-0.0481267
-0.0073885
-0.016665
-0.0121599
-0.00152465
-0.043369
0.0150991
0.030845
0.00596566
0.0482678
0.0169527
-0.0326103
-0.0274334
-0.0280127
0.0385721
-0.0279898
0.0036576
-0.0074618
0.022446
-0.0216805
0.0109152
0.0419936
0.0349416
0.0469822
-0.0289638
0.0255213
0.00812204
-0.0436306
0.0342976
0.0444279
-0.0411207
-0.00890944
-0.0451018
-0.0368893
0.016499
0.0380695
-0.0374105
-0.035918
0.0369779
-0.0445799
-0.0475748
-0.00379136
0.0166099
0.00314765
0.033395
-0.0224616
0.0472417
-0.0508178
0.0332761
0.0338725
-0.0252359
0.00924078
-0.0355254
0.0493666
0.00497242
-0.0197723
-0.0480506
0.00998941
-0.0256241
0.0394927
0.0456082
0.0292333
-0.04407
0.00681545
0.0183695
0.0251069
0.0040108
0.0194679
0.0358083
-0.0153947
0.0391226
0.0423162
0.0355338
0.00291694
0.00355093
-0.0269988
-0.0357965
0.0380883
-0.0351186
-0.00988724
-0.0197944
-0.0381389
-0.0188405
0.0163721
-0.00899507
-0.0258979
0.0114001
-0.00627631
-0.0107133
-0.0351457
-0.0361791
-0.0110334
0.0180535
0.0518876
-0.00274009
0.0104716
0.0351981
0.0232349
-0.0107736
0.00137543
-0.034649
0.0134916
-0.0479022
0.036521
-0.00415418
-0.00558442
0.030241
-0.0271765
0.0035134
0.0164009
0.0175534
-0.0330248
-0.0414735
0.000764041
-0.00586967
0.00838214
-0.0361395
0.000225362
-0.0193186
0.00955355
-0.0262194
0.0411756
0.00478694
0.00394584
-0.0105113
0.0164534
0.031766
-0.0284945
0.0448
0.049825
-0.0403386
0.0415646
-0.0169966
-0.00572382
0.0541075
0.018198
-0.0201266
0.00953333
-0.0250745
0.0386193
-0.00629593
-0.0524873
0.0110783
0.0468314
-0.0119125
-0.0223922
-0.0190046
-0.046625
0.0402536
-0.0309405
-0.00851386
0.0271107
0.0413814
-0.0127225
-0.0281876
0.0381986
-0.0325491
-0.0132753
0.0381466
-0.0459245
-0.0299322
-0.0111691
-0.015581
-0.00799592
-0.0155569
-0.0321904
-0.0104958
0.00827789
0.00254473
0.018702
0.013731
0.0492594
0.0342336
0.0447753
-0.0234202
-0.014888
0.0386031
0.0518765
-0.0247156
0.0243262
-0.0254982
-0.0144938
-0.00560906
0.0351354
0.0237754
-0.0233225
-0.00881916
-0.0239511
-0.0395712
0.0154225
-0.00754221
0.00355968
-0.0231456
0.0562454
0.034898
0.00391702
0.0563554
-0.0014119
0.0385886
-0.0363228
0.0461471
-0.0136437
0.0256785
-0.0040337
0.0225465
-0.0357229
0.0388329
0.0270789
-0.0197328
-0.02703
0.0391514
-0.0172661
-0.0131274
0.00204367
0.0653071
0.0022302
0.0265419
-0.0380998
0.0402876
-0.0297876
0.0395801
-0.0194716
-0.0343623
-0.0338041
-0.0186605
-0.0461526
0.0098236
-0.0126379
0.0415209
-0.0362659
0.0416485
-0.0072364
-0.0114588
0.00322888
-0.00388794
0.00751592
0.0019717
0.0485941
0.0448704
0.0275563
0.0475528
0.0256462
0.00991362
-0.0192141
0.0305177
-0.069164
0.026166
0.0207146
0.0334298
-0.0203678
-0.046499
-0.0294028
0.00726698
0.024086
0.0461898
-0.0297912
0.0092108
0.0378047
-0.0328597
-0.0249098
-0.0134752
-0.0429657
-0.00711789
0.0210081
-0.026682
-0.0346602
0.0178248
-0.0114264
0.0437728
-0.0423502
-0.0189832
-0.039476
-0.0392191
0.0283392
0.00620475
0.0444294
-0.0234716
-0.00795592
0.0296795
0.0123927
-0.00374241
-0.00403813
0.0598013
0.122487
-0.0238702
-0.0350067
0.0175011
0.0457223
0.0368181
-0.0401921
0.0240889
0.0882011
0.000780906
0.00391433
0.0553409
-0.0267652
2.70478e-005
0.0262224
0.024413
-0.0214814
0.0380668
0.00270787
0.0220816
-0.00229077
0.0197694
-0.027665
0.0151231
0.0363974
-0.0379608
0.0351026
-0.00622505
0.024253
-0.00554276
-0.0131382
-0.00708383
0.0454105
0.0265599
0.011108
0.0593879
-0.00973542
-0.0211005
-0.00453379
-0.0480959
0.00369266
-0.0211254
-0.0164726
-0.00532457
0.0142011
-0.0242641
-0.0303942
-0.00704629
-0.0392303
0.0119049
-0.00768627
-0.00174581
0.0283407
-0.00105622
-0.0200039
0.047904
-0.043742
0.0130041
0.020085
0.0181787
-0.0065514
0.00361049
-0.0363037
0.0266385
-0.0417537
-0.02101
-0.045998
-0.0242357
0.0241713
0.0146979
0.0188635
0.0530456
0.0283546
-0.0123721
-0.019147
-0.00202905
-0.0462649
-0.0275219
-0.00957506
-0.0323764
-0.0337744
0.0172389
0.0150355
-0.046842
-0.0438451
0.0395275
0.0109668
-0.027385
0.0254492
-0.00328057
-0.0409839
0.0501689
0.0193238
0.0406953
0.00871308
0.0217977
-0.00827731
-0.036077
0.0245434
0.0458715
0.0336598
-0.0101968
0.0332306
0.0206449
-0.0385613
-0.0188047
0.0448475
0.0540568
-0.02245
-0.00952343
0.0325368
0.0480748
-0.0463145
0.0314631
0.0409762
0.0254971
-0.0330944
-0.012308
0.00732657
-0.0411807
0.0455685
-0.030596
0.00424966
0.0157971
0.00275256
-0.0284413
-0.0268285
0.041282
0.0305191
0.026145
0.00540084
-0.0223832
0.00728515
0.0380909
-0.0432953
-0.0441725
-0.03576
-0.0237616
0.0318758
0.0393521
0.0343466
-0.0318738
-0.00900505
0.0462659
0.0224871
-0.0332703
-0.0113073
-0.0299887
0.0388171
0.0376928
-0.0386265
-0.0185394
0.01312
0.0672935
0.00233986
-0.0214223
0.060007
-0.0401709
-0.0227552
0.0308929
-0.0172287
-0.0054954
-0.0339361
-0.0278817
0.0189879
-0.0241257
0.0301196
-0.0378902
0.0018181
-0.014148
0.0393593
0.0564527
0.0123677
0.0194694
-0.0363519
-0.0391709
-0.00077076
-0.0441242
-0.0426866
0.0284806
-0.0493673
-0.0159336
0.043496
0.0275142
0.0183779
0.0566537
0.0212104
0.0308248
-0.00197174
0.0333483
-0.0106143
0.0354851
0.00834809
-0.0405321
0.0252189
0.0109842
0.0382364
0.0247157
-0.0205344
0.0569106
0.02695
-0.0124119
-0.0253042
-0.0329622
0.027278
0.0497868
-0.0376591
0.0124656
-0.028711
-0.0340884
-0.00638798
-0.03201
-0.0430579
-0.0115787
-0.0166548
-0.0350571
0.0277182
0.0042361
0.0563451
0.0549999
0.0151248
-0.00960486
-0.0220052
-0.0489271
-0.00867153
0.00575472
-0.0337424
0.0300182
0.0151224
0.0341379
-0.00409629
0.0177933
-0.00519462
0.0410637
0.0368015
-0.00559426
-0.0375469
0.0136174
0.0160858
-0.0235331
0.0518858
-0.0114976
0.0336948
0.0338926
0.0154854
-0.00392702
-0.0256327
-0.000657919
0.0131543
0.0199975
-0.00978022
0.067719
-0.0098304
0.029085
0.025589
0.0428498
-0.00275843
-0.00586807
-0.0398818
0.00694974
0.00661916
-0.0114962
0.0307081
4.71855e-005
0.0237958
-0.01414
-0.017501
0.00966317
0.0113716
-0.021034
-0.0304602
0.0103299
0.0101944
0.0402656
0.0469064
-0.000923503
-0.0367141
0.0278702
-0.0164583
-0.00187911
0.0368538
0.0462771
-0.034823
0.045105
0.0325314
0.0178632
0.0457399
-0.032572
0.000791751
-0.0443165
0.0107114
-0.0137772
0.0410914
0.00696361
0.00554399
-0.0252415
-0.0282763
0.0470011
0.0469384
0.0450811
0.0381877
-0.0279819
-0.0129206
-0.00985737
0.0327904
-0.0254388
0.007073
0.0127684
0.0388119
-0.0202619
0.0318811
-0.0237897
0.0397154
-0.030924
-0.00972387
0.0140922
-0.0196395
-0.00385751
0.0493818
0.0316202
0.00520331
-0.00500491
0.0198149
-0.0491601
-0.042263
0.0145067
0.00557982
0.00607783
0.0261137
0.000978393
0.00925858
-0.0332277
0.0107571
0.00365766
0.0451523
-0.0276418
-0.019672
-0.0324023
0.00963787
-0.0552507
-0.0348492
0.0398922
0.026603
0.0076325
-0.036146
-0.028843
0.0455388
0.0791143
0.0129771
-0.0216665
-0.00839251
0.0075373
-0.00302212
0.00537932
0.0299228
0.0694724
-0.0352641
-0.013329
-0.00868332
-0.0293442
0.0437063
0.0278802
0.0258691
0.017496
-0.012052
0.0452938
0.0321977
0.0469616
0.00116244
0.0325672
-0.0231249
-0.0170433
-0.0430694
0.0321562
-0.0129349
0.0174107
0.0213513
-0.0226286
0.0433859
0.0160097
0.0185839
-0.0153059
-0.03201
-0.0125259
0.0175703
-0.0236277
0.0669852
-0.0193663
-0.0113367
-0.062642
0.0330352
0.0507878
0.0294839
0.00955049
0.037216
-0.0138396
-0.00298971
-0.0211278
-0.0400074
-0.0188497
-0.0422908
-0.0211777
0.0117586
-0.00817263
0.0185995
0.0351447
-0.000897186
-0.0322333
-0.02173
0.0428103
0.0115477
0.0366661
0.0462942
-0.0401439
0.00216884
-0.0433802
0.0233581
0.0346186
-0.012124
-0.00870235
0.00785301
0.020603
-0.0139247
-0.00206223
-0.0112123
0.0211284
-0.00275411
-0.00933378
-0.000960035
0.0283988
0.0490178
0.0370209
-0.0124776
-0.00979607
-0.0303701
0.0325058
0.0477313
0.0291157
0.00728795
0.00451613
0.000739396
0.0313448
0.0204032
0.00576256
0.0395773
-0.0101041
-0.0466636
0.0348726
0.00199203
0.0120083
-0.022056
-0.016946
0.0350997
-0.0482757
0.0527788
0.01603
0.0254167
0.00180472
-0.0209669
0.0420355
0.0079022
0.0327393
0.0451661
0.0177858
0.0168734
0.0472269
0.0077892
-0.000577553
0.0305352
0.0179834
-0.0177458
0.00600023
0.00731269
-0.0112291
0.00192783
0.00990141
-0.0238079
-0.000408161
0.0334439
0.0475563
-0.00347373
-0.00939677
0.0406808
0.0211966
0.0368687
-0.00500258
0.0618522
-0.00972736
0.0538505
0.0329505
0.00910456
-0.0190051
0.0443739
-0.0239226
-0.00481504
0.0116583
0.0477878
-0.0259939
-0.0012671
-0.0333748
0.0452829
-0.0415181
0.0378302
0.010838
-0.0167694
0.016117
0.047846
0.0728563
-0.00600648
-0.00301483
0.0191198
-0.0158466
-0.020294
0.00402334
0.0447476
-0.00994762
-7.72238e-006
-0.0793034
-0.0339796
0.00484846
-0.0148857
-0.0161129
0.0600238
-0.00599051
0.00492179
0.0550634
-0.0254991
0.00182621
0.00971985
0.00192456
0.0236972
0.0331711
-0.0421355
0.00827582
-0.0248966
-0.000680901
0.01577
0.00834261
0.0419806
-0.000557658
0.0114501
-0.0157085
-0.022242
-0.0398974
-0.00404829
-0.0368546
0.0401813
-0.0178377
-0.0293507
-0.0416011
0.0504634
0.037764
0.0336586
-0.0145064
-0.0228143
0.043346
0.000928781
-0.0155719
-0.0324596
-0.0399928
-0.0029536
0.0223413
-0.00536738
-0.0301627
0.0276268
-0.0190726
0.0329794
0.0228633
-0.0226228
0.0158407
-0.000856227
0.0508685
0.00143397
0.0171556
0.0249226
-0.014888
0.0130381
0.0250914
0.0487813
-0.0111829
0.0216578
-0.0368156
-0.00901475
0.000739794
-0.0109931
-0.0368055
-0.0177596
0.0254866
0.0181281
0.0376019
-0.0206705
0.00999451
-0.00535144
0.0204726
0.0244264
-0.0131171
0.00509063
-0.0169215
0.0401935
-0.0322118
0.0313055
-0.00597406
0.0279636
0.0223659
0.0419595
-0.0504807
0.0384306
0.0280297
-0.0143842
0.0064782
0.0315041
-0.00793044
-0.0204989
0.000354175
-0.0186765
-0.0191735
0.0271823
0.0158746
-0.0367598
-0.00480566
0.0330439
0.00367553
0.0183969
0.0324666
-0.00122248
0.0409897
0.0488415
-0.0392536
0.0295311
0.00142948
-0.0323608
-0.00789782
0.0354346
-0.00278634
-0.00212043
-0.0180201
0.0511026
0.00529754
-0.0124091
0.0189998
0.00334467
-0.0104244
0.0485057
0.0121875
-0.00472199
-0.0448309
-0.0348898
-0.022696
0.0479241
0.0102675
0.053468
-0.025713
0.0226082
-0.0138413
0.0297779
0.031075
-0.0744291
0.0369072
0.0119623
-0.00334021
0.0163184
-0.0135922
-0.0185399
-0.0167837
0.0354638
-0.0404185
0.040921
0.0388261
0.0154025
-0.0173701
0.0637976
0.0287768
-0.0273101
-0.048569
-0.018588
0.0167418
-0.0193817
-0.0312982
0.0478589
0.00203937
-0.0128354
-0.0349297
-0.0240362
0.00256709
0.0541928
0.0438336
-0.0533027
0.0141494
-0.0269874
-0.019834
0.00940134
-0.00236539
0.0320691
-0.0229625
-0.0401268
0.0328826
0.00467566
-0.00573058
0.0103149
0.0653097
0.00290312
-0.0622682
-0.0346662
-0.0723706
-0.0175108
-0.0471089
0.0498791
0.0498876
-0.0475269
-0.0944364
-0.0474353
0.0518935
-0.0432799
0.0528351
-0.0119106
0.0363084
0.0374243
0.0198931
-0.0476484
0.00287598
-0.0325004
0.0103706
-0.00564449
-0.00563294
0.0409976
-0.0146044
0.0510595
0.00539615
0.02492
-0.00442203
0.0254006
0.0531753
0.00974836
0.0251097
0.0341049
0.00865702
0.0371547
0.0198529
-0.0367245
-0.0271493
0.0475262
-0.0475496
0.0361872
-0.049338
0.0458293
0.0342325
-0.0161759
0.00792514
-0.0298937
0.0254793
0.0208954
-0.0349516
-0.00721695
0.0574622
-0.0339093
0.0454836
-0.0342064
0.0133152
0.04001
-0.0218526
-0.0366238
0.0112943
-0.0219274
-0.00657701
0.0189324
-0.0214208
-0.00902236
0.0298451
-0.0512202
-0.0461218
0.0201687
0.0316376
0.0292311
-0.0461602
-0.00660369
-0.0118738
-0.015187
0.051505
0.0132385
-0.0389368
-0.042323
-0.0133953
0.0380213
0.0467052
-0.0168605
-0.0140024
-0.0517236
-0.00801034
-0.00733528
0.027166
-0.0359514
-0.0301459
-0.0114769
-0.00834713
-0.0247088
0.0285263
-0.0270936
-0.0428318
0.00145723
0.0348061
-0.0311715
0.0310189
0.00614337
0.0183455
-0.00686904
-0.00544195
0.0478359
0.00377719
-0.00291055
-0.0245074
-0.0118297
0.0597023
0.0271099
-0.0251281
0.0230274
-0.0330701
-0.0350331
0.00895155
-0.0349216
0.0350111
0.00985796
-0.0339836
-0.00436272
0.0477234
-0.0133988
0.0121027
-0.0408055
-0.0082333
0.0311436
0.0527814
0.0118703
-0.00617523
0.0339142
0.0330595
0.0561252
0.0483363
0.0302727
-0.040633
4.77559e-005
0.00562327
0.0315517
0.041153
0.0329329
0.0293724
-0.0131578
0.0517508
0.00442943
0.0365188
0.0486569
0.0358574
-0.0414203
0.00432847
-0.00869582
-0.0318044
-0.0201072
0.0226789
-0.0498002
-0.0179131
-0.0396618
0.0267975
-0.0245276
0.0197165
0.0239269
0.0470312
0.00506898
-0.0127566
-0.047781
0.037199
-0.010841
-0.00919888
-0.0284202
0.00550728
-0.013324
-0.0264078
-0.0434401
0.0526126
0.0486172
0.0337073
0.0113086
-0.0310975
-0.0462384
0.0359338
-0.0104102
0.00513366
0.00100206
0.0392577
0.0252079
-0.0285255
-0.0437924
0.0191462
-0.0184987
0.0396752
0.0444792
0.0284849
0.0421226
0.040793
-0.00242205
0.0170088
-0.00365455
0.0307016
0.0525434
-0.0024263
0.0342598
0.0393042
-0.0184644
-0.0233083
0.0284941
-0.0207404
0.00924983
-0.0433275
0.0177389
-0.000332492
-0.023689
-0.0135839
0.0373638
-0.0283603
-0.00634775
-0.0402044
0.00439537
0.0442712
-0.0265886
0.00709756
0.0515383
0.0588842
-0.0142861
-0.00217848
-0.0166105
0.0278604
0.0230717
0.0127205
-0.00456542
0.022333
-0.0456145
-0.019005
0.00606571
0.0365817
-0.0333649
0.031877
-0.00510088
-0.0224021
0.0506442
0.00268166
-0.00539501
-0.0335415
-0.0140362
0.000514468
-0.00603658
0.0242157
0.0102123
-0.0130165
-0.0388573
-0.0299551
-0.0248911
-0.0299825
0.0207263
0.0581188
-0.00312292
0.0474844
0.0535703
-0.0421509
-0.0224564
-0.0364642
-0.0289745
-0.0339338
0.0526516
-0.00687071
-0.00685478
0.0351356
-0.030998
0.00245624
0.05554
0.0223962
-0.056944
0.0543521
0.0241703
-0.0108911
-0.0313626
0.0176921
-0.0418519
0.00393458
0.00515004
-0.0278258
-0.00389265
0.0255492
-0.00851301
-0.027524
0.0441803
-0.0187312
0.0445775
0.0290348
0.0255061
-0.00136582
0.00392533
0.0148789
-0.0421831
-0.0293936
-0.0416009
-0.0350782
0.0594125
-0.0424317
0.0213555
-0.00253803
-0.0269253
0.0606575
-0.0309422
0.0261639
0.00642826
0.00154432
0.00894091
0.00399186
-0.04338
0.0246907
-0.011653
0.0244894
-0.0153261
-0.0203629
-0.0195583
-0.00800842
-0.00527362
0.0428638
0.0147945
0.0376822
-0.0462136
0.0114329
-0.0477245
0.00126383
0.0163639
-0.00740995
0.0151995
-0.0485269
0.0298625
0.0395027
0.0161006
-0.0424095
-0.018559
-0.0280425
-0.0186377
-0.0179772
-0.0199264
0.048412
0.0518092
-0.0454583
0.0333351
0.0373773
-0.0162398
0.0422571
-0.038812
-0.0169853
-0.0321646
0.0135852
-0.0271064
-0.0274208
0.026756
0.000146381
0.0183887
-0.0446988
0.0142186
0.0249361
0.0199737
0.0406611
0.0203988
-0.0207424
0.000257396
0.0334837
-0.0243789
-0.0352039
-0.00564409
0.0452418
0.0173642
0.00843713
-0.0338577
-0.0281194
0.0526973
-0.00701628
0.0328868
-0.0306121
-0.000956396
-0.00320379
0.0323917
0.0095591
-0.0233254
0.0183453
-0.0172704
-0.00875224
-0.0336628
0.0367493
0.0142445
0.00806008
-0.0313731
-0.0178896
0.047703
-0.0083761
-0.0112073
-0.0485554
0.0346216
-0.0316686
-0.0214978
-0.0116266
-0.0435445
0.0414317
0.0316346
-0.00764703
0.0282067
0.00889501
0.0485844
-0.02107
0.0275889
-0.0281115
0.0366523
0.0409903
-0.0438427
0.0248509
0.0282742
-0.10959
0.0470811
0.0364665
0.0112817
0.0481285
0.0476513
0.0242313
0.0380392
0.00538045
0.0144213
0.0488347
0.00663659
0.0191713
0.0578781
0.00951964
0.0280993
-0.0347421
0.0201625
0.0487277
0.0440026
-0.00201543
0.0209719
0.0181755
-0.0266543
-0.0194148
0.00926368
-0.0163788
-0.0210405
0.0145197
-0.019225
0.00814532
-0.00746247
0.000556224
0.0038126
0.0366101
-0.0816838
-0.0212048
0.039146
-0.0388504
-0.0794768
0.021124
0.0156447
0.00132856
-0.0329886
-0.0213815
-0.0587674
-0.0147821
-0.0366921
-0.0443262
-0.0357532
-0.0427464
-0.0265048
-0.053148
0.0406555
0.0418353
-0.0416787
0.00871244
-0.0303665
-0.0378562
0.0141226
0.0100919
-0.000161808
0.0311788
0.0376676
0.0297031
0.0159541
0.0246601
0.0327906
-0.0407369
0.0427188
-0.0125006
-0.0191148
-0.020232
0.0116091
0.0524303
0.0393201
0.0287665
-0.0118057
-0.0194107
-0.0112743
0.0382699
-0.0317689
-0.0345212
0.0333681
-0.00940636
-0.0308903
0.0433111
0.00814964
0.00503898
0.0254207
0.0452343
0.010943
0.0308931
-0.0247279
-0.022213
-0.0182791
0.042374
0.0428765
0.0397589
0.0348276
0.0452305
0.00908164
-0.000315618
0.00304081
-0.00345829
0.0276269
0.00317412
-0.00537749
-0.00293896
-0.0144687
0.0136437
0.0418908
-0.00670536
0.0377222
0.034795
0.0366904
-0.00538793
0.038431
-0.0395016
0.0260424
0.0317344
0.014477
-0.00546492
0.0294986
0.0293509
0.0390725
0.0330783
0.032394
-0.0314469
-0.0141932
0.0499292
-0.0120058
-0.0272028
0.0131973
-0.0207314
-0.00603518
-0.0526273
0.0527484
0.0688017
-0.0150636
0.000193882
0.0354106
-0.0225355
-0.0221074
-0.0151782
-0.00762469
-0.0160744
0.0590445
0.0424702
-0.0333083
-0.0162879
-0.00302306
-0.0181009
-0.0140749
-0.0308543
0.0252965
-0.046037
-0.0142299
-0.0283288
0.0253688
0.0176832
0.00843346
0.0563837
0.00810136
0.0136349
0.0247622
-0.0759883
-0.00648393
0.00934422
0.0427061
0.0370317
-0.0362922
-0.0248611
-0.0323525
0.00995928
-0.00169017
-0.037828
-0.0365466
-0.00720204
-0.0093882
-0.0192339
0.00628812
0.0517637
0.0189377
-0.0292094
-0.0118888
0.030218
0.0402982
0.0196685
-0.0205447
-0.00681064
-0.0346821
0.0405551
-0.0367232
0.0229712
-0.00936419
-0.0271478
-0.0450037
-0.0192092
0.0502094
-0.000935257
0.00266509
0.0296092
-0.0367808
-0.0232675
0.0336759
-0.00866024
-0.0149628
0.0234951
0.00715026
-0.0279086
-0.00510233
0.0458539
0.0118897
0.0371063
-0.0291515
0.0493763
0.00938524
0.0359048
0.00486783
0.0384096
-0.0451942
-0.0195411
-0.0394164
0.00315841
-0.0170871
0.0243263
0.00684428
-0.0490144
0.0504838
-0.0203154
0.013848
0.0324264
0.0460225
-0.0164862
0.0186189
-0.00399547
0.0123288
-0.0321975
0.0291999
-0.0218635
-0.0218524
0.0280949
-0.0353185
0.038232
-0.0347736
-0.00253692
0.0116336
0.00367552
-0.0484371
-0.0414603
0.044665
-0.0250393
-0.0092691
0.038474
-0.0278707
0.0061916
0.00870396
0.0290489
-0.038623
-0.00204126
0.0207935
0.022185
0.0633465
-0.000335275
0.0147103
0.000943997
0.0449671
-0.0489123
0.0480197
-0.0397647
0.0428773
-0.000874125
-0.0277856
-0.02639
0.0254232
-0.0477279
-0.0431383
0.0469777
-0.00758335
0.0306569
0.0145432
-0.0377809
-0.0211009
-0.0125248
-0.0446357
-0.0293003
0.0203199
-0.00233525
-0.0116655
0.0344065
-0.0313339
-0.000250831
0.00884405
0.0280171
-0.0128531
-0.0235565
0.0221634
-0.0171542
-0.0438662
0.0198415
0.0481525
-0.00180939
0.0117307
0.0260281
-0.0217617
-0.00671321
0.0306331
0.0514817
0.000256741
0.0208791
-0.0329518
-0.0411601
0.0266259
0.0292314
0.00805534
0.0137157
-0.0284105
-0.0375176
0.0220831
0.0178757
0.025088
0.0422295
0.0156775
0.0353612
-0.00595447
-0.0097168
0.0584452
0.00339784
0.0462596
-0.014558
0.046478
-0.0334615
0.01205
-0.0261567
0.0523304
-0.00348945
0.000590313
0.0212034
0.016488
-0.0349045
0.00748313
0.0107607
-0.0253904
-0.0437974
0.0297363
0.0239972
0.029372
-0.0378974
0.0309836
0.0311269
-0.00382475
-0.0158714
-0.00203417
0.00368843
-0.0156138
-0.0366226
-0.0454371
0.0192465
0.0328699
0.00866643
0.0528664
0.0184466
0.0160826
-0.00379366
-0.020907
-0.0366429
0.0220831
0.0179788
-0.0198853
-0.0371737
0.0167684
0.0295627
0.0303178
-0.00430623
0.0375015
0.014451
-0.0215434
0.0373033
0.0317347
0.0208162
-0.0178479
-0.0226
0.0399882
-0.00393374
0.0206792
-0.00860726
0.0417948
0.0195903
-0.016039
0.014371
0.047346
-0.00580137
0.0350597
0.0155395
0.0369993
0.0169451
-0.0437082
-0.0309909
0.00808459
-0.0306604
-0.0483064
0.0451905
0.0341538
0.0312061
0.0113985
-0.0288932
-0.0176612
0.0422187
0.0467986
0.0442605
-0.00997955
-0.0365639
-0.0414411
0.0127582
0.0443203
0.0258433
0.034646
-0.0139385
-0.0360639
0.0114641
0.00770409
-0.00651474
-0.0284691
0.0433849
-0.00249284
0.0242683
-0.00737994
0.012089
0.0488544
0.050672
-0.0365296
0.0248858
-0.0200412
-0.0165371
-0.00338866
0.0519048
0.0302694
0.00425464
0.0264857
-0.00437607
0.0224644
0.0383406
-0.0267314
0.0364183
0.0396335
-0.0460999
-0.00735856
-0.0169691
-0.0209378
0.0885397
0.000537402
0.0410768
0.0589979
-0.0259593
0.0112463
0.00337042
-0.0281986
-0.0160469
0.0375179
0.045694
-0.0174634
0.0366325
0.0629608
0.0167757
0.0380795
0.0347395
-0.0108359
0.0477436
-0.0281345
0.0222068
0.0398207
0.0466933
0.0202438
-0.0074988
0.0404265
-0.0497627
-0.0326077
0.0317299
-0.0445889
0.0524172
-0.0275351
-0.00786091
-0.0465733
-0.0414671
0.0343555
-0.0508426
-0.0323305
0.045375
-0.0222406
-0.0115332
0.0363306
-0.0678117
0.0450002
-0.0060679
-0.00624284
-0.0254445
0.022795
-0.0360042
-0.00274065
0.0502219
0.039324
-0.00187186
0.0344278
-0.0177732
0.0360999
0.0202674
0.0403762
0.0182105
-0.019124
0.035234
0.0033365
-0.0425465
0.0321331
0.0178225
0.0316546
0.0330561
0.0355718
0.00699245
0.0108183
-0.0455152
-0.0345221
0.0253014
0.0147817
0.0474159
0.0489034
0.014836
0.0525801
-0.0184577
0.0210845
0.0499093
0.00107468
-0.0333035
0.0366792
0.0129455
-0.000659251
0.04673
0.0185899
-0.000929758
0.0121727
0.0260621
-0.0442391
0.0112618
-0.0201915
-0.027876
0.0362271
-0.023767
0.0143159
-0.0340842
0.0437836
0.00800403
0.00615625
0.0345243
0.0143763
0.0425605
0.0271124
0.0252423
0.0246797
0.00154911
0.0340627
0.0276363
-0.029939
0.0166022
-0.00847612
-0.0129118
0.0155153
-0.0189486
0.00478549
-0.000273569
0.0213648
0.0398951
-0.0127785
0.0243143
0.039502
-0.0195432
0.047369
-0.0834892
-0.00362484
0.0643303
0.0315107
-0.0155524
0.0398733
-0.0081838
0.0447971
-0.0542317
0.0216967
-0.0130082
-0.0114051
-0.0394113
-0.00990003
-0.0115521
-0.0282274
-0.0371795
0.00872773
0.0232458
0.00836033
-0.0134744
0.0158604
0.0305554
-0.0100958
0.0255266
0.0137342
0.027481
-0.0142341
0.0446272
0.037678
-0.0178265
0.0179123
0.0575482
-0.00199375
0.00300335
-0.048273
0.0457522
0.00179284
-0.0240341
-0.0179851
-0.0326889
0.0549727
-0.0251752
0.0270589
-0.0229465
-0.0218066
0.0514629
0.0255761
0.0216119
-0.0111162
-0.0410351
0.0048047
-0.000113711
0.00389461
0.0491611
0.0282204
0.0289953
-0.0392233
-0.0137561
0.0214574
0.0101732
0.0495
0.0305171
0.0411755
-0.0318603
0.0123667
0.0118944
0.0317917
0.0328997
-0.0204089
-0.0379395
-0.0347829
0.00253945
0.0392367
-0.00324612
0.0287557
-0.018161
-0.0330274
0.000937552
0.0479704
0.00406238
-0.033965
0.00916938
0.0215118
-0.0416451
-0.0489115
0.029913
-0.0308787
-0.0428149
-0.0306193
0.00980632
-0.00508276
0.0186246
0.0137808
-0.0298265
0.0152731
0.00570285
-0.017437
0.017055
0.0318633
-0.0396385
0.024631
0.0214073
0.0182739
-0.0344523
0.00854955
0.0197817
0.0105325
0.00894407
-0.0440418
0.044897
0.0010621
0.00932078
0.0359309
0.0137763
0.0143096
-0.0465022
-0.0336627
-0.00476013
0.0351216
-0.00696833
-0.0392153
0.0153711
-0.00040109
0.0270808
0.0352004
-0.0515387
-0.0387295
-0.0355133
-0.0295643
0.0116777
0.0150376
-0.0369249
0.0609005
0.000331076
-0.0280169
0.0391791
0.0227794
-0.0178938
-0.0481226
-0.0466536
0.00161547
0.0363106
-0.0400853
0.00389859
0.00208594
0.0257595
-0.0271293
-0.0205707
-0.0469698
-0.0036832
-0.041863
0.018922
0.0516794
0.0109723
0.0189733
-0.00392823
0.00243542
-0.00249863
-0.0335642
-0.0273502
-0.0370123
-0.0295638
-0.0272752
0.0211053
-0.0254893
-0.0371114
0.0128631
-0.00934184
0.0186503
-0.0374861
0.0385208
-0.0033721
0.0490498
0.0459982
0.000479861
0.0286398
-0.0299435
-0.0122546
0.042544
-0.0189827
0.0435243
0.00405009
0.0401518
-0.0267687
-0.00694548
0.0186468
0.0273997
0.0393824
0.0505315
-0.032859
0.0314946
-0.0173557
0.050545
0.00390582
0.0421857
0.013927
0.0293934
0.03852
0.0303974
-0.0436167
-0.00779721
0.0113489
0.0295284
-0.0318446
-0.0207471
0.0316322
-0.0287356
-0.00243994
-0.0237187
-0.0424914
-0.0056039
-0.000648049
-0.0283001
-0.0231035
0.0169657
-0.00136235
0.0331841
-0.0432228
-0.0116327
-0.0148915
-0.00612264
-0.00299885
0.0165829
-0.006276
-0.0382512
0.0505136
0.00545621
-0.0213501
-0.0352916
-0.0132001
0.0197691
-0.044222
0.0158662
0.0393775
-0.00674931
0.00120667
0.00166009
-0.0160336
0.0361752
0.0383501
-0.0370889
0.0100374
-0.0338201
0.0456763
-0.00317738
0.00666938
-0.037206
-0.00585214
-0.025899
-0.0486795
-0.0373954
-0.00230665
0.000137769
-0.0407659
0.015093
0.0180403
0.0184009
0.0117122
-0.0260027
-0.028267
0.0656392
-0.0433536
0.0472927
-0.00732863
0.0323859
-0.01301
-0.0204219
-0.0293654
0.00809755
-0.0129628
0.0346758
0.00976635
0.0055503
0.00226054
0.00545996
0.0197961
0.00350428
-0.0286515
-0.0289565
-0.0427998
-0.0181813
0.0219058
-0.0096392
0.0432618
0.0180742
-0.00854106
-0.0265546
-0.00403137
-0.0432569
-0.0341046
-0.00806276
-0.0276125
-0.0353258
0.00877623
0.0325041
0.0353149
0.0306049
0.0364501
0.0312494
-0.0250226
0.0115696
0.0115584
-0.0193952
-0.0304233
-0.0321509
-0.0138313
0.0107532
-0.0152799
-0.0279272
0.0561106
0.0229276
0.0361638
-0.0290367
0.00828232
0.0105823
-0.0374694
0.0492489
-0.0477746
0.047387
-0.0282426
0.05568
0.0731252
-0.0234127
-0.0267791
0.021245
-0.0092515
-0.0345771
0.0309182
-0.0339212
-0.0219458
-0.0293649
-0.0470599
-0.0262292
0.0280092
0.0190545
-0.0505702
0.0457382
0.049893
0.0357493
-0.0114324
0.00655481
0.0198083
-0.0267013
-0.00747067
-0.033132
0.0265713
-0.049404
-0.0236358
-0.0408174
0.0115641
-0.0331321
0.0225597
-0.0329474
0.0192936
0.03217
0.0332512
-0.0176458
-0.0365405
-0.0450237
0.0333866
-0.00789245
-0.0150233
0.0350835
-0.0663396
0.0176967
0.0556096
0.0263814
-0.0143962
0.0538772
0.0451595
-0.0485989
-0.0456949
0.0330955
-0.00876388
-0.00151655
0.0252906
0.00464789
0.0313182
0.0288018
-0.0258955
-0.00687975
0.0238518
-0.0134763
-0.00917918
0.00456218
0.0530863
-0.0103357
0.00548301
0.0375409
0.0198137
-0.0297611
0.0335528
-0.0209763
0.054733
0.022598
-0.0411155
0.0526152
-0.0506682
0.0464831
0.0463536
0.00967158
-0.0363993
-0.0101316
0.00275631
-0.0245779
0.0166664
0.0508066
-0.0470735
0.0362401
0.0467406
-0.0472899
0.0378705
-0.045552
-0.037907
0.0111373
-0.0258527
-0.0323726
-0.00929667
0.0244132
-0.00642656
-0.0145757
0.00229649
-0.00506503
0.0238684
0.0106868
-0.0258329
0.0509434
-0.0150083
0.0312314
0.034607
0.0474534
0.0101609
-0.0419825
-0.0220967
0.0131492
-0.000355864
0.0026244
0.0311782
-0.0377149
0.0381236
0.0369341
0.0251193
0.0222098
0.0148054
0.00388886
-0.00173233
-0.0356344
-0.0549857
-0.013284
-0.0133644
0.0179921
0.00554074
0.0308051
-0.0222894
-0.0344431
-0.0318645
0.00274581
0.0438006
0.00306421
-0.0194397
-0.0207567
-0.0126924
0.0295597
0.0263243
-0.0420503
-0.017844
0.0281774
0.0153468
-0.0302845
0.00802615
-0.0391086
0.0530934
-0.0111265
0.000438853
0.0268298
0.0341451
-0.0197754
0.00348221
0.0431535
0.0357712
-0.0166928
0.0323765
0.0421399
0.00790565
-0.0114219
0.0355146
-0.0464064
0.0148311
0.0541428
0.0400693
-0.025527
-0.00215295
-0.0179415
0.0274797
0.044582
0.0174456
-0.0219045
0.0405889
-0.0295202
-0.017898
-0.0311656
-0.0280554
-0.0223513
0.00422398
-0.0113981
0.0341713
0.0489063
0.00711582
-0.0179732
-0.0472693
-0.0495479
-0.0703376
0.0334859
-0.00562825
-0.0195055
-0.0408456
0.0138866
0.04775
-0.01127
-0.0231723
0.0109293
-0.0172538
0.0322084
-0.0384652
0.0108969
0.029485
-0.015564
-0.00934672
0.00337305
0.0584945
0.0409419
0.025043
-0.0127834
-0.0113339
0.028308
0.0331036
-0.0408272
-0.0358677
-0.0432304
0.0208375
-0.0257432
0.029441
-0.0375315
-0.00556169
-0.0134386
-0.00252295
-0.0368894
-0.0140308
-0.0482584
-0.0191127
0.00622666
-0.0265498
0.012587
-0.0373385
0.0517529
-0.039836
-0.0239464
0.0353411
-0.0222999
0.0274556
0.0417672
0.00839313
-0.051151
0.0335994
0.0515588
0.00932563
0.00151157
0.000488255
0.0277662
-0.042569
0.0141722
0.0383216
-0.0155495
0.0102775
-0.0353243
0.0247722
0.0434935
-0.00806283
-0.0327997
0.00501967
-0.0191564
-0.0418854
0.0535951
-0.033451
0.0333006
-0.00676577
-0.0226892
-0.00392498
-0.0322796
0.0196396
-0.00313081
-0.0175685
0.00474757
0.00164687
-0.0245712
-0.0206265
-0.0211476
0.00382261
0.00625492
-0.00163246
0.0422739
-0.0387516
-0.0279004
0.00497827
0.0170677
-0.0137541
0.0137999
0.0118706
-0.000395089
0.0221869
0.0128191
-0.00692875
-0.00442195
0.0287132
0.0220088
0.018126
0.0439364
-0.0169661
-0.0302125
0.00519349
0.0485451
0.0203127
-0.0372853
0.00540977
0.0328761
0.0280321
0.0251142
0.0168734
0.0285556
0.0191844
0.0159633
-0.0464339
-0.0308306
0.0442723
-0.0253194
0.0348488
0.0233862
-0.0492728
-0.0194017
-0.0248271
-0.0307368
0.0355338
0.0245379
0.0293747
-0.0214989
-0.00415743
0.00976098
-0.0396475
-0.0496032
0.0341194
-0.0412021
0.0264649
0.0266653
0.0394986
0.00803583
0.00547764
-0.0254862
-0.0112131
0.0410985
-0.0200177
0.0499718
0.0477516
0.0216996
0.00433166
-0.0206934
-0.0374323
-0.0456959
0.0396638
0.0439308
-0.0158325
8.90078e-006
0.00260537
-0.00135556
-0.00955197
0.0393284
0.0419108
-0.0215037
-0.0441694
0.0438165
0.00916626
-0.0456026
-0.0162641
-0.0207294
-0.019381
0.00329603
0.003038
-0.0460715
-0.0200601
-0.0100618
-0.00786893
0.0211235
-0.0338775
0.0266603
0.0224396
-0.0311916
0.0426127
-0.0182435
-0.00958774
0.0374429
-0.0185449
-0.0458535
-0.00337876
0.0212117
0.0105809
0.0166275
0.0359698
0.0376517
-0.0324449
-0.00277619
-0.00970015
-0.0331967
-0.0463406
-0.00180798
0.0223025
0.0466772
0.0455161
0.010645
0.0316915
0.00200749
0.00178415
-0.0267567
0.041275
-0.0142365
-0.0246004
0.0480684
-0.0361461
0.0361466
-0.0457244
-0.0322609
-0.00799972
0.0366848
0.0324509
0.0343955
-0.0297256
-0.0385283
0.0273063
0.00631691
0.032479
-0.046941
-0.00793802
0.0198339
0.0197668
0.00556446
-0.0363082
0.00642486
0.000772989
-0.0274994
0.00653115
-0.0158477
0.0473825
-0.0384324
0.0218194
0.00488628
0.0463809
0.0153953
-0.0440477
0.0245776
-0.00595077
0.0539837
-0.0071235
-0.0179088
0.046519
-0.0427741
0.0107366
-0.0112192
0.0230173
-0.0427461
0.0126348
0.0338669
0.0524098
0.0465369
0.00917025
-0.0207476
0.0240999
-0.0248979
-0.0174556
-0.0456643
0.0207869
-0.0435767
-0.00485672
-0.00967728
-0.0167763
0.0161622
-0.0316823
0.0131552
0.0249278
0.0122627
-0.0356246
-0.0230024
0.0484517
-0.0348429
0.00293182
0.0497747
0.0213636
-0.00274721
0.0383325
0.0216453
0.0497058
0.000173571
-0.00497963
-0.00370259
0.0354075
0.0162799
-0.0438391
-0.020117
0.0212411
-0.0179687
0.0466582
-0.000202498
0.0203958
-0.00526784
-0.0510279
-0.0157418
-0.0318129
0.042905
0.0508177
0.0120603
-0.0194398
0.0311314
0.00756799
0.0496744
0.0575856
0.00119237
-0.0164779
0.0384264
0.00605202
0.0427313
-0.00165525
-0.020168
-0.0387148
0.00833057
-0.0445025
0.010474
-0.0260246
0.0361371
-0.0104713
0.00654364
0.0308763
0.0471643
-0.0509625
0.0489955
0.0297166
-0.0399731
-0.0292139
-0.0194389
0.030959
0.0284611
0.0560065
-0.0463424
0.0532806
-0.0362764
-0.00252705
-0.0105205
0.0453472
-0.0172944
0.0464749
0.0139482
-0.0262794
-0.0301032
-0.0382556
-0.00691807
-0.0326196
-0.0314325
-0.0391765
-0.00567175
0.014278
-0.0409865
0.0056826
-0.0242602
-0.0489737
0.0179978
-0.0255989
-0.0125722
-0.0241698
0.0370284
0.0370883
-0.0410837
0.0257429
0.0135134
0.0412668
-0.00440667
0.0370018
0.0436227
0.00186866
-0.0252436
-0.0289189
0.00329064
0.0426647
-0.0321089
0.019015
0.0497677
-0.0287052
0.0393488
-0.0140642
-0.0458773
-0.0212458
-0.0115429
0.0360223
0.0321296
-0.00423492
0.00240696
-0.0093229
0.00487952
-0.0182814
-0.0473563
-0.00814474
-0.024593
0.0163286
0.0449848
-0.0308283
-0.0353506
0.0472996
0.00624188
-0.0275337
0.0413515
-0.0262559
-0.0149277
-0.0494218
-0.0127838
0.0368713
-0.00215024
0.0245521
0.036612
-0.0385132
-0.0202788
0.0242517
0.0434264
0.0241229
-0.0322625
0.0359763
0.02779
0.028923
-0.0329135
-0.0148874
-0.0214837
0.00928461
-0.0325521
-0.0470778
0.0407507
0.0404807
-0.0168009
0.0199583
0.0296983
0.00355801
-0.0182082
-0.0040881
-0.0202039
0.0471778
0.0282594
0.0468871
0.0144835
0.0455362
0.0369083
-0.0148387
-0.0170494
0.0251336
0.0230294
0.0169387
0.00934814
0.0319818
-0.00590484
0.00374169
0.0501148
-0.0352414
-0.000339279
0.0370414
-0.00181756
-0.0268005
0.0106141
-0.0297866
-0.0282008
0.022036
0.0291757
0.0307477
0.0374466
0.00618438
0.0345631
0.0409505
0.00750448
0.0421468
0.0178101
0.00710978
-0.038257
-0.014282
0.00826475
-0.00840643
0.0260992
0.0413252
-0.0394137
-0.0210662
-0.00398629
-0.0343727
0.04938
-0.0270215
0.0344045
0.014743
-0.0237742
-0.0106388
-0.00843479
-0.0310734
0.0173443
-0.00998006
0.0088439
-0.0347291
0.0235116
0.0491721
-0.000228314
0.0228656
-0.0208493
0.0187318
0.0131002
0.0387894
-0.009052
-0.0140462
9.69487e-005
0.0222939
-0.0350845
0.0508405
0.00109865
-0.0287094
0.0382126
0.0374745
-0.0493314
0.00242326
0.0440565
0.0587778
-0.00512067
-0.0161228
-0.0138207
-0.0490489
0.0340459
-0.033819
-0.0113885
-0.0315938
-0.0324904
0.0336494
-0.0301365
0.00680069
0.0502899
0.0115032
0.048451
-0.0161343
0.0424018
0.00219143
-0.0135218
0.0119315
0.0104972
0.0352661
-0.0301067
-0.047599
0.0243813
-0.042056
-0.0253837
0.0219238
0.00412035
-0.0284638
0.00319324
0.05356
-0.0477926
0.0536604
-0.0413582
-0.0266949
0.0415513
0.0170062
0.0138574
-0.0319157
-0.0250248
-0.0125152
-0.0407215
-0.0152485
-0.0141212
0.00931899
0.000437429
-0.0239977
-0.0305163
-0.0198399
-0.0191866
-0.0309992
0.0257883
0.0489151
0.018541
0.011002
0.0100832
0.0017755
0.0439127
-0.0264679
-0.00182346
0.0182217
-0.0490509
0.0394572
-0.0272551
-0.0101589
-0.0208094
-0.0328344
0.0384004
0.0483074
0.022891
0.0195785
0.0328484
0.0440764
0.00788153
0.0333872
-0.000272323
0.0227061
0.00793118
0.0361376
0.00487459
0.00464593
0.04738
0.00807519
0.00334539
-0.00875236
-0.0128066
0.0293781
-0.0420364
0.0157361
0.00345243
0.00748022
0.0288411
0.0116779
-0.0419634
0.0286067
-0.0141888
0.0149247
0.0332428
-0.00773028
-0.0463122
-0.0329179
0.0262677
0.0257817
0.040485
0.0219176
0.0490257
0.0110771
-0.00481156
0.0408319
0.0432314
0.0212661
0.0252415
-0.0430938
-0.0173642
-0.0141561
-0.0299703
-0.0472605
0.0125543
0.0174689
-0.0349779
0.0513557
0.0492294
-0.00735412
0.0215197
-0.032848
-0.0285457
0.0242937
0.0283599
-0.0312114
0.030178
-0.0344969
-0.0279654
-0.0403344
-0.00241237
0.00379735
-0.0155535
-0.00701242
0.0221912
0.00115063
0.0334601
0.0338009
0.0237041
-0.0230352
0.00668332
0.0468363
-0.00340019
-0.0102282
-0.0397881
0.0137525
0.00373632
-0.00929454
0.0111395
-0.029633
-0.0248718
0.0477482
-0.0368325
-0.000216289
-0.0107545
-0.000434529
0.00193954
0.0225091
-0.0340168
-0.0457673
0.0062492
-0.0134793
-0.0361699
0.04746
0.047681
0.0360323
-0.022075
0.0566645
-0.0111553
0.0410479
0.0501975
0.0502433
0.00156519
0.00414374
0.0200834
-0.0326933
-0.0196865
0.0121488
0.0167657
-0.0314648
-0.0270877
-0.00720628
0.0130202
0.0244107
0.0429557
-0.02121
0.00417982
-0.00186368
0.0429848
-0.0414594
0.0125779
-0.02085
0.0419484
-0.00887316
0.0396026
0.0176557
-0.00686439
-0.0221782
0.0220558
0.04787
0.0247242
-0.0120198
-0.0419007
0.0146884
-0.010358
-0.0231003
-0.00969645
0.00218417
0.0471169
-0.00132464
0.00692488
-0.0361432
0.0145701
0.0259727
-0.0234845
-0.0189382
0.050465
-0.00611104
0.019133
-0.022255
0.00882747
0.0262656
-0.0321369
0.0135733
0.0256511
-0.00979627
-0.0193089
-0.033409
-0.010739
-0.048851
0.00184816
-0.0316221
-0.024427
-0.024423
-0.000166746
-0.000372098
-0.0224998
-0.0185877
-0.0293488
-0.0218173
0.0409384
-0.0460305
-0.0511896
0.00883137
-0.00774857
-0.0469646
0.0391407
-0.0407571
0.0381529
0.026592
-0.0207767
-0.0105714
0.0421306
0.047797
0.0563184
-0.00681168
-0.0264026
-0.0189905
0.0213511
-0.00330826
-0.0226828
0.0376284
-0.0307619
-0.0381066
-0.0054128
-0.0124393
0.0226233
-0.00596608
0.0452418
0.000799742
0.0333277
0.0413255
-0.0321969
-0.00586686
0.0380838
0.021397
-0.0502927
0.0398134
0.0444829
0.0126111
-0.0148429
-0.00957003
0.0181664
0.0201291
-0.0307558
0.0296841
0.00433031
-0.0287819
-0.0114217
0.0402875
-0.028322
-0.0288953
0.00989606
0.0150314
0.0105046
0.0498242
0.0115904
-0.0329158
0.0199608
0.0577781
-0.0243232
0.011022
-0.0378258
0.0151644
0.000619458
-0.0440942
-0.0268882
0.03134
0.0226037
0.0230666
-0.0108963
0.00684909
0.0251563
-0.0469581
0.0156119
0.0216406
0.0287756
-0.0323371
0.0640366
0.0356373
-0.00156305
0.0146423
-0.0258957
-0.0197237
0.00556124
-0.0294055
-0.00992989
-0.0223226
0.0472873
-0.03552
-0.0247139
0.0497288
0.0400999
-0.0384734
-0.0346382
-0.0498646
0.00789191
0.00890856
-0.0148933
-0.0168284
0.0363052
0.0129763
-0.0447028
-0.00355086
0.0424667
0.0537493
0.0166245
-0.010678
-0.00966957
0.0309132
-0.0128201
-0.018554
-0.00100578
-0.0447217
-0.00476999
-0.00664352
0.00163672
-0.0143959
0.0607103
-0.0218376
-0.00146557
-0.0120541
0.00970643
-0.0347876
-0.0313464
-0.0105109
-0.0337724
-0.0392329
0.0220083
0.0473353
0.00977916
0.00811732
0.0222417
0.0181567
-0.0261596
0.0368827
-0.0240533
-0.0116803
0.0240348
0.0357157
0.021311
0.00982635
0.0417501
-0.0178262
-0.00622542
-0.0432761
-0.0034544
0.024036
-0.00357276
0.00986477
-0.0321833
-0.0114161
0.0159193
0.00345117
0.0181962
-0.0148402
0.0353254
-0.036134
-0.0090865
0.0224886
-0.0456804
-0.0106015
-0.00579074
0.0228976
-0.0157274
0.00345445
0.0529973
0.0148461
-0.052069
-0.00262241
-0.0257588
0.0289437
-0.0310359
-0.02908
-0.020061
-0.00564691
0.0451445
-0.00819501
0.0567234
0.0278996
0.004317
-0.0244672
-0.000677369
-0.0486943
0.0489756
-0.0507206
-0.0145874
0.0211737
-0.0120983
-0.0116628
0.0147164
0.039845
0.00108117
0.00532809
0.0338782
0.00407106
0.0190938
0.0526689
0.0368947
-0.00909729
0.0356706
-0.0156781
-0.0441478
-0.00944394
0.0370802
0.0131085
0.0508523
-0.0177863
0.0111168
-0.0341594
-0.0093662
0.0227048
0.0223432
-0.0270047
0.00391907
0.0439153
-0.0136786
0.012608
-0.0456694
0.0326624
0.044012
0.0471174
-0.0195942
0.010137
-0.00151535
0.0525423
-0.0187847
-0.0279362
0.0114042
0.0449149
-0.00758657
0.041957
0.0308432
-0.0254361
0.0300025
0.00753883
-0.0235097
-0.0150336
0.00424244
-0.0608583
0.00550882
-0.00747747
0.0129234
-0.0035455
0.0303667
0.00674965
0.0389652
-0.0234159
-0.0067252
0.0452824
-0.0226378
-0.0359546
0.0191667
0.0442618
-0.0172165
0.0343895
-0.0260813
-0.0469164
-0.0520933
-0.0108649
0.0410633
0.0181661
0.0024443
0.0390646
0.0513143
0.0155555
0.0384541
0.0720754
-0.00958154
-0.0411469
-0.026099
0.00685252
-0.0116675
-0.00140755
-0.0434122
0.0564103
-0.00228319
-0.0231923
-0.0171254
0.0155187
-0.0274898
0.0323936
0.0449491
0.019752
0.0205274
0.0207643
0.0160919
-0.000352582
0.049787
0.0375575
0.0550244
-0.0100764
-0.0131825
-0.0442813
0.0401184
-0.0301173
-0.0487498
0.00233201
-0.0507679
-0.0146098
-0.00192579
0.0502632
0.0227629
0.0296917
-0.041175
-0.00713501
-0.0311178
-0.00900586
0.00248014
-0.048344
0.0397605
0.0132066
0.0418488
-0.0226938
-0.0237907
-0.0243754
-0.0343632
-0.0482615
-0.00295429
0.0434937
0.00815599
-0.0263546
0.0311596
0.0439548
0.0065051
0.010153
0.0281875
0.0187709
0.0447317
0.0185459
-0.0429486
-0.0125823
-0.0321474
-0.0129101
-0.000399049
-0.00875727
0.0425618
0.0413049
0.016887
0.00550661
-0.00723275
0.0200933
0.0102581
0.0392257
-0.0262644
0.0177942
-0.030914
0.0330127
0.0163709
0.0327472
-0.0458429
0.0397621
-0.033059
0.0437045
0.0145586
0.00817202
-0.0493377
-0.0501295
-0.0329817
0.0467721
-0.0378892
0.0187054
-0.0393408
-0.0242782
0.0365325
0.0335227
0.0420498
-0.00927251
-0.00977688
0.0128051
-0.0314334
0.0471613
0.023726
-0.045784
-0.0422962
0.0365374
-0.0110139
0.0203138
-0.0234248
0.00535566
0.00879141
-0.0103455
0.0319752
0.0242578
-0.00340237
-0.00957838
-0.00942465
0.0376839
-0.029596
-0.0318076
0.00877049
-0.0209156
-0.0157963
0.0417828
-0.0282392
0.0619162
0.0259119
-0.0155489
0.00350714
0.0128761
-0.0355446
0.0380193
-0.0471774
-0.0202664
0.0280748
-0.0439145
-0.0231159
0.019502
0.0329253
-0.0165882
-0.0501916
-0.0198011
-0.0355142
-0.0224051
-0.00115463
0.0222481
-0.0210019
0.040038
0.0166654
-0.00469647
-0.0112531
-0.0152971
-0.000216635
-0.016705
0.0516829
-0.0377543
0.0356067
-0.0102006
-0.038021
-0.0463032
0.0327701
-0.0414708
-0.00481908
0.0251934
0.0456167
-0.049275
0.039213
-0.0265221
-0.0235867
-0.0059841
0.00712384
0.00443344
0.0387845
-0.0435962
-0.017268
-0.0153008
0.0239485
0.0389862
-0.0313726
-0.0149257
0.00222618
-0.0496222
0.0398049
-0.0428881
0.0156766
-0.0292293
0.00910358
-0.00437504
-0.0208038
0.0110351
0.0280451
-0.0124783
0.0276579
0.0081494
0.0162103
-0.0296846
-0.00880315
0.0379338
-0.0299714
-0.0315679
-0.015301
-0.0165423
0.0122469
-0.0468893
0.0342595
0.0339906
-0.0184206
0.0104118
-0.000735927
-0.00540087
0.0345779
0.0141402
0.0368978
-0.0216949
0.033052
-0.0297359
0.0299955
0.0171649
-0.0341971
-0.0354535
-0.00628587
0.0205627
-0.0240703
-0.0436533
0.00741673
-0.0198248
-0.00814312
0.0408386
0.0189553
0.0361024
0.0369496
0.0430309
0.0485534
0.00898617
-0.0168128
-0.0124026
0.0161902
-0.0511854
-0.0449016
0.00249915
0.0317861
0.0109499
0.019463
-0.0217733
-0.0229805
0.0412226
-0.0323263
0.0239206
0.0469783
-0.0358029
-0.0229092
-0.0368814
0.0407222
-0.0260544
0.0474044
-0.0158254
-0.0326488
-0.039305
-0.00213805
-0.017422
0.0156565
-0.0065827
0.0415477
0.00463612
0.0233705
0.0240744
-0.0230126
0.0532127
0.0324825
0.00212143
-0.0100926
0.0286351
-0.0379509
-0.0497213
-0.0282276
0.0256477
0.0380672
0.0238234
-0.0519309
-0.0426513
-0.0162428
-0.0332074
0.0267005
-0.037884
0.0178179
0.00171108
-0.0502283
-0.0183102
0.0318317
-0.0360161
-0.0417829
0.0227201
0.0287142
-0.0110849
-0.0300931
0.0138686
-0.0230488
0.0316161
-0.00745517
0.0123777
-0.0180177
-0.00145153
0.0454929
-0.0152293
0.00643899
0.00607201
0.00366035
-0.0442266
-0.0143515
0.0014121
-0.0363915
0.0458798
-0.0303965
-0.0312599
0.0157027
-0.0337672
0.0432137
0.0157858
0.0479621
0.00974814
-0.021863
-0.000608735
-0.0113963
-0.0369923
-0.0386609
0.0330246
0.00678835
-0.0452991
0.00691672
-0.0222759
-0.00370996
-0.0166951
0.0136309
-0.0242614
0.0303023
-0.0236897
0.0321838
0.0327641
0.0394677
-0.0202842
-0.00399886
-0.0432339
-0.0163974
-0.0447279
0.0455037
-0.0309028
0.0549346
0.00403268
0.0243709
0.0299791
-0.0138157
-0.0298841
0.0186675
-0.0443163
0.0130725
-0.00940002
0.00798485
0.0461015
0.028712
0.00795322
-0.00450704
0.00958253
0.0279194
0.0286573
-0.00551573
0.0346669
0.0417792
-0.00989622
0.00833593
-0.0238282
-0.0409136
0.0423227
-0.0451037
-0.0174437
-0.00621749
0.0376474
-0.0156056
-0.0173541
-0.00043635
-0.0176604
0.0108985
0.0243968
0.042577
-0.0500854
-0.0408083
0.00745664
-0.0196116
-0.0329908
-0.00967392
-0.0256995
-0.0107333
-0.0367149
-0.0152983
0.0285917
-0.00502803
-0.0244676
-0.0193909
0.00561038
-0.0229138
-0.0356325
0.00852932
0.0393573
0.0309108
0.0124638
0.052127
-0.0399235
0.0115049
0.00764981
-0.0456473
0.0222883
0.0246419
-0.0196059
-0.0126021
0.0336587
-0.0180638
0.0188001
0.0259935
0.0544082
-0.0105923
0.0109308
0.0475357
-0.011695
0.0489416
0.0483739
-0.0129887
0.0225464
-0.0113107
-0.0419244
-0.0117841
0.0383924
-0.0321927
-0.000229582
-0.0403533
0.00432778
0.0126957
0.0135679
0.0304717
-0.0207844
0.0359318
-0.00265598
-0.0500954
0.0214953
-0.0466412
-0.0216307
-0.0130424
0.0248131
-0.0272337
0.0483673
-0.00511211
0.0187327
0.013468
-0.0462747
0.0493542
-0.0122644
-0.0482427
0.0279614
0.00394695
0.0283426
-0.0291426
-0.0355564
0.00786719
0.0476597
0.029627
0.0291772
-0.0412788
0.0180826
-0.0238397
0.0517825
0.00823704
0.0407479
-0.0207665
-0.0474879
-0.0147361
-0.0114648
-0.0348177
-0.0388771
0.0297445
0.0385442
-0.00907104
0.0268762
-0.0198337
0.0358974
0.0309354
-0.00545103
0.0408357
-0.0454059
0.0351098
-0.0369287
0.046202
-0.00678385
0.0313756
-0.0174175
-0.0317485
-0.0400829
-0.0100188
0.0184822
0.0491598
0.0165064
-0.00974099
-0.00337181
0.0455504
0.0387185
-0.0246605
0.0416679
-0.019828
-0.0317703
0.0505585
-0.0233957
-0.00420451
-0.0230459
0.0347973
-0.0158147
0.0470171
0.0160027
0.0226375
-0.00917189
0.0145624
0.00509915
0.0202756
-0.00989541
0.0179375
-0.0448428
0.0319658
-0.0463445
-0.00894084
0.0287281
-0.0405003
-0.0196774
-0.0266727
-0.0450847
0.0386367
0.0239497
-3.84863e-005
-0.0204274
0.0456221
0.0111405
-0.0229802
-0.0436873
0.00758506
-0.0454765
0.0284423
-0.0402267
0.0210612
-0.016602
0.0394269
-0.0363464
-0.00823442
0.00620518
-0.0408903
0.0296744
0.0284636
-0.0226358
0.0161338
-0.0130696
-0.0373381
0.0207953
0.0484675
-0.0105962
0.0375999
0.0504197
-0.00164919
-0.00846222
-0.0479311
-0.027014
-0.0342919
-0.0351107
0.0144427
-0.0404822
0.0197135
0.0345368
-0.000602575
-0.0436841
0.0349826
0.0252518
0.0272078
-0.0024497
0.02745
0.0279011
-0.0281511
-0.0408056
0.018576
0.0332247
-0.0408138
0.0353006
-0.0396631
-0.0482359
-0.00368707
-0.0151126
0.000443898
-0.00889052
0.0147212
-0.039897
-0.00195248
-0.000923358
-0.00454414
-0.0551567
0.017923
0.00347056
-0.0430413
0.00580567
0.0152667
-0.00962992
0.00616676
0.019295
0.00710349
0.030666
-0.0118367
0.0623872
0.02281
0.0398989
-0.0393585
-0.0372956
-0.0250817
0.0464747
0.0160832
0.00264565
-0.0370398
-0.0122335
-0.0378301
0.0367661
0.0264986
-0.0395342
-0.0123837
0.00662109
-0.010953
0.018434
-0.013256
-0.0339624
0.00463366
0.00174943
-0.00877107
-0.00839034
0.00551922
0.00663331
-0.030107
0.00357012
-0.0300189
0.0448431
0.0080588
-0.0252498
-0.00414155
0.0340867
-0.0263711
-0.00391375
0.0224781
-0.0352179
-0.0106138
0.0156914
-0.00597516
0.000193575
0.0038767
-0.0430854
-0.0453934
0.00133006
0.0170026
-0.0250491
-0.0487969
0.0474583
-0.0299625
-0.016262
0.0195748
-0.0236421
-0.0096347
-0.0118129
0.0168416
-0.00902109
-0.0339972
-0.0134862
0.0367737
-0.0395454
0.0213102
0.0462124
-0.0197259
-0.0289218
0.0175368
0.0266145
-0.0106767
-0.00242348
-0.0468697
-0.0156833
-0.00841876
0.0211931
0.00425428
-0.0277885
-0.0418734
0.0101757
-0.0351008
0.0121576
0.0348789
0.0239609
0.0404875
-0.044659
0.0328108
0.0465163
0.0306044
0.00335972
-0.0349136
0.0113573
0.0021133
-0.0423969
-0.0178379
-0.00201636
0.0408241
-0.0464844
0.015861
-0.0258139
-0.0384466
-0.00721455
-0.022955
-0.022881
-0.0209489
0.0192588
0.0433572
0.0449879
0.0107148
0.0122247
-0.00194742
-0.0332893
-0.0057489
-0.0310629
-0.0279535
0.0410909
0.0235443
0.0164742
-0.0177505
0.0272314
-0.0244533
-0.0383865
-0.0186644
-0.000974501
0.0378305
-0.0142479
0.0429592
-0.0439787
-0.0444258
0.0305143
0.0417542
0.0176241
-0.00196877
0.0155077
-0.0444385
0.0111023
0.0278914
-0.0366756
0.0327812
0.0317411
-0.0125292
-0.0221374
0.00123852
0.0268032
0.0436486
0.0436539
0.0265472
-0.0397022
-0.00227817
-0.0315791
-0.0347418
0.0469089
-0.0177306
0.0298289
0.0192242
0.0232707
-0.0406667
0.00207549
0.027502
0.0543665
-0.0316407
0.0214699
0.0348398
0.0287176
-0.0191233
-0.0101869
-0.0443401
0.0399535
0.0481794
-0.00942224
-0.0246428
-0.0285003
-0.0388958
0.0514374
0.0486075
-0.0447329
-0.0458211
0.0440048
-0.0339566
-0.024362
-0.0292676
0.00456836
-0.0470776
0.0267395
-0.00418132
-0.0154522
0.037888
0.0206114
0.0131016
0.0354367
-0.00226416
-0.000128667
-0.0499744
0.015148
-0.0362276
-0.0136057
-0.0212846
-0.00642129
-0.0195338
-0.0261392
-0.0175188
0.000244132
-0.0142517
0.0371358
-0.0229797
-0.0177505
0.00119088
0.0191141
0.0472493
0.0241889
-0.0150663
-0.0437077
0.00271461
-0.0218685
-0.0284342
-0.0020047
-0.0466345
-0.0532109
0.0215573
-0.0301642
-0.0328158
-0.0323649
-0.00263065
0.00363282
-0.0216896
0.0130299
0.0395725
0.0302649
0.0224905
-0.0232012
-0.0108394
-0.0442223
-0.0376576
0.0208621
0.00652944
0.0160397
0.0391638
0.0149014
-0.0343651
-0.0138738
0.0460487
0.047517
-0.0113946
-0.00416357
-0.0184038
0.0507928
0.0214114
-0.0020471
-0.016881
-0.0386966
-0.0313426
0.00464407
0.0421922
-0.0133217
0.0232158
0.0139462
0.0157907
-0.0454845
-0.0372792
0.0418385
-0.0129975
-0.0258499
0.0178751
0.0219139
0.0141924
0.0222919
0.00566367
-0.010082
-0.02132
-0.0416166
0.0392218
0.0282583
-0.0480307
0.0303434
-0.0142051
-0.0294139
0.0341055
0.0227473
-0.0327808
-0.0407089
-0.000194374
0.000342515
-0.0115773
0.0265534
-0.00146665
0.00442367
0.0538279
0.0318563
0.0168547
0.0179697
-0.00469697
-0.0445392
-0.023446
-0.0193932
-0.0440228
0.00287577
0.0466006
-0.0437865
0.0262254
-0.0235292
0.000639896
0.00170516
-0.037951
0.0194216
-0.0264127
-0.0187173
0.0315849
0.000852126
-0.0375457
0.00809697
0.0422071
0.0154505
0.0173679
-0.0484272
0.00202053
-0.0477113
0.0183903
-0.0328261
-0.00176017
-0.00607266
-0.00539171
-0.0227943
0.000817675
-0.043064
-0.0100313
0.0263651
-0.0222449
0.0409496
-0.0339724
-0.0224857
-0.0493273
0.0368287
-0.0360138
0.0203216
-0.0306283
0.0480887
-0.0150332
-0.00777987
-0.0448539
0.0406152
-0.0255855
-0.0266451
0.0224615
0.0191418
0.0328126
-0.044473
-0.0351096
-0.00130453
-0.0439062
-0.0408074
-0.0196316
0.0363633
-0.0374251
-0.0301809
0.0292686
0.0398602
0.00507556
0.0381523
-0.0147996
-0.0103307
-0.0365538
-0.00287285
0.0292605
-0.0141109
-0.0159087
-0.0473924
0.00715361
-0.00497141
-0.0190921
-0.0101032
-0.0461603
0.0277847
-0.0112221
-0.0173585
-0.0115633
-0.00163508
0.0294719
-0.0427941
0.0248858
0.0165446
-0.0158677
0.0220735
0.047244
-0.0288642
-0.0310038
0.0375742
-0.00154841
-0.0476044
-0.0398283
-0.0340299
-0.0044398
-0.0311481
0.0318065
0.00287842
0.0275526
0.0166016
0.0316361
0.0339818
0.0524103
0.0225233
0.0240314
0.0450503
-0.0113752
0.0338696
-0.0450852
-0.0451345
-0.0499113
0.0190313
-0.00123708
0.0507897
-0.0293833
0.00123966
0.035711
0.00245947
0.0369213
0.0492948
-0.0401574
-0.0416126
0.0339988
-0.0308106
-0.0204126
0.0366703
-0.0406306
-0.0369579
0.036252
-0.0274815
0.00555484
0.0311643
-0.0378005
-0.0246862
0.000497714
0.0491648
-0.0226444
-0.0207467
-0.0454003
-0.0251769
-0.0187152
0.0160364
0.0138165
0.0218808
0.00451129
0.0331972
-0.0226284
0.00440956
-0.0417025
-0.037664
0.0389426
0.00230828
0.0267947
0.0470487
0.0152611
-0.0128366
0.0263104
-0.0467972
0.00231763
-0.014389
-0.0485084
-0.0511377
-0.00732146
0.0424306
0.0399759
0.0516924
0.0445176
0.0420344
-0.0131346
-0.0323671
-0.0169001
-0.041684
-0.0441502
0.0488325
0.022026
-0.0322734
0.0116189
-0.0382598
-0.0413788
0.0319009
-0.0483107
0.00304756
0.0185364
-0.0153222
-0.0108001
0.0201476
-0.0131505
-0.028641
-0.00185235
-0.0108687
0.00729443
0.0355394
0.0319071
-0.01873
-0.0359217
-0.0485712
0.00997437
0.0149364
0.00495825
0.0121842
0.00718194
-0.00446141
-0.00949285
-0.0115975
-0.00811394
0.0236674
0.00894105
0.00937884
-0.0293042
-0.012409
0.030902
-0.0445653
-0.0313201
0.0473959
-0.00435597
0.02888
0.00845437
-0.039193
-0.0364239
0.0301689
0.036327
0.00391375
0.0383726
0.0301485
0.026301
-0.0493319
-0.0043824
-0.0187202
0.00361881
0.0127411
0.0188421
0.0429429
-0.0465455
0.00722841
0.0325061
-0.0120256
-0.0477231
-0.0196739
-0.0475932
0.0108883
0.0272193
0.0205751
0.0380538
-0.0221623
-0.0221042
0.0473658
-0.0324486
-0.0151042
-0.01413
0.0411419
0.0176576
0.0312598
0.00882539
0.0327467
0.00508424
-0.0378182
-0.0310558
-0.0307334
-0.0230023
0.0371574
-0.0484726
-0.0440457
0.0367197
0.0416803
-0.035375
0.0389946
-0.0419052
-0.0382274
0.0412809
0.0499231
0.0151307
0.0337618
0.0117574
-0.0240649
0.0254978
-0.0258721
0.0131031
-0.0223479
-0.00724205
0.0195348
-0.0222834
-0.00721613
0.00995462
-0.010562
-0.0327475
-0.0145325
0.00609105
-0.0144574
-0.005964
-0.0281529
0.0283639
0.039748
-0.0165977
0.0484717
0.0146223
0.0151109
0.04904
-0.0132847
-0.044969
0.0349259
-0.00505802
0.0290338
0.0111385
0.0459297
0.0505177
0.0107103
-0.0351768
-0.0392185
0.0329847
-0.0344429
-0.00708192
-0.0223148
0.0488322
-0.0426052
0.0276537
-0.0215753
0.0309648
-0.0448601
-0.0124331
-0.0287211
0.0186461
0.0271152
-0.0294726
0.0238707
-0.0132766
-0.0447994
-0.0483871
-0.032735
0.0108644
-0.0432635
0.0121734
0.0404805
-0.00276507
-1.60318e-005
0.0275752
0.016283
-0.0438929
0.0027164
0.0408006
0.0142359
0.0441124
0.025808
-0.0441032
0.0208626
0.0451314
0.0127145
-0.0317781
0.0222675
0.0472554
0.0114759
-0.0311412
-0.0107466
-0.0478862
0.0277609
0.047353
-0.00610904
-0.0154109
0.0327387
0.0239784
0.00931903
0.0465295
-0.0100526
0.0370146
-0.016742
-0.0318976
0.0206275
0.0137339
0.01853
0.0377377
-0.0392102
-0.050108
-0.0411065
-0.0101027
0.0455603
0.0397783
0.00570082
0.00854622
-0.0418297
-0.049214
-0.00231665
0.00875369
-0.000412871
0.0338367
0.0139706
-0.0023405
-0.0028127
0.0126172
0.00131126
0.0432289
0.00686006
-0.0356916
-0.0495472
0.0411935
-0.049021
-0.0478902
0.0173328
-0.0249883
0.0275623
-0.0135034
0.0309051
-0.0115938
0.023604
0.010588
-0.0260092
-0.0453481
-0.00656109
-0.0420711
0.00293098
-0.0282402
0.0272785
0.00416595
0.0353264
-0.0476469
0.0472794
0.0291481
0.0263135
0.0450819
-0.0135827
0.0429693
-0.0484167
-0.032007
-0.015153
-0.0213401
0.0130714
-0.0286371
0.0372122
-0.00151327
0.0478175
0.0190838
0.034126
0.0281345
0.030663
-0.00412818
-0.0469038
-0.0503818
-0.00485493
-0.0306968
0.0180472
0.00372938
-0.0205498
-0.0433004
-0.0206234
-0.0226332
0.0194494
0.0511513
-0.0456501
-0.028672
0.0043815
-0.024356
-0.0260053
0.0247218
0.00832055
0.00745509
-0.0460872
0.0356678
0.0125463
0.0064834
-0.0301149
0.0318831
0.0384108
0.0422142
0.0340003
-0.0146478
-0.000226691
0.0381277
0.0450386
0.0172561
0.00759488
-0.00246102
0.0433502
0.0233188
0.000967349
-0.0268492
0.0016107
0.0304021
-0.0140427
0.0145479
0.00695844
0.0419621
0.0313282
-0.0361635
-0.0328535
-0.0394332
-0.0195146
0.0451182
-0.021997
-0.0325616
-0.0311421
0.00109494
0.0028712
0.0204307
-0.000186638
0.0337615
-0.00433028
-0.0291459
0.0282591
-0.0188863
0.0179966
-0.0265309
0.0461706
0.0469742
-0.0321748
0.0348941
0.047593
0.028694
0.00727222
0.0445343
0.0264031
0.00708945
-0.0391891
-0.0178382
0.000920692
-0.0281164
0.00138918
-0.024978
0.0324269
0.013201
-0.00388577
-0.0259673
0.0142041
0.0072117
0.0131717
-0.0498225
-0.00269227
0.011598
-0.0284861
-0.0346941
-0.00281256
-0.0139413
0.0220271
-0.00584475
0.0135134
-0.0347687
-0.0210225
0.0236184
-0.0113561
0.0118656
0.0450551
0.011527
-0.0184113
0.0101432
-0.043713
0.00885451
-0.0106333
-0.0458996
0.0395663
-0.000897777
-0.00705859
-0.027395
0.0302506
0.0249558
-0.0321864
-0.0413794
0.0136942
0.0259881
-0.043712
0.0358006
-0.0160192
0.0140759
0.00251321
0.00186132
0.0268593
-0.0268113
0.0478189
0.0498903
0.0321965
0.0281984
-0.0177142
0.00184777
-0.0207275
0.0316563
-0.0495193
-0.0422443
0.00816009
-0.00698141
-0.010313
-0.0451169
-0.0271548
-0.0245139
0.0168816
0.0309384
-0.0238717
0.0431481
-0.0453665
-0.0181804
0.0322475
-0.0372867
0.0422867
0.0454058
0.0391991
0.0153762
0.0462487
-0.0332874
-0.0397603
0.0306832
0.0352552
0.00477343
-0.0463888
-0.0188708
-0.0252517
0.00332159
0.0111413
-0.0380528
-0.0190647
-0.0303445
0.0129429
-0.0203958
0.0359083
0.00839178
0.0301288
-0.00862543
0.0303962
-0.0383465
0.0124395
0.0249613
0.0401163
0.0201692
0.0340467
-0.0108104
-0.0278322
-0.0401802
0.0270807
-0.0340651
0.0133235
0.0118772
0.0315032
-0.030712
-0.0407823
0.0299784
-0.0117329
0.0462981
0.0159964
0.0409201
-0.0165269
0.00679741
-0.0241622
0.00994941
0.0386766
-0.00951679
-0.0183271
0.0458058
0.026809
0.0198179
0.0413525
0.0277461
-0.00397521
-0.0452583
0.0454275
-0.0401814
0.0214545
-0.0316288
-0.0379851
-0.0286965
-0.00166577
-0.00978661
0.0147922
-0.042714
0.0158505
0.0477897
-0.00581942
0.0152876
0.000175407
-0.0250038
-0.0132438
-0.00223632
0.03218
0.0447838
-0.0102799
-0.0338269
0.0366654
-0.0182498
-0.0426547
-0.0250751
-0.0265791
-0.0432875
0.0465948
-0.0280023
-0.0460171
0.0329059
0.00638778
0.0128633
0.00164881
-0.0511293
0.00405062
0.0150669
0.000418517
0.00130686
-0.0486447
0.0177127
-0.00178905
0.0123768
0.0128604
0.0241089
-0.0259658
-0.0208713
0.00346668
0.0144356
-0.0455621
0.043089
0.0320366
0.0330583
0.0358416
0.00187585
-0.0387788
0.00959988
-0.0395142
0.0167103
-0.0505279
-0.0322972
-0.000675027
-0.0324498
-0.0234651
-0.032191
0.0328528
0.0196897
0.00653374
0.0495419
0.0481641
-0.0283395
0.0310091
-0.00705364
-0.00702365
0.0339412
0.0274367
0.046296
-0.041146
0.0260896
0.0306729
0.0191836
-0.0404015
-0.0224766
-0.0357615
0.0336734
0.0460777
0.0535468
-0.0102299
0.0453767
0.0215357
0.0212986
-0.013533
0.0120526
0.0220654
0.0157916
-0.0126109
0.00757905
-0.0110004
-0.0269803
0.00146503
-0.0111769
0.0333783
0.0367028
-0.0356343
-0.022723
-0.0470931
0.00566714
-0.0081469
0.00795957
-0.0263589
-0.0349703
-0.0210488
-0.0447726
-0.0189883
-0.0359503
0.00334225
-0.0331765
0.0481717
0.00145562
-0.0291592
-0.033036
0.0191031
0.0248812
0.0320376
-0.0240683
-0.0198022
-0.0053839
-0.000511984
0.00847099
-0.0330344
0.0189809
-0.0318908
-0.012404
0.0348727
0.00194648
-0.0340077
-0.0465722
-0.0503981
0.026222
0.0323193
-0.0127181
0.0344551
0.00484269
-0.0387045
0.0329864
-0.00353626
0.0205525
0.0148214
0.0484922
0.00533208
-0.0079184
0.0160044
-0.0415001
0.0365653
-0.0155054
0.0475824
0.0451487
0.0290646
0.0037609
-0.0307436
0.0330449
0.00962787
-0.013934
-0.0321231
0.0355794
0.00227182
0.0372422
-0.0477937
-0.00319953
-0.0138187
0.0141698
0.0150587
-0.00330229
0.0200519
0.0170311
-0.0212839
-0.0379793
-0.000686613
-0.0209923
0.0208752
0.039083
-0.0408893
0.0246223
0.0442487
-0.0119195
-0.00841342
-0.0221952
0.0233836
-0.0474376
-0.0131028
-0.0041346
-0.0478376
0.0365565
-0.0272933
0.0172493
-0.0073438
-0.039349
-0.0333936
-0.0235716
0.0443077
-0.029438
-0.00900769
0.00303029
-0.0340095
-0.00892011
-0.00554486
0.0392818
0.0362777
0.0438952
0.0153974
-0.00994507
-0.00456823
0.037988
0.0301166
-0.0348717
-0.0279402
0.0156039
0.0300189
-0.00574612
0.0123368
-0.0248353
-0.044949
-0.00653275
0.00626824
-0.0382268
0.0484714
-0.0310551
-0.00558252
0.0376068
0.0364047
0.0217741
-0.0384771
0.0332305
0.0232203
0.0419532
-0.0377503
-0.0349853
-0.00377067
-0.0266373
0.037498
-0.0346592
-0.00380575
0.0167345
-0.0332133
-0.0138771
0.0137
0.047937
0.0250385
-0.00924925
0.0247921
0.039805
0.0141505
0.024039
0.0126183
-0.0170743
-0.00921994
0.0467213
0.0510656
0.0170525
-0.0258447
-0.0182676
-0.00603889
0.0364294
0.0365812
0.0277207
-0.02845
-0.000235897
0.0280273
-0.047702
0.0432306
-0.000607472
0.0167871
0.0176546
0.0230763
-0.0504379
0.01552
-0.0185276
-0.0155588
-0.028398
0.0449904
-0.0446428
-0.0270478
0.0439847
-0.0165766
-0.034322
0.0200561
0.0157922
-0.0183445
0.0224805
0.0222986
0.0477438
-0.012817
0.0437867
0.0107067
-0.0442486
-0.00778261
-0.00981737
0.0494404
-0.0491015
-0.0461913
0.0338909
0.0370803
0.0450964
-0.0167353
-0.0390206
0.0085811
-0.022627
-0.0263823
0.0308361
-0.00249849
0.00536031
0.0449322
0.0445933
0.00701108
0.0401694
0.0419449
-0.0156288
0.0101699
0.0171841
0.0435244
-0.0016836
0.0471121
-0.0319026
-0.0432013
0.0184623
0.0234336
-0.0243843
-0.0349661
-0.0493147
-0.00175409
-0.00304839
-0.0292359
0.0214215
0.0458178
0.0126701
-0.047813
-0.0343526
-0.0141933
0.015597
0.0310502
0.00687882
-0.0161525
-0.0278622
-0.0324198
-0.0240206
-0.016971
-0.0181953
0.0378652
0.0252197
-0.0041935
-0.0369017
0.0465523
-0.0137766
0.0155585
-0.00155257
0.0330671
0.0421825
-0.0456844
-0.0406891
-0.00966356
0.0278964
-0.00911874
0.0480815
-0.0300948
-0.0253505
0.0259755
-0.0281777
-0.0454821
-0.0177033
0.0237806
-0.00707692
0.024124
0.0142136
-0.0465867
-0.026897
0.0515351
-0.0335296
-0.0150137
0.0429122
-0.00650024
-0.0369928
-0.029392
0.00916816
-0.0309542
-0.0157918
-0.0379709
-0.0253328
0.0375065
-0.0158663
0.00404713
0.0370498
0.00544632
0.0272926
0.0266369
0.0296486
-0.00417619
-0.0100529
0.0070009
-0.0501014
0.00975836
-0.0479472
0.0153573
0.050947
0.0493193
-0.00720586
-0.00677504
-0.0327197
0.0284346
0.0197803
0.0286792
0.00225506
-0.0211427
0.0112888
0.00338662
-0.032551
-0.0150926
-0.0188833
0.0465543
0.0494185
0.039945
-0.0313477
0.0464904
-0.00102997
-0.0480951
0.0502329
0.0296592
-0.0117295
0.0390341
0.0124558
-0.004817
-0.049267
-0.0507362
0.0134458
-0.0222314
0.0487198
0.0497064
0.0338035
-0.0305282
-0.0169262
0.0481932
0.0293248
-0.0489542
-0.0341688
0.0110369
0.0396033
0.0426816
0.0198332
-0.0188582
-0.044258
0.0486266
-0.0113809
-0.0426711
0.0467493
0.0376071
0.00915802
-0.0211139
-0.0156487
-0.0403543
-0.0203813
0.0496507
0.0147219
-0.0186362
0.0365935
0.0156367
-0.00993436
-0.0352975
-0.0326295
0.0257219
-0.0324146
0.0294304
0.0112699
-0.0407973
-0.0213909
0.0287548
0.0505975
-0.0302545
0.0358943
0.0115659
0.0131944
0.0394053
-0.0184014
-0.0140743
-0.0255249
-0.0287308
0.017342
0.0110312
-0.00931249
0.0308589
0.0133541
-0.0010132
-0.0196113
0.0270596
0.0155014
0.0308696
0.0377522
0.0414194
-0.00193198
-0.0420422
-0.00713816
0.0322654
-0.0402666
-0.0110466
0.0151496
0.0112421
0.0476845
-0.0498828
-0.0143648
-0.0187628
-0.0481743
0.0175867
-0.0381736
-0.0464193
0.0180983
0.00108389
0.00753486
0.0148
0.0173586
-0.0222118
0.0375716
-0.0426072
0.00738777
-0.0433639
-0.0206561
0.0380082
-0.020647
-0.0147875
0.0444098
-0.0417836
0.0427641
-0.0403804
0.0317593
-0.0273975
0.010286
-0.0464143
0.0128655
0.0486472
-0.000320575
0.0502242
0.0172121
0.0322124
-0.0406769
0.0445607
0.0421187
0.00524952
0.0130523
-0.0337344
0.00306118
-0.0356639
0.0298828
0.0278323
0.0039709
0.0175255
0.0264379
-0.0249886
-0.014142
-0.0252202
0.00618263
-0.0342062
0.0242753
0.0115813
0.0202298
0.00265236
0.00892233
0.00592166
-0.0225594
-0.000149545
-0.00273083
0.0365952
-0.00734056
-0.0273118
0.0183569
0.0441738
-0.0136683
0.0495119
-0.00542583
-0.00548046
0.0133104
-0.0273859
-0.0108295
-0.0479424
-0.0321041
0.0282171
0.014026
-0.0347397
0.0242308
0.0217736
0.0163366
0.00811392
0.0398718
-0.0264039
-0.00135954
-0.0480351
0.0187423
-0.0486058
-0.0414823
0.0440576
0.047506
-0.0159194
0.0235107
0.0293829
-0.0255088
0.00806269
-0.0422725
0.0164317
-0.00989398
-0.0287479
0.033706
0.0187249
0.0503153
-0.0461711
0.0120631
-0.0263138
-0.00415813
0.0238747
-0.0460877
-0.0364688
0.0438008
-0.00814016
0.00996291
0.0486754
-0.0410119
-0.0156385
-0.0378709
0.0290879
0.0185705
-0.00310819
0.0385197
-0.0494702
-0.0493423
0.0419502
0.0114285
-0.00793688
-0.016596
-0.0371307
0.0374442
-0.0155972
-0.0239148
0.0296006
0.030456
-0.0226503
0.0476693
-0.0386937
0.0322598
-0.0346405
0.0121139
0.0401607
-0.0195595
-0.0247224
0.0178883
0.00996169
0.018536
-0.0367866
-0.00941908
-0.0447262
-0.0282242
-0.00981454
-0.0152683
-0.0436637
0.0123437
0.046938
-0.0425618
-0.0153353
0.0491641
-0.0123693
0.0491467
-0.0238638
-0.0385299
0.046285
-0.0131533
0.0158509
0.0276428
-0.0253782
0.0179072
-0.020625
0.0266446
0.0262918
-0.0429968
-0.02364
0.010473
-0.0327166
-0.0287745
0.0292301
0.0108885
-0.0259464
-0.00407434
0.0200518
-0.0493415
-0.00722735
-0.0202816
-0.0220272
-0.0324381
0.000613143
-0.0192423
0.00502902
-0.0139743
-0.0132872
-0.0113906
0.0148217
-0.0398415
0.0441901
0.00685821
0.00419751
0.0298221
0.0171816
-0.0325806
0.0173933
-0.0127203
-0.000912018
0.0144788
0.0157442
0.0300739
0.0102896
0.0199244
0.0284994
-0.0300816
-0.0460505
-0.0201197
-0.010165
-0.0115817
-0.00432525
-0.048098
0.0367307
0.00518255
0.0386224
-0.0294309
-0.029431
0.043652
-0.0407361
0.0149955
-0.0289008
-0.0256355
-0.0193663
-0.0404194
0.047393
0.00931267
0.0146742
-0.00807166
0.0148718
0.0239048
-0.0115304
0.00440131
0.0141991
-0.0112407
-0.0241979
-0.0328993
0.0171345
-0.00344227
0.0311651
-0.0124291
-0.0446096
0.0385291
-0.0419196
0.0437508
0.0340284
0.0395514
0.0371681
0.020764
0.0302632
0.00221399
-0.0193348
0.0274996
-0.0304606
-0.0395085
0.00942347
0.0118699
-0.0288383
0.00354962
-0.0212275
-0.0241867
0.0392165
-0.042297
0.0479696
-0.00881992
0.00843491
0.00388099
0.0428386
0.0114353
0.0318209
0.00532382
-0.0183754
0.0039647
-0.0148472
0.0219079
0.0491087
-0.0155944
0.00139433
0.00287046
0.0267725
-0.0360336
0.00733192
0.0125343
0.0306294
0.0177799
-0.0394132
-0.00803802
0.0356551
-0.0314045
-0.0134329
0.0150967
0.0295008
-0.00225215
-0.0160999
0.0309558
-0.0180304
-0.0218964
0.0135294
-0.043332
-0.0127286
0.0380015
0.0371492
0.0263458
0.0427989
-0.0439582
0.0265856
0.0237401
0.0329126
-0.00328218
-7.48601e-005
0.0425722
-0.00877496
-0.0256097
0.00652584
-0.0109013
-0.0135873
-0.032498
0.0226418
-0.0423499
0.0202381
-0.0233636
-0.0226346
0.0137008
-0.0175835
0.0233911
-0.0247748
-0.00436277
-0.0454045
0.00957074
0.0212919
-0.00419618
-0.00554004
0.024124
0.0258131
0.00586892
-0.00289228
0.0110798
0.00175655
-0.00483913
-0.0204252
-0.00689329
0.0157641
0.019904
-0.032163
-0.0339517
0.00909494
0.0121916
0.0350853
-0.049743
-0.0383119
-0.0390349
-0.0261327
0.0235824
0.00755216
0.0324275
-0.0390007
0.0103623
-0.0371386
0.0244077
-0.0224059
-0.0306359
0.00219789
0.0334355
0.049814
0.0382775
0.0192457
0.00650197
-0.0147836
-0.0255851
0.0151609
-0.0463121
-0.0340996
-0.0232302
-0.0363843
0.0146149
0.0475257
-0.00431764
-0.0258972
0.0277385
-0.0380653
0.0302542
0.0152234
0.0232872
-0.0365818
0.0364229
0.0183009
-0.0297263
-0.00786451
0.00747266
0.0275939
0.00171841
0.0175162
-0.0161624
0.00571985
0.0482474
0.0405651
0.0394256
-0.0343882
0.00530104
0.00090111
-0.00268167
0.0475128
-0.0173482
-0.033472
0.0416146
-0.0106687
0.0200196
-0.0294715
-0.0451088
0.0416896
0.046521
-0.0422996
-0.0418068
0.0446113
-0.0234276
0.00959636
-0.0179148
0.0297836
-0.00484795
0.00203087
-0.0459741
-0.0246452
0.0314497
-0.00611473
0.0201402
-0.0426364
-0.0167327
-0.0413502
-0.0249387
0.0455372
-0.00348046
-0.0139691
-0.0356215
-0.0449146
0.0319902
-0.0346435
-0.0273401
-0.0373751
0.0469083
0.0364945
-0.0128361
0.0243757
0.0469799
0.020915
-0.0184963
0.0413673
-0.0244125
-0.0203527
-0.0255127
0.0411667
0.0352881
0.0261028
-0.0193672
0.0437345
0.0283151
-0.0219757
-0.0193429
-0.035741
-0.0485238
0.00159535
-0.0122356
-0.0424747
-0.0136289
0.0449235
0.00900274
-0.0199351
0.00827523
0.0405796
0.041809
-0.0136788
0.0172153
-0.00860864
-0.0407902
0.0186388
-0.0311789
0.0370297
0.0354119
0.0248604
-0.0155144
0.00492217
-0.0444764
0.0252405
-0.00841361
-0.00674865
0.00574479
-0.00282167
0.028497
0.00140722
0.013992
0.00852831
0.0269599
-0.0347298
0.00651543
0.0427815
0.00215409
0.0217918
-0.000342156
0.0330146
-0.00499786
-0.0273148
0.017668
-0.0166475
-0.0283437
0.0410096
-0.00534419
-0.00376881
0.0232239
0.0114342
0.0433608
0.0460595
-0.0167506
-0.0428269
0.0215038
0.0336434
0.0209756
0.0428587
0.041462
0.0238792
-0.0231454
0.0340201
0.0140794
-0.0503385
0.0489858
-0.0481626
-0.0481369
-0.0413698
-0.0163496
0.0257848
0.0416579
0.00658577
0.0433814
-0.0292792
-0.0419059
0.0142793
-0.0258477
0.0400868
-0.042635
0.0069624
-0.0161014
-0.046188
0.0223979
-0.0237314
-0.0233827
-0.0298249
0.00513496
0.0121004
-0.0471364
0.0222299
-0.010778
0.0458859
0.0411969
0.0116149
0.00406349
0.0310361
0.0288714
-0.034517
0.0379604
-0.00425185
-0.0156467
0.0182957
-0.00296301
-0.0214466
-0.0433042
0.014236
0.00747697
-0.0376153
-0.00885627
-0.00766226
0.0385117
-0.0203741
-0.00617486
-0.0387376
-0.0181877
0.0175265
-0.0264547
0.0321938
-0.0298185
-0.0403789
-0.0145568
-0.0278335
0.0422791
0.0170124
-0.000153476
0.0277485
-0.0459246
-0.034042
0.0360447
0.0144468
-0.0370995
-0.0273412
-0.0224133
0.00252282
0.0512807
-0.00684842
0.015451
-0.000697933
0.00174258
0.0409139
0.0102411
-0.0344163
-0.0224605
0.0210242
-0.0474541
0.0481949
0.0172647
0.00761114
0.0046135
-0.0232677
0.0370118
-0.0327475
-0.0267748
0.0397741
-0.0196761
0.00638007
0.0487538
0.00970058
-0.0269476
-0.0479177
0.00786631
0.00821143
0.0243487
0.0352379
0.0502604
0.0473127
0.0336644
-0.0214576
-0.0423198
0.0294558
-0.0288308
-0.0125849
0.0353446
-0.0259381
-0.042787
0.0149347
0.0342892
0.0227644
0.018264
0.00325941
0.0123913
-0.00423171
-0.0491117
0.00114834
0.0435014
-0.0268797
-0.0203977
0.0221215
-0.00224802
-0.0464164
0.0128536
-0.0364652
-0.0505779
-0.039449
0.00277182
-0.0446602
0.00293353
-0.0314348
0.0225122
0.0424039
-0.00537819
0.00147043
0.0356254
-0.0267993
-0.0154784
-0.0155196
-0.00201489
0.0251418
-0.0268606
0.00164523
-0.0381171
-0.00623096
-0.0416072
0.0332975
0.0110918
0.00757017
-0.0163351
0.0295159
0.00399277
-0.00405668
-0.0248938
0.00481553
-0.0372243
-0.048729
0.0316618
-0.0100231
-0.0265389
0.0392897
-0.0447616
0.0390811
0.0298836
-0.0345227
-0.00223173
0.0236531
0.00213897
-0.00535141
-0.00570977
0.018681
-0.0399954
-0.00828975
-0.0265008
0.00424074
0.0202637
-0.00475464
0.0204895
-0.0153757
0.0491301
0.00885709
-0.0479956
-0.0373585
0.00747375
-0.0107748
0.0236222
-0.0415003
-0.0438011
0.0470634
-0.013603
0.0154584
0.00196361
0.0138412
0.0426358
-0.0208542
0.00983401
0.0135009
0.00645108
0.0032167
-0.0282862
-0.0240322
0.0140379
-0.0506375
0.0473367
0.0351862
0.00291139
-0.0491225
-0.0493743
-0.048557
-0.012516
0.0023158
0.0392075
0.00605612
-0.0294218
0.0358576
0.0358319
-0.00901158
-0.00035755
-0.0320148
-0.0350166
-0.0447802
0.0166298
-0.0407776
0.0432585
0.0396937
0.0113819
-0.0324678
-0.0429983
0.02435
0.0253377
-0.048268
0.0363674
-0.0291778
0.00929526
0.00691747
-0.000170333
-0.0497973
-0.00616701
-0.0319606
0.00692479
0.0371786
-0.0319256
-0.0119509
-0.00314734
-0.0217451
0.0265028
0.00899085
0.0243717
0.0184664
-0.0222795
0.0370435
0.00225762
-0.0342707
-0.0129821
0.0504213
0.0427759
0.00191651
0.0286015
0.0346078
0.0088793
0.0167093
0.0241014
-0.0147925
-0.0255674
-0.0398443
-0.0388373
-0.0308639
0.00256647
0.015538
0.0466594
-0.0175238
0.0285892
0.050577
-0.0145962
-0.000862525
-0.021387
-0.016519
-0.0291048
0.0503373
-0.000135128
0.0162874
0.0483079
0.021222
0.0208934
0.042452
0.0310279
0.0150276
0.0377308
0.0168282
-0.0264838
-0.0396066
0.0399077
-0.0131487
0.0390231
0.020251
-0.0399155
-0.0466713
-0.031923
-0.0285647
-0.0213044
-0.0184813
0.0242523
0.0256922
0.0480745
0.0208913
-0.0228214
0.0450212
-0.0190409
-0.043616
0.0250773
0.0274669
-0.0201684
-0.0426301
0.0137802
0.0319918
0.0151093
0.025927
0.0448841
-0.0127168
-0.0454233
0.0265352
0.0449292
-0.0159703
-0.0339908
0.0102527
-0.0297604
-0.0232115
-0.0446413
-0.0116814
0.0429073
0.000492633
-0.00656728
-0.0186138
-0.0426034
0.0309617
-0.0129302
0.00574178
-0.00174315
-0.0133398
0.0415436
0.0120251
-0.0294672
0.0137582
-0.027785
0.0458552
-0.00376783
0.0324256
0.0200466
0.0383141
-0.00881263
0.00329699
0.0139876
0.0019021
-0.0488862
-0.00673756
0.0477261
0.0390107
-0.0128153
-0.0190209
0.0143484
0.0301994
0.0121527
-0.00449789
-0.0489106
0.0247172
0.044563
0.0363303
-0.0396252
-0.0101691
0.0183218
0.0424611
0.0368731
0.0410881
-0.0410801
-0.0151414
-0.0244639
0.00786516
0.0323224
0.039213
0.0110032
-0.0228231
0.000521213
0.00109048
0.0222598
0.0427596
0.0237037
0.0311673
-0.019932
0.00334969
0.0208375
-0.0426736
-0.0220525
-0.0284381
0.0205629
-0.0506112
-0.00212479
-0.00138952
0.0439543
-0.0197645
-0.0280976
-0.0131011
0.0220864
-0.0211557
-0.0155788
0.0122386
0.0062872
0.0191827
-0.0216118
0.00347795
-0.0281307
0.0221095
0.00361402
0.0213256
-0.034637
0.0231666
-0.0212878
-0.0250912
0.00274235
-0.00881619
0.00309088
0.012675
-0.0312424
0.0386903
-0.016709
0.0362304
0.0282655
0.0104237
0.0204405
-0.0308549
-0.0166567
0.00938039
0.0161167
0.039085
0.0100744
0.0196807
0.0466628
-0.0256448
-0.0085404
-0.00214676
-0.0393254
0.0175018
-0.0156363
0.00285019
-0.0453116
0.0243263
0.0483037
0.0137492
-0.0258019
-0.0447153
0.049121
0.0244911
-0.0038959
-0.0465301
-0.00310548
-0.0448924
-0.0461837
-0.0282103
0.00970334
-0.0247093
0.0449459
-0.0187569
-0.043305
-0.0326667
-0.023201
0.013404
0.000126025
0.0393433
0.0197547
-0.0456363
-0.0376244
0.00688715
-0.0067138
-0.0362032
-0.0484962
-0.0416472
-0.036905
0.0193883
-0.0288902
0.0217975
-0.0110349
-0.0324586
0.0359453
0.0310452
-0.0216095
-0.00747003
0.0347113
0.0486152
0.00776241
-0.0417292
-0.0436863
-0.00166103
0.0401543
-0.044016
0.0234185
0.00741196
0.0319913
0.00899226
0.0253125
-0.0354914
0.04692
-0.043898
0.0320358
0.0347359
0.0372264
-0.0144481
-0.026977
0.0185969
-0.0356094
0.0183671
0.0294012
-0.00228459
-0.00625459
0.0222921
-0.0481964
-0.0340762
0.0123324
-0.0280263
-0.0264708
-0.0492267
0.0477571
0.00241734
-0.0255482
-0.0162209
0.0110696
-0.00501126
0.00461994
-0.0224789
0.0465399
-0.0494434
0.0312887
-0.019884
0.00471068
-0.0378665
-0.0225016
-0.0308318
0.0424019
-0.0474617
-0.0372725
-0.0355814
0.0391098
0.00971915
-0.0245634
-0.00288603
-0.0501274
-0.0404988
0.00670495
0.037954
-0.00336153
0.0129014
-0.0211872
0.0113709
-0.0276453
0.0360614
-0.0131
-0.00822614
0.0112285
-0.0247409
-0.00865606
0.0392469
-0.0234211
-0.0055519
-0.0182771
0.0175244
0.0200808
0.0332107
0.0421915
0.00876759
-0.0482869
-0.0377688
-0.0503481
0.0308226
0.00459826
-0.0385214
0.0361862
-0.0238222
0.0116381
0.0486268
0.0187563
0.00745358
-0.025148
0.0158642
-0.0257599
-0.0284035
-0.0310651
0.0232089
0.0300801
0.033451
0.0262952
-0.0460118
0.0405738
0.0464361
-0.027864
0.0203234
-0.0430769
-0.0343383
-0.0500139
0.00553835
0.0365933
0.0484326
-0.000593437
0.0439117
-0.0188526
0.00752448
0.0216363
0.0203102
-0.00398013
-0.00284379
0.0202026
-0.0177773
0.0255762
-0.0120455
0.0295395
-0.0438499
-0.0474303
-0.0172364
0.0169853
-0.0472897
-0.0433364
-0.0272558
-0.0117715
-0.0336534
-0.0306754
-0.036636
-0.029685
0.0389715
-0.0487055
-0.0351493
0.00199689
-0.00213945
0.0333042
-0.0122053
0.00789125
0.0482161
0.0169481
0.0340269
-0.00980392
0.008246
0.0111294
0.0229872
0.009309
-0.0124356
-0.0208114
0.048868
-0.0181057
-0.00703949
-0.0277612
-0.00285111
-0.0168863
0.0470141
0.039067
0.0300768
-0.0324358
0.025293
-0.0322756
-0.043262
0.000707194
-0.0125744
-0.0240284
0.0100702
0.0165616
0.00518265
-0.0262199
0.0337303
-0.00897428
-0.0409245
0.0342113
0.0064074
-0.0484493
0.028301
-0.000307348
0.0202587
0.00363724
0.0162239
0.0498939
0.00796143
-0.00235413
-0.0423785
-0.0446202
-0.0311485
0.0287968
0.0493576
-0.0423322
-0.0261143
-0.0240177
0.0203582
-0.0130092
-0.00533677
-0.0182617
0.0342941
-0.0443227
0.0473229
-0.0223308
-0.000106981
-0.0349709
-0.00989572
-0.0463641
-0.0104119
0.0249981
-0.0278656
-0.011594
-0.0410266
0.0478137
-0.0414221
0.0182582
0.0482273
0.0186665
0.0411472
-0.0200305
-0.0363505
-0.00811719
-0.0432967
0.00201444
0.0356656
0.0163644
0.0313991
-0.0353992
0.0215805
0.045116
0.0481688
0.0250189
-0.0285852
0.0337174
-0.0244624
0.0114573
0.033686
-0.0215832
-0.0319106
-0.00785448
-0.0232538
-0.00253426
0.0334904
0.0223296
-0.0396698
0.00401781
0.0136313
-0.0426268
-0.00828343
-0.0133643
-0.0277701
-0.0260556
0.000915863
0.0372079
0.0256296
0.0463563
0.0089386
0.0302641
-0.0229048
0.0293571
-0.0248892
0.024538
-0.00774367
0.030046
0.0240569
-0.0344775
-0.0502942
-0.0178668
0.0358417
-0.0496334
-0.0181731
-0.00778324
-0.0116906
-0.0244642
0.0422252
0.0153429
-0.0317372
-0.0131561
-0.0420288
0.0195887
-0.0171626
-0.0320476
-0.0144987
-0.0333792
0.0385034
0.00647381
0.0327629
-0.0121985
0.00142077
0.0270867
0.0445511
-0.00493665
0.00860852
-0.0258041
0.00206839
-0.0116653
0.0400188
0.024448
-0.0220178
-0.00496435
0.0113732
-0.013921
0.0458045
0.0282058
0.0206658
-0.000875991
0.00794183
-0.0294141
-0.00373915
-0.023724
-0.0255972
-0.0105577
-0.0113656
-0.00505891
0.00972598
-0.0183825
0.0191374
-0.00989027
0.0485097
-0.0469786
-0.0299264
-0.043229
0.0153802
0.0449933
0.0238129
0.00944459
-0.0381369
-0.017492
0.00177887
-0.00176749
0.014852
-0.00178418
0.0485712
-0.0499637
-0.0226862
-0.0310009
-0.00665528
0.022262
-0.0136054
0.0351031
0.0377651
0.0218219
0.0446398
0.0458914
0.000430315
0.0126034
0.0331218
-0.0123506
-0.0294535
0.0393273
0.0465531
-0.046524
0.00526737
-0.0165035
0.0272573
-0.0121927
0.00198475
0.0108522
-0.0447157
-0.0146312
0.0134459
-0.00731426
-0.0237501
-0.022517
0.00940627
-0.0194858
0.00291983
-0.0269225
-0.0388035
0.0153914
-0.00399558
-0.00925334
-0.0386233
0.0348921
-0.0482185
-0.0458037
0.0399342
-0.0173677
-0.00651059
-0.00853442
-0.0043171
-0.0309728
-0.000498497
-0.00740758
0.0208246
-0.016032
-0.0309277
-0.0182623
0.0035967
0.0245013
-0.0296966
-0.0403963
0.0105969
0.0277558
0.028116
-0.0384288
0.0378429
-0.0249032
0.0470988
-0.0112235
0.00397098
-0.0355798
0.00124956
-0.0361442
0.0192521
-0.00555507
-0.0118255
-0.0235677
-0.046242
-0.0167988
-0.0157181
0.0426681
-0.0257279
-0.0368156
-0.0167459
-0.0379578
-0.0398773
-0.0483416
-0.0144414
0.0206297
-0.0340937
-0.0400751
-0.00545053
-0.040005
-0.0436859
0.0369556
-0.0112914
0.0185685
0.0504678
0.000802558
0.0361656
-0.0467327
0.0286543
-0.0276094
0.0226572
0.0221484
0.0353483
0.0460762
0.0444248
-0.0404475
0.0241564
0.0081164
-0.0498769
0.0259459
-0.0351107
-0.0293816
-0.0201109
0.0507105
-0.00395575
-0.0013623
-0.0277333
0.0429804
0.00580743
-0.00274058
0.0247261
0.0311335
0.044113
-0.0280629
0.0296373
-0.0430492
0.048459
-0.0138208
0.0033291
-0.000643786
-0.0311856
-0.0443606
0.0309056
-0.0305658
0.0160965
-0.00182068
0.0143803
0.0455536
-0.0492779
-0.0360309
-0.00859714
-0.025204
0.00660698
0.00412973
-0.0294314
0.0270204
0.0289191
0.0469518
-0.0217606
0.0215722
0.0169792
-0.0224809
-0.0470261
0.00659148
-0.0108662
4.64641e-005
-0.0241117
0.0263697
0.00442478
0.0318381
-0.0164068
0.0450366
-0.00757825
0.0492426
-0.0464806
-0.0462084
0.0439641
0.0270483
-0.00260759
-0.0385667
-0.0283066
-0.0221161
-0.0432128
-0.043567
0.0115669
0.0436744
0.0436049
-0.0387714
-0.0163051
0.0383776
0.0068694
-0.0227467
-0.0295
0.00914728
-0.0163919
0.0136903
0.0444775
0.00251388
0.00657859
0.018221
-0.0257677
-0.00456055
0.0149221
0.00103591
-0.0112144
-0.00220105
-0.0310568
-0.035123
-0.0203911
-0.0267028
-0.00533856
0.0323171
0.0477556
-0.0113888
-0.0467112
-0.0163297
-0.0255821
0.0341316
-0.0129573
0.00973894
0.0202527
0.0302826
0.0125305
-0.031411
0.0187368
-0.033795
0.0181374
-0.0322232
-0.0194821
-0.0220935
-0.0485701
-0.0383434
-0.00800364
0.00825106
0.0390448
-0.0298675
-0.0208205
-0.031638
0.0106028
0.0302977
-0.0360072
0.0461384
0.0106547
-0.0337074
-0.0351951
-0.0489536
0.0403606
0.00684385
-0.0325605
-0.0151818
-0.00641214
0.0169078
0.0211944
-0.00699924
0.00434214
-0.00770403
-0.0120569
-0.0108895
-0.0400625
-0.0228054
0.00478824
0.0401729
-0.00176845
0.029822
-0.0338433
-0.0375749
-0.002151
0.0451553
0.0126037
0.0422861
-0.0381287
0.0188022
0.0144466
0.0145512
-0.0480553
-0.0315838
0.0474298
0.0398845
0.0238206
0.0164034
0.039677
-0.0239459
-0.0384554
0.0235542
-0.00198692
0.0177991
0.0448284
-0.00828431
-0.013893
-0.0170529
0.0235371
0.0396639
0.048148
0.017749
-0.0199607
0.0350394
-0.0137046
0.0180861
0.0429131
0.00723651
-0.0368566
0.0108698
-0.0381388
0.0404901
0.0260749
0.0195999
0.0316692
0.0313137
0.0353564
0.0371985
-0.0282879
0.0477471
0.0184625
0.0478275
-0.0102442
-0.046823
-0.00598211
0.00456346
0.0478275
0.0433861
-0.00229796
0.0189848
0.0161599
0.0420849
-0.031323
-0.0450026
-0.00707313
0.0280716
0.0191517
7.72682e-006
0.0212349
0.0309057
0.0395289
-0.0114558
0.00414003
0.0453642
-0.0284672
-0.037251
-0.03994
0.0373994
0.00559268
0.0486589
0.00149128
-0.0299507
0.00933246
0.0059172
-0.0231758
0.0297498
-0.0246285
-0.0267796
-0.0188365
-0.0325438
-0.014905
0.0326551
-0.0457691
-0.036945
-0.0426103
0.0139871
-0.0236487
0.00329008
0.00842997
-0.00220833
-0.0129579
-0.0209072
-0.0302258
0.00144492
0.0307419
0.0244307
0.00489726
0.0158446
-0.0432007
-0.0395103
-0.0400512
-0.00914392
-0.0178876
0.000465155
-0.00349716
0.025942
0.0306894
-0.0416429
0.0408208
-0.0411855
-0.0324604
0.0285259
-0.0102628
0.0264242
-0.0422549
-0.0256793
0.0306709
-0.0317804
0.0297591
-0.00494671
-0.0224495
-0.0323831
-0.00185598
0.00838669
0.0184934
-0.00856287
0.0400234
0.00976207
-0.0460009
0.0117618
0.0421838
-0.0324418
0.0304854
-0.000687687
0.0387098
-0.00854432
0.042802
0.0460132
-0.0427742
0.0428483
0.0130537
0.0122068
-0.0190343
0.0260471
0.0309398
-0.0323213
0.0485816
0.0355542
0.0309923
0.011768
0.00135838
-0.0223352
0.0289091
0.0327447
0.0139191
-0.0378537
-0.028019
0.0172942
-0.0177392
-0.0267085
0.0296231
-0.0488783
0.0371274
0.0135328
-0.0273576
0.0228204
0.0463965
0.0391827
-0.0136471
-0.030572
-0.029416
-0.0300713
0.0470764
-0.00247104
0.0492616
0.00316336
0.0045851
-0.00845469
0.0492338
-0.00434402
0.031867
-0.0505782
-0.00428839
-0.0334154
0.0401841
-0.0222115
-0.00309537
-0.0219272
0.0501239
-0.0489433
-0.0371861
0.0293758
0.0153007
0.0022825
-0.0317402
0.0438405
-0.0245574
0.0259977
0.0353595
-0.0228853
0.0482231
-0.0315023
-0.0157488
0.0244616
0.0225484
-0.00271212
-0.049787
0.044165
-0.0130537
-0.00422039
-0.0120801
-0.00213415
0.0340058
0.00690005
-0.0313632
0.0184068
-0.0318206
-0.0423445
0.014086
-0.0181874
-0.00509198
-0.0155696
0.039566
0.0296849
-0.0237693
-0.00504253
-0.0333505
-0.0055834
-0.0474288
-0.0107171
-0.0116814
-0.0163021
0.022227
-0.0218252
0.0161537
-0.0245636
0.0501672
0.00854432
0.0218005
-0.0293418
0.0321513
0.0458834
-0.00271212
-0.0266313
-0.0346641
0.0206476
0.0310263
0.0283219
-0.0499014
-0.00883794
0.0343334
-0.00920265
-0.0180885
0.021102
0.0203695
-0.0316877
-0.044539
0.0278768
-0.0360178
-0.00574103
0.0487516
0.0102257
0.0430709
-0.0253053
-0.0161444
-0.000137537
-0.0138975
-0.012553
-0.0347166
0.0441804
0.0481427
0.0504948
-0.0303803
-0.0300125
0.0106027
0.0464119
-0.015177
0.0454755
0.0437508
0.0339347
-0.000285892
-0.0389695
0.0296787
0.0129641
0.0126426
-0.0194082
-0.0305596
-0.0182307
-0.0261151
-0.0376003
-0.00362079
-0.0396896
0.032074
-0.000366251
-0.0138944
0.00828161
-0.0135637
0.000159173
0.0196339
0.0130506
0.036843
0.0316259
-0.0315641
-0.0149885
0.0117185
-0.0334834
-0.0357026
0.0279201
-0.0239238
-0.0505257
0.0227586
0.0127199
0.00736675
0.0190095
-0.0246779
0.0467581
0.0158168
0.000792772
0.00479218
0.0451509
0.0302412
0.0301856
0.00185289
0.00257921
0.00295628
-0.0145743
-0.0384471
-0.0187715
-0.0401223
0.0121203
0.0428916
-0.00469636
-0.0453951
0.0154119
-0.0217603
0.0230769
0.0448295
-0.00347243
0.000517697
0.023148
-0.0475215
0.0216645
0.0377981
-0.0167038
0.0437972
-0.0218097
-0.0490885
-0.0201531
0.0499137
0.0328776
-0.0055834
-0.0278459
-0.000162263
0.0229688
0.0228637
0.0190157
-0.0109891
0.0113383
-0.0352142
0.0340058
0.0144785
0.0339965
-0.0148216
-0.0309583
0.0444833
-0.0453858
0.02308
0.0495892
0.0344663
-0.0137398
-0.0392507
0.0265818
-0.0441155
-0.0407714
0.00987025
0.00542887
-0.0449624
0.0219674
0.0392445
-0.00576267
-0.000666052
0.0438312
-0.0386171
0.0227184
0.0396618
0.00150055
0.00374751
-0.000635145
0.046347
0.0356655
0.0449871
0.0443906
0.0358293
0.029212
-0.0184687
-0.0403912
-0.0480624
0.0266931
0.00101221
-0.00940664
0.0252559
0.0297035
-0.00652917
0.023216
-0.0446317
-0.0184439
0.0150596
-0.022533
-0.029926
-0.00491581
0.0224711
-0.0413864
-0.0204745
0.016472
-0.0174394
-0.00845469
-0.0192939
-0.00828161
-0.00671152
0.0251446
-0.0442824
0.0325129
0.00130583
0.032584
-0.0113476
0.0276636
-0.0324171
-0.0171458
-0.0414359
0.0198224
-0.0348217
0.0158354
0.0396711
-0.0165339
0.0477688
-0.0114558
0.0497561
0.0200357
-0.0193032
0.0414606
-0.00808998
0.0113105
-0.0102813
0.03599
0.0331434
-0.0505597
-0.0139284
0.0183141
0.0369265
-0.0152543
0.0434387
-0.0341696
0.0327447
-0.00817653
-0.00946845
-0.0413431
0.0180607
0.0244307
-0.0165833
0.0451355
-0.0306523
0.0418315
0.0225113
0.0323677
-0.0232377
-0.0268167
-0.0253764
-0.0101546
-0.0387469
0.0218777
-0.0108098
-0.0245018
0.00266266
0.0483127
0.033298
-0.0252188
0.028767
-0.0415224
-0.0461554
-0.0199893
-0.0049838
0.0381659
0.00675479
-0.0147721
0.013882
0.0206291
0.0207002
0.0263717
0.0444617
-0.0202211
-0.0290019
0.0420293
0.0190219
0.0138202
0.0299229
-0.0116103
0.0172478
-0.0116072
0.0332825
-0.01637
0.0482077
-0.0498828
-0.0257968
0.00391441
-0.037693
0.0489556
0.0461152
0.0202953
-0.0352637
-0.027404
0.0228853
-0.00267812
0.024613
-0.0277996
0.0427989
0.0350968
-0.0321111
0.0392384
-0.0489062
-0.0257473
-0.0338914
0.0217139
-0.0232593
-0.03909
-0.0317372
-0.0260131
-0.000591875
-0.0254784
0.0158632
-0.0161722
-0.0202211
0.0181812
-0.0114774
-0.0138326
0.024477
-0.0129177
0.0112054
0.0225546
0.0255248
0.00323136
-0.0308378
0.0379063
-0.0211081
0.0267952
-0.0305804
-0.0222082
0.0104777
-0.0421556
-0.0102589
-0.0175585
0.000927906
-0.0147498
-0.0373369
0.0382891
0.0436378
-0.0194729
0.0104208
-0.0246134
-0.00283625
0.0200596
0.00528337
-0.019444
-0.0268659
0.0312463
-0.00695683
0.0198104
-0.021149
0.0254947
-0.0348437
0.0407172
-0.0276546
0.0446473
-0.00308246
0.0147152
-0.0338773
-0.0252054
-0.0460667
0.00713563
-0.0242681
-0.0144956
0.00842915
0.0104923
0.0270778
-0.0101847
-0.0105878
-0.00417643
0.036091
-0.0271623
-0.0385618
-0.0104173
0.0372687
-0.00191574
0.00545061
-0.0382041
-0.00641531
-0.0504327
0.00145903
-0.0251038
0.0329998
-0.0279762
0.0174339
-0.0497637
-0.0108125
-0.0323845
0.0250391
-0.020793
-0.0277415
-0.014761
-0.018677
-0.0213031
0.00259777
0.0452496
-0.0271863
-0.017125
-0.0373941
0.0403877
-0.0215858
0.0132321
0.0194223
0.0010615
-0.0306643
0.00718028
0.000527716
0.0216783
0.000119918
-0.00739093
0.00297712
-0.00201411
-0.0158238
-0.0364111
0.0328445
0.00129323
0.0443293
-0.0415218
-0.0129711
-0.0262085
-0.0254437
0.0259898
-0.0400021
0.0227013
0.0352005
-0.0158435
-0.0377101
-0.04898
-0.039872
-0.0163173
-0.0239708
0.048126
0.0542877
-0.0334479
0.0134582
-0.0103292
0.0152342
0.0032496
-0.0030266
0.0234651
-0.0377425
-0.0238263
-0.0475762
-0.0164834
0.0242963
0.0232878
-0.0188816
0.0376154
-0.00372328
0.0378884
-0.0233819
0.0449107
-0.0188606
-0.0401491
0.0219092
0.018787
-0.0393414
-0.0408754
0.029985
0.00893027
-0.0186956
0.0173629
-0.0142111
0.0529046
-0.0192636
0.0232727
-0.0188781
0.00521101
-0.0164297
0.0100053
0.020277
0.0167497
0.0380641
-0.00369078
0.0352493
0.00479524
-0.0416726
0.0159494
0.0252841
-0.0456065
-0.00397305
0.00647741
-0.0525643
-0.0190613
0.00128786
0.0060705
0.00196985
0.0400288
0.00456937
0.0304503
-0.0196309
0.013192
-0.0214989
0.000374589
-0.0194835
0.0333744
0.0418053
0.0105878
0.0375847
-0.0151773
0.0190081
-0.0264904
-0.0124361
0.0451498
-0.0493827
0.00691631
0.0413154
-0.0435343
0.0307475
0.0275302
-0.0303865
0.0464396
-0.0488969
-0.0135977
-0.0456009
-0.0381326
0.0363961
0.000743474
0.00919875
-0.00586731
-0.017727
-0.0139766
-0.00811634
-0.048399
0.00894766
-0.0438388
-0.00242453
0.0484816
-0.00406105
0.00240024
0.019642
0.0249159
-0.00905736
0.0183703
-0.00956506
-0.0433198
0.0057488
0.0321204
0.0278469
0.0209235
0.0130115
0.0424024
-0.00746823
-0.0316924
-0.0338766
0.0470372
-0.00605704
0.0436028
0.0245199
0.00954935
0.0327082
0.016328
-0.0192929
-0.0380282
0.0496347
0.0018656
-0.0307351
0.0380366
0.012734
0.0276649
0.048816
-0.0466105
-0.00509324
-0.0435267
-0.0333439
0.0231936
-0.0383905
-0.0215238
-0.0147907
0.0360472
-0.00629675
-0.0323399
0.0228133
-0.0487313
-0.0120936
0.00784319
-0.0188498
0.012003
-0.00778357
-0.00941303
-0.00344073
-0.00824779
-0.0489892
-0.00300649
-0.0255299
-0.0243478
0.0346711
0.0326086
-0.0198656
0.00490758
-0.0270864
-0.00435727
0.00974893
-0.0176061
0.045009
-0.0232418
-0.0227317
-0.0484597
-0.00587496
-0.0334062
0.0485249
-0.0290007
0.0209823
-0.0370095
-0.0131451
-0.0098954
0.0230499
-0.00998341
-0.0433056
-0.011276
-0.0265604
0.0494847
0.0442276
0.0411081
0.0501235
-0.0480053
0.0108265
0.00903818
0.0415773
-0.000937631
-0.0132329
0.0305982
-0.0366847
-0.00208333
-0.03757
-0.0342252
0.0367282
-0.0256763
-0.0426428
0.00928312
0.0267731
0.00441854
0.0303076
-0.0456282
-0.00164104
-0.039363
-0.0272936
-0.0231996
0.027079
-0.0209942
-0.00716086
0.0414178
-0.0318689
-0.0438503
-0.03318
-0.0483063
0.0403644
-0.043084
0.0159609
-0.00272645
-0.040948
-0.0451794
-0.0291088
0.0122046
0.0315606
0.0261585
-0.0436127
-0.037929
-0.0447842
0.0428628
-0.0207352
0.00311837
-0.0412616
0.0385203
-0.048217
-0.0495306
0.0232668
0.00269959
-0.0246688
-0.0260996
-0.0401989
-0.00818819
-0.00108836
-0.00380589
0.007865
0.0497801
0.0085288
0.0487173
-0.00402332
0.0115843
-0.00434517
-0.0439165
-0.0177225
0.036833
0.0366665
-0.0403889
-0.0171867
-0.00112641
0.042968
-0.0299078
-0.0111611
-0.0460534
0.0434832
-0.0503675
0.041243
-0.0477787
0.00463174
0.0136011
-0.0126785
0.0279426
0.0107307
0.044539
-0.0419845
-0.0287875
-0.0436061
-0.0426614
0.0221576
0.0371605
0.0237825
-0.0441846
0.0448966
-0.0232399
0.0322542
-0.0337859
0.0106057
-0.0225364
0.0224763
-0.00229931
-0.0361441
0.00257271
0.0225287
-0.0104151
0.0268507
-0.0257296
-0.015378
0.00614739
-0.0254502
-0.0444021
-0.0393417
0.0481754
-0.000120767
-0.0434595
0.0239643
-0.0217036
-0.0106625
0.0131749
0.00971029
-0.0223559
-0.0389399
0.0419651
0.0180686
0.0310673
-0.0308317
0.0235332
-0.0111482
-0.0352233
0.0424012
-0.0038625
-0.021971
-0.0391279
-0.022525
0.0403987
0.00397722
0.0459913
0.0441592
-0.0488031
-0.0483555
0.0102884
0.0119673
-0.00072363
-0.0294882
0.0284863
0.0500389
0.0125328
-0.010018
-0.0413653
-0.00635406
0.0439812
-0.00454327
-0.00161256
-0.0458699
-0.0454585
0.00124218
0.0363915
-0.00154117
-0.0140096
0.00197241
-0.0478211
-0.0153244
0.00679851
0.00145953
0.0122451
-0.0128847
-0.0439917
0.0415528
-0.0439324
0.032635
0.045433
0.0293441
0.0438362
-0.0317454
-0.00679783
-0.0395141
-0.0102031
-0.0490446
-0.00435519
0.024153
0.012948
0.0410542
0.0380073
0.0235236
-0.00428584
0.0440044
-0.0224913
0.0218886
0.0468353
0.011327
0.0419219
-0.00973172
0.00871953
0.0463219
0.0105885
0.0117242
0.0207333
-0.00798373
0.0534792
-0.00425919
0.00785354
0.00969823
-0.0165488
0.0298369
-0.00258639
-0.00769292
-0.0264468
0.0416598
0.0409877
0.0163414
0.00854294
0.0426763
-0.0391538
-0.00742986
0.0060326
-0.0192913
0.0493488
-0.00555289
-0.0121665
-0.0385656
-0.0415248
-0.0489235
0.00208436
-0.0483881
-0.0291014
0.0340854
-0.000819819
-0.0472275
-0.0291132
-0.026039
0.0468242
-0.0177047
0.0413846
-0.0302279
0.00880011
0.0022005
-0.0236697
0.024184
0.0282344
-0.0112667
-0.0397583
-0.0440676
0.0400146
0.00804486
-0.0306068
0.0134856
0.00381325
0.0401978
-0.0378622
0.0485078
-0.0363322
0.0220041
-0.00530078
0.0194983
-0.0164341
-0.0406062
0.0418912
-0.0347724
-0.0468806
-0.0109936
-0.0406134
0.0313853
0.0311624
0.0422687
0.0398505
0.0101593
0.00864259
0.00683843
-0.013109
-0.0195998
-0.0474707
-0.0194811
-0.0311326
-0.0241736
-0.0345659
0.00876236
0.0424982
-0.0182292
0.00680767
0.03598
0.0488225
0.0476213
-0.0431902
0.0368625
-0.0339879
0.0503223
0.0141445
-0.0394966
-0.00980736
-0.0467801
-0.0423939
-0.0491037
0.0225625
0.048302
0.00850118
0.000171907
-0.000756478
-0.00245238
0.0331407
0.0363567
-0.026094
-0.0299051
0.0407554
-0.0489039
-0.0179615
0.0014816
-0.0487302
-0.00835806
0.0203655
-0.0466128
-0.000730802
-0.00846042
0.0328001
-0.0325796
0.0384455
-0.0410081
0.0226016
0.0338758
0.0208171
-0.0104348
-0.046672
0.022078
-0.0327212
0.0349864
-0.0264132
0.042108
0.0296382
-0.0184854
-0.0455985
-0.000845347
-0.0528966
0.025043
-0.0154123
-0.0221648
-0.0325732
0.0143078
-0.042595
-0.0393672
-0.0332521
-0.0374839
-0.0292864
0.0112982
-0.0128915
0.0298802
-0.0242872
0.0407661
0.0452272
-0.00094829
0.0176751
0.0372151
-0.0294592
-0.0443704
0.027232
-0.0062049
0.0444495
0.0227899
-0.0233756
-0.000723948
0.0120762
-0.0277884
0.00956293
0.00288249
-0.024377
0.0228398
-0.0137704
-0.00725018
0.00543082
-0.0309612
0.0420122
-0.0255932
-0.0433688
0.00566567
-0.0109217
0.0300479
0.0440578
-0.000378533
0.0321974
-0.0415204
0.012101
0.0445899
0.0414384
-0.0470663
-0.0323239
0.0412745
-0.0152199
-0.00714667
0.0301842
-0.00944228
-0.0073834
0.0328599
-0.0355013
0.0426768
0.0376681
0.0157506
-0.0348244
0.0160565
-0.0417493
-0.0532529
-0.00908824
-0.00227139
0.0243337
-0.0401581
-0.035568
0.0156991
0.00691211
-0.00282813
-0.0194801
-0.0268098
-0.0189497
-0.0166701
-0.0327329
-0.0405923
-0.0413745
0.0496784
-0.024932
0.0136166
0.0491576
0.0501815
-0.0380701
-0.0380385
0.00350073
0.0320067
-0.0346057
0.0413256
-0.0292831
-0.00686807
0.0172794
-0.00519897
0.00932172
0.0233241
0.0259888
0.0460321
-0.0279004
-0.020375
0.0227859
0.0382667
-0.0218042
-0.00423469
0.0335694
-0.00425238
0.0132966
-0.024452
0.0363756
0.0171938
-0.011229
0.0221976
-0.0176556
0.0177555
0.0292107
-0.00500297
-0.0312503
-0.0381987
-0.00863644
0.0503776
0.052304
-0.0231762
0.00211107
-0.000690721
-0.0406192
0.0231787
0.0237017
-0.0284926
-0.0255019
0.0462971
0.0130588
0.00890883
-0.0495292
0.0163959
0.0279593
0.0210826
-0.00288769
-0.0363357
0.0450802
-0.000906251
0.00445208
0.0286767
-0.0466986
0.062917
0.0352798
-0.0373723
-0.0258858
-0.0298339
-0.0329506
-0.0175353
-0.00542417
0.0520854
-0.0431813
-0.0307009
0.0136147
-0.015071
-0.0126696
0.0442241
-0.0439186
0.0455897
0.0255817
0.0131677
0.0473482
0.0484895
-0.0330596
0.0410014
0.0493236
0.0301751
-0.00356575
-0.0241815
-0.0177983
0.0515976
-0.000828052
-0.0139059
-0.0162336
0.0338707
-0.0108415
-0.0366729
0.0290115
0.00683457
-0.0320035
0.0023655
0.01525
-0.00664107
-0.000227534
-0.0157966
0.0273863
-0.0239587
-0.00125423
-0.0307156
0.037915
0.0289614
-0.0346367
0.0264382
0.0321557
-0.0116752
-0.0277426
0.0186851
0.00958638
-0.0417365
0.00325293
0.00350745
-0.00746992
-0.00886273
-0.0154136
-0.00694046
0.0345421
-0.0306915
-0.0354164
-0.018332
-0.0309516
-0.0475072
-0.0297922
-0.0333239
0.0134717
-0.0366102
0.00494957
-0.0175866
0.0323272
-0.0230905
-0.0316149
0.0029018
0.0244064
-0.0127233
0.00923259
-0.0399706
-0.0118449
-0.00378891
-0.0405921
0.00015757
0.00956216
-0.0188227
0.00936513
-0.0253772
0.00276665
-0.00143916
-0.0497786
-0.00408966
-0.0332201
0.0364257
0.0433531
-0.023233
-0.0333128
0.0498464
-0.0415356
0.0263634
0.0421381
0.00669334
-0.0489742
0.0237726
0.0294087
-0.011243
-0.00246112
0.00599788
0.0187685
-0.0114854
0.00212427
-0.0410394
0.0249536
0.0378065
0.0165804
-0.0537045
-0.00842605
-0.00693813
0.00537492
-0.0364334
0.0120799
-0.0239088
-0.022621
0.0246877
-0.0315043
0.0393967
0.0105565
-0.00540882
-0.0485635
0.044059
0.0192737
-0.0382699
-0.0271139
0.0457917
-0.0265247
0.00783379
0.0169045
0.00853502
0.0339079
-0.0405058
-0.0131655
0.0366618
-0.00549947
0.0361569
0.000676811
0.0345772
0.019318
-0.0300345
-0.0162852
0.0198654
0.0465536
0.017535
-0.00632222
0.029472
0.0165642
0.04288
0.0404494
0.0173622
-0.0131358
0.0356645
0.0116504
-0.00893975
0.0193313
-0.0146522
0.00103041
0.012636
0.0263245
0.0280704
-0.00337753
-0.0341248
0.022213
-0.0320936
0.0349482
-0.0212574
-0.0327922
-0.00532721
0.0217773
0.0401908
0.0320507
-0.0307197
-0.00360911
-0.0339555
-0.0334453
-0.034993
-0.0488902
0.00171016
0.0111318
-0.00428705
-0.00523743
0.0426284
-0.032193
-0.0152811
-0.0115841
0.0444066
0.0308663
0.0330979
0.0259566
0.0311919
-0.00391708
-0.0497796
0.0167704
-0.0113887
0.0280129
-0.0472281
-0.0157231
0.0220371
0.0126198
0.0140575
-0.0137207
0.0213408
0.0133077
0.0264141
0.0298385
0.00467193
0.0336255
0.0368677
0.00397266
0.0100319
0.0214079
-0.017375
-0.0408172
0.0282802
0.0490363
0.0154723
0.0258722
-0.0371916
-0.00830928
-0.0258792
-0.0241675
0.0431938
0.0436658
0.0259367
0.0378839
-0.0243094
-0.0108575
-0.00276247
-0.00889721
0.0137988
-0.0228599
-0.0346893
-0.0484413
0.0317292
0.0114532
-0.00307686
0.0443514
-0.0114797
-0.0138265
-0.00642143
-0.00916706
-0.0455837
-0.0393126
0.0315822
-0.0188099
-0.00864737
0.0135617
-0.0266851
-0.00438801
0.00114763
-0.0485501
0.0113652
-0.0251591
-0.00810333
0.0313236
-0.044985
0.0218828
-0.00717324
0.00215943
-0.0343454
-0.011734
0.0233949
0.0150498
-0.0484086
0.0418743
0.0232032
-0.0363065
0.0242515
-0.04485
0.00509778
-0.054034
0.0266664
-0.0449832
0.0101342
-0.0265402
0.0114018
0.0249831
-0.0415105
-0.0418489
-0.0215896
-0.0323019
0.0360457
0.0309052
-0.0380085
0.00907535
-0.00145165
-0.0195022
0.0416525
0.0298269
0.0207226
-0.05803
-0.00938937
-0.0344475
-0.0581623
-0.00556673
0.00849542
0.0432974
-0.00686708
0.00379675
0.0133827
0.00643824
0.00352495
-0.0660017
-0.0542158
-0.0337292
0.032752
-0.0529412
-0.0125488
-0.0499437
0.0236411
0.032117
0.0420451
0.0523556
0.0137907
-0.00245774
-0.00603807
0.00629554
0.037667
0.00958845
-0.0203464
0.00376578
-0.000909758
-0.0263229
0.0405967
-0.0220008
-0.0227126
-0.00140153
0.0416592
-0.00518037
-0.0120241
0.0370947
-0.0335323
-0.0329132
0.00271983
-0.0227755
0.0282369
0.00728902
0.0102325
0.0134603
-0.0270393
-0.0160034
-0.0380479
0.0101441
0.0307124
0.0292195
0.0239219
0.0179605
-0.0342922
-0.0287325
0.0459581
-0.034124
0.0365412
0.0140197
0.0355956
0.0195641
-0.0432012
-0.0386757
0.0308148
-0.0423225
-0.0127619
0.0241253
-0.0257042
-0.0108714
0.0437736
0.0292773
-0.0100119
0.0332086
0.023807
-0.03034
0.0256303
-0.0441617
0.0136543
0.0024102
0.0359035
0.000194871
0.0147099
-0.0484657
0.0309162
0.0230453
-0.00727855
-0.0111195
-0.0260081
0.0086366
-0.038326
-0.0252181
-0.0433336
0.035444
-0.0406914
-0.0174727
-0.0363626
0.0227193
0.0113246
0.00454632
0.0184652
-0.047002
-0.0266474
0.0353819
0.0262804
0.0132227
-0.0483715
-0.0327498
-0.00575685
-0.0459729
-0.020472
0.0427145
0.0249717
-0.02067
0.0152245
0.0469666
0.00574528
-0.00394685
0.0164531
0.0038741
-0.0301085
0.0220924
0.00144385
0.036147
-0.0156462
-0.024164
-0.0277345
0.0430965
-0.080607
-0.0066328
0.0304353
0.0209569
0.0483149
0.023219
0.00533186
0.0122157
0.0185023
0.0274783
0.0182561
0.039041
-0.0311843
-0.00279045
-0.0494794
0.0426048
0.0123191
-0.0371939
-0.0295985
-0.0175977
0.0442199
0.0171646
-0.0106417
0.019639
0.00227017
0.045447
0.00394396
-0.0412454
-0.0464362
0.0146495
-0.0399354
0.0241599
0.018247
0.0257623
-0.0446611
-0.0484696
-0.0101447
-0.0196869
-0.052991
-0.00560008
-0.0550392
-0.0116413
0.00818051
-0.0117828
0.0314287
0.0492709
-0.0312973
-0.0419046
-0.0120097
-0.0478988
-0.0420387
0.0126816
0.00717817
-0.00859472
0.0170234
-0.015243
0.0272424
0.0213556
0.0335475
0.0403994
0.034068
0.00609095
0.0189203
0.0456305
0.0280984
0.0637671
-0.045509
-0.0193508
-0.0507793
-0.00793748
0.0219576
0.0428383
0.00528188
0.0169355
0.0358582
0.0283638
0.0323433
-0.0383629
-0.0300623
-0.0416831
-0.0656229
-0.0494469
0.0411159
-0.0392281
-0.00947817
-0.0307172
0.0350089
-0.0334984
0.0114606
-0.017201
-0.00678678
-0.018317
-0.00225213
0.0155225
0.0334658
0.00469348
0.0173431
0.0350294
0.00693108
-0.019438
0.0197998
0.0395709
0.0335891
0.00913626
-0.0499878
0.0134683
-0.0287119
0.000826979
-0.0238981
-0.022964
0.0458751
0.0222471
-0.0380165
0.0453002
-0.0246839
-0.0188526
-0.000515791
0.00145969
-0.0482504
0.040901
0.0212511
-0.0350732
0.00328267
-0.00759141
0.0252081
-0.00797714
-0.0127798
-0.00138415
0.0152455
-0.00369481
0.0259767
0.0112024
-0.0307951
-0.0411841
0.0114193
-0.0128036
0.0232266
-0.0413262
-0.0456306
0.0176542
-0.00372193
-0.0387667
-0.00694461
-0.0303113
0.0382493
0.0274259
-0.00235347
0.0407136
0.00604513
-0.0420711
-0.00923541
0.008455
0.0454081
-0.0310271
0.0301103
-0.00285529
-0.0102687
-0.0431442
0.0136158
-0.0509834
0.0027252
-0.00374787
-0.0350764
0.0128359
0.0101237
-0.00317615
0.0351458
-0.0113225
-0.0276669
-0.0166107
0.00538482
-0.0439757
0.0378896
0.0247889
-0.0418304
0.00125494
-0.0229912
0.0155814
0.00457606
0.0377593
0.0045051
-0.0385282
0.0102417
-0.0266292
0.0252299
-0.00738199
-0.00783244
0.012263
-0.0088099
0.0153077
0.042499
0.0283523
-0.0250264
-0.042198
-0.0184195
-0.0231112
0.0401376
-0.00690172
-0.0113427
0.0232292
0.043703
-0.0112915
-0.0113403
-0.0335048
0.0141201
-0.0175012
0.00379795
-0.0473551
-0.0263566
-0.0274165
-0.0274234
0.0452868
0.00174267
-0.0466064
-0.00910411
-0.0394991
0.0393566
0.0341521
-0.0333795
0.0277907
0.0200141
0.053664
-0.0147307
-0.0257916
0.0449606
0.0298978
-0.0350999
0.0391347
-0.0352723
-0.0267614
-0.0180477
0.0153451
-0.00261433
0.0161173
0.0538165
-0.0337225
-0.0226464
-0.0394065
0.00746206
-0.0223901
0.0308212
-0.0043418
-0.0233946
0.0195039
-0.00634481
0.046191
-0.0476501
0.00483699
0.000363839
0.00348078
-0.00657323
-0.0229459
0.0380398
-0.0156366
0.0116594
0.018011
0.0312081
-0.0517042
-0.0380011
-0.0293193
0.0478156
-0.0471102
0.0138289
0.0209762
-0.00664252
-0.0495201
0.0198463
0.0257585
-0.0288312
0.0431748
0.0128046
0.0357959
-0.0227544
-0.0265749
0.0371444
0.0554151
-0.0148439
-0.0463331
-0.00127913
-0.0324529
0.0599521
0.0236716
-0.0437606
-0.0021854
0.0106705
-0.0117274
-0.0113681
0.0422259
-0.01611
0.00352389
-0.0157253
-0.0126687
0.0205021
0.0386299
-0.0382659
-0.0140426
-0.0329997
0.0116373
0.0279988
-0.018425
0.00769144
0.0256156
0.0491801
0.0126171
-0.0311337
0.00846106
-0.00845157
0.0266362
-0.00349013
-0.0294075
-0.0379044
0.0138382
-0.000687219
0.0225683
-0.0471313
0.010314
0.029288
-0.0326842
0.0408443
-0.0407438
-0.0265039
-0.0122542
-0.0171848
0.012496
0.0204633
0.0242655
-0.00624839
0.0229115
0.0093118
-0.0511494
0.0358063
-0.0518482
-0.0398406
0.00322338
0.00742921
-0.007936
-0.0249697
-0.00262588
0.0254886
-0.0465564
0.0130551
0.00957197
-0.0344344
0.0493276
0.0349399
0.0153615
-0.0218528
0.00528191
0.0189905
0.00384906
0.00273569
0.0172536
-0.00292977
-0.0271732
-0.0147216
0.0437506
0.00924833
0.00534262
0.0306575
0.00415603
-0.0286238
-0.0377438
0.0399139
0.00602576
0.0252114
-0.0385749
-0.0351532
-0.00265683
-0.0173091
0.013109
0.0109371
-0.0346582
-0.0283175
-0.0461691
0.00833204
0.0466338
-0.0583732
0.00709021
0.000800404
-0.00146751
0.0173704
-0.0375091
-0.0377067
0.0325117
-0.0289844
-0.0614129
0.00719216
-0.0301804
-0.0358804
-0.0637766
0.024991
-0.0240355
0.0117365
-0.0374591
-0.017208
0.0104587
-0.0102217
0.0334594
-0.0186343
-0.0464502
0.0256275
0.00815651
0.0210393
-0.0439171
-0.0201444
-0.0349621
0.00374318
0.0410648
0.0378137
-0.0523119
-0.0432776
0.0188085
-0.0272451
-0.00405142
-0.0196403
0.0063191
0.0200842
-0.0416893
-0.0225855
0.0295208
0.00762135
-0.0467762
-0.00324901
-0.022058
-0.0375661
0.0224632
-0.0537553
-0.0351255
-0.0046043
-0.0123132
0.0173194
0.00798446
0.0375853
-0.0387983
-0.0552456
0.00133757
-0.0367916
-0.0027967
0.0318869
-0.0252493
-0.0101593
0.0148399
0.00625031
0.0343891
-0.00777901
-0.0139586
-0.0171654
0.0173791
-0.0385755
-0.021512
-0.0117381
-0.02122
-0.0106293
0.0412116
-0.0149908
-0.0802119
-0.00508176
-0.00442997
-0.0389294
-0.00979349
0.00666238
-0.024061
0.0334374
-0.00569711
-0.0068284
0.000494506
0.0330846
0.0378786
0.0351152
0.0284167
-0.0123941
-0.0367915
0.0168581
-0.0330836
0.0656057
0.0414842
0.0159016
0.0184692
-0.00258195
-0.0514297
0.0362009
-0.0315028
-0.0403191
0.0481783
0.0240965
-0.00763522
-0.038349
-0.00943231
-0.00318048
-0.00048649
-0.0403548
-0.00512465
-0.0333347
0.0210459
0.00426764
0.0329053
0.00760817
-0.00516878
0.0395754
0.0221645
0.0254317
-0.00925585
-0.0515271
0.0266424
0.0219806
-0.0548878
-0.0326548
0.0207237
-0.014945
0.0130444
0.0011916
0.0385053
0.00144287
-0.0148333
-0.0517935
0.0214518
0.000862664
0.0250966
0.0154119
-0.0385214
-0.0285471
-0.035932
0.00273007
0.028189
0.0331039
-0.0440738
-0.00929212
-0.0366491
0.00635091
0.0226329
-0.0446801
-0.00121065
-0.0451735
0.0500738
0.0340371
-0.0109356
0.00944204
-0.0114943
0.0969718
0.00895228
0.000518504
-0.0351549
-0.00971703
0.0395284
-0.0225316
-0.00948276
0.0382758
-0.00936014
0.0329168
-0.00443058
-0.0526515
0.0275615
-0.0515815
-0.012733
-0.0185196
-0.00745859
0.0267625
0.0185035
-0.0298098
0.0242753
0.0509357
0.0533365
0.00495693
0.0401586
-0.0158626
-0.0268622
-0.0349353
0.00479032
0.00351126
-0.019362
-0.0195158
-0.025998
-0.025384
0.00607835
0.0371518
-0.0254237
0.0188163
0.0292319
0.0137878
-0.0153535
0.0259585
-0.00214841
-0.0221493
0.0417924
-0.0129102
0.0133559
0.0146381
-0.0150765
0.0144372
-0.0446683
-0.0184671
0.0148339
-0.026717
-0.0313421
0.00793432
0.0285583
0.0263242
0.0343209
0.0402849
0.0238042
-0.0124057
0.00285098
0.0616259
0.0225238
0.00774928
0.0087433
-0.0502605
-0.0343321
0.0210903
0.0294299
0.0404478
-0.0247466
-0.0336099
-0.0197953
-0.016062
-0.0175046
-0.0273539
-0.0161173
0.00645235
-0.0415618
-0.0166501
0.00329685
0.0185173
-0.0217697
0.026955
0.0190981
-0.0206745
-0.0207727
0.0199019
0.0173428
-0.048843
0.0167887
0.0080091
0.0154718
-0.0495636
-0.0410352
0.00965915
0.00371498
-0.00031078
-0.0196105
0.0430462
0.046145
-0.0414974
0.0374706
0.0403922
0.0105245
0.0251564
-0.0449204
0.0238151
-0.0341828
-0.029606
0.022682
0.0231389
-0.00844111
-0.00164629
-0.0404735
0.00745867
-0.0269148
-0.0342957
0.00715965
0.00946642
0.0275974
0.0126202
0.0115679
-0.0130971
-0.0021192
-0.0239008
0.042759
-0.0335051
-0.0107655
0.0110183
-0.0240456
0.00335038
0.0104407
-0.0411794
0.0181263
0.020025
0.017292
-0.0195116
-0.0168519
0.0202471
-0.0239093
-0.0368967
-0.0484315
0.00302627
0.0536108
0.000387539
0.0520368
0.0189955
0.0188531
-0.0400989
-0.0454224
0.0505624
-0.0509923
-0.00917162
-0.0301253
0.022192
0.0059716
0.0213907
0.00882167
-0.00698435
0.00806622
0.026767
-0.0169109
-0.011498
-0.00708019
-0.0273284
-0.0355212
-0.00771073
-0.0491264
-0.000409819
0.0356701
-0.00721885
0.0138022
0.00403064
3.06725e-005
-0.00865463
-0.0549379
-0.00415625
-0.00759677
0.0235096
-0.0138031
-0.0382315
-0.0481147
-0.0244097
-0.0237295
-0.0252713
-0.0387261
-0.033984
-0.00310251
0.0314262
-0.00300598
0.0204491
0.0253519
-0.0402306
0.0370207
0.00607274
-0.0314331
-0.0456805
-0.037841
-0.0376962
0.0212791
-0.0323089
-0.0220028
-0.00546405
0.0268813
-0.0324376
-0.0157352
-0.012046
-0.0257012
0.0173019
0.0391463
0.017034
0.0392979
0.00403029
-0.0114724
0.0492586
-0.0420325
-0.0253616
-0.0247735
0.0265982
-0.0124039
-0.0235571
-0.00471876
-0.0334695
0.0202796
-0.0112986
0.0480257
-0.00497536
0.0499278
-0.0426716
0.0399581
-0.033521
-0.0298204
0.0119384
0.0368479
-0.0253874
-0.00956276
0.0486774
-0.0162327
-0.0455789
-0.0547353
0.0357734
-0.044695
-0.0213451
-0.0966618
-0.0221375
0.0215363
0.0175458
-0.0128842
0.00688388
0.0279533
0.0548544
-0.00199074
-0.0484898
0.00807167
-0.0313695
0.0279923
0.0330315
0.0131977
-0.0402569
-0.030636
-0.0246694
-0.0136099
-0.00990062
-0.0345077
0.0310385
0.0121822
0.0115573
0.0154593
-0.0405433
0.014043
-0.00374371
0.0394101
0.00727496
0.00527637
0.034444
-0.0487995
0.0242473
-0.0168481
0.0354841
-0.0187127
-0.0309342
0.0323355
-0.0077909
-0.0558047
-0.00658202
0.0272781
0.0433204
-0.0571034
-0.0282744
-0.0157542
-0.025473
-0.038232
-0.00774933
-0.0262175
0.000548817
-0.055706
0.00138403
0.0277387
-0.0312311
-0.0296721
0.033249
0.0351698
0.0244915
-0.0349601
0.00488125
-0.00126007
0.0172815
0.0092543
0.0262409
-0.0362487
-0.022713
0.013383
-0.0320297
0.0424197
0.0392921
-0.0265032
-0.0098998
0.00655818
0.0232218
0.0249165
0.0253682
0.0287708
0.0550285
-0.0121038
0.0291497
-0.0417907
0.0455345
-0.0320922
-0.0511584
0.038038
-0.00335662
-0.000623877
-0.0154178
-0.00834114
-0.0261249
-0.0421146
-0.0191915
0.049816
0.0184138
-0.0365573
-0.0111241
0.000427112
-0.00960635
-0.00704473
-0.0183745
-0.0278929
-0.0201488
0.0338939
-0.0271663
0.00547263
0.0497604
0.00679024
-0.0304691
-0.0389187
0.0349889
0.00080595
-0.01457
0.00229811
-0.0310924
0.0485854
-0.0333615
-0.000537517
-0.0331704
-0.0330929
0.0136114
0.0296673
0.0027784
0.030664
0.0346117
-0.018285
0.00176685
0.0190483
0.00230283
0.0113431
-0.0419138
-0.0343744
-0.0115744
0.0234344
0.0462107
0.0251906
-0.0163045
0.0310191
-0.0217403
-0.0206904
-0.0386904
0.0282924
0.00600575
0.0305919
-0.0468466
0.0191156
-0.0122952
-0.00242674
-0.0293251
-0.0094063
-0.0525861
0.00826806
-0.0408626
0.0117194
-0.0139983
-0.0209552
-0.0203935
0.0141566
-0.0228535
-0.0289938
-0.0344419
-0.00579176
0.0366577
0.015432
-0.0374514
-0.0218514
-0.0306116
-0.0304451
0.0514092
0.0332988
-0.0218207
-0.0198037
0.00194437
-0.00191097
-0.0108011
-0.0274507
0.0137144
0.0158793
0.0165482
0.0361581
0.0237066
-0.00896243
0.0176068
-0.00648271
0.0396739
-0.00553598
0.0293007
0.00888712
0.0192904
0.0426934
-0.00200128
-0.0376006
0.0228132
-0.00204243
0.00418065
-0.00352229
0.0203387
0.00510151
0.0310017
-0.0188291
-0.0422335
0.0113037
-0.0260795
0.0443501
0.0370706
-0.00663496
0.0110419
-0.00159245
-0.0138185
0.0118961
-0.0162347
-0.0255695
-0.0310326
0.0117868
-0.0333866
0.0106419
-0.0095774
0.0326661
0.0224461
-0.00273683
0.0130324
0.00113391
0.0163545
0.0195433
0.0184287
0.026225
0.0378848
-0.0468107
-0.00571409
-0.0327672
-0.0409007
0.00502354
0.0456104
-0.0170394
-0.0072947
0.0378695
0.0244878
0.033576
-0.0412519
-0.0229267
-0.0475991
0.0210603
0.0211407
-0.00929319
-0.0178872
-0.0227652
0.0483861
0.0546017
0.0164242
0.00361437
-0.0304494
0.0352135
-0.0578159
0.019573
0.0105623
0.0490845
-0.0350776
-0.0283065
0.0213799
0.00851106
-0.0485717
-0.0294606
0.0354108
-0.0137665
0.0212109
-0.0362223
-0.0317048
0.0271089
-0.0174785
0.0100911
-0.00216589
0.009308
-0.0445071
-0.0221555
0.0491039
-0.0350673
0.0179082
-0.0272452
-0.0113542
-0.0275797
0.0291788
0.00438247
0.0241898
-0.0313955
0.0257929
-0.0279836
-0.0325904
-0.0502658
-0.0331644
-0.001984
0.0201225
0.0153229
-0.0115034
0.0372466
0.00847089
-0.00245774
0.039782
0.000202972
-0.0275568
0.00405161
0.0353077
0.0129283
-0.0149671
-0.0103154
0.0196044
-0.021022
0.0233563
-0.0211935
-0.0060969
-0.0422985
0.0420108
-0.00827379
0.039909
0.0362774
0.0296796
-0.0195891
-0.019598
0.0118989
-0.00770606
0.00928239
-0.0372433
-0.0137926
0.0312279
-0.0370032
0.0259471
-0.0206721
0.0386339
-0.0270154
0.0260248
0.020186
-0.0115578
0.0397244
-0.0100402
-0.0201065
0.0494502
-0.000169128
-0.00812022
0.046833
0.0441522
-0.0128944
-0.013564
-0.0236011
0.00872936
0.0551004
-0.0316126
0.0232839
-0.0325682
0.0139032
0.00469028
0.0236913
0.0389178
0.0473874
0.0215392
0.0235793
-0.0348143
-0.00468715
-0.0293245
0.0317527
0.0104405
-0.0533093
0.0203102
0.0343239
-0.031911
-0.0184331
0.0140001
-0.00414261
-0.0323381
0.0495191
-0.0258777
-0.0287367
0.00629546
-0.0431221
-0.020822
0.000554678
-0.0200394
-0.0366917
0.0369867
0.0017114
0.0309985
-0.0294552
-0.0097294
0.0189796
0.0491055
0.0191186
-0.0177971
-0.0279317
-0.0225685
-0.0268361
-0.0327556
0.00171476
-0.0208473
0.0252492
-0.0269571
-0.0181674
-0.0062339
-0.0163212
-0.00290084
-0.0441321
-0.0046325
-0.00758921
0.0256454
-0.0315991
-0.00537534
0.0147107
0.026744
0.00973854
-0.0364714
0.0095063
-0.044731
-0.0189771
-0.0264347
0.0268637
0.0265049
0.0151844
-0.0253891
-0.0253597
0.0340093
0.0279673
-0.0208706
0.0194075
-0.010714
0.00743712
0.0131514
-0.0484507
0.0431966
0.0253239
-0.0051287
0.0228156
0.018025
-0.0143842
-0.0120744
0.00374873
-0.0502482
-0.0237586
0.00557368
0.0124347
-0.00585401
0.0105308
0.0394147
-0.0159908
-0.0201578
-0.0338684
0.0512967
-0.0213382
0.0301593
0.0328927
-0.0389462
-0.0469034
-0.0328072
-0.0330405
-0.018995
-0.0171973
-0.0338561
-0.0323497
-0.00581908
-0.0422444
-0.0425499
-0.0308766
-0.00460732
-0.0108761
-0.0153164
0.0200593
0.0142842
-0.0189407
-0.0177705
-0.0240872
0.0264112
-0.0374199
0.020867
-0.0125335
-0.0583141
0.02839
-0.0317969
-0.0367112
-0.014482
-0.058037
-0.0333452
0.0251545
-0.0412584
-0.0485104
0.032597
0.0311372
-0.049877
-0.0238991
-0.0335509
0.0227256
0.00848512
-0.00721963
0.0211228
0.0310309
0.0298726
-0.0268512
-0.0105097
0.0445231
-0.0162498
-0.0151983
-0.01061
-0.0162827
0.0136379
-0.0184929
0.0274757
-0.0344728
0.0213149
-0.0273258
-0.0510714
-0.0440931
-0.0375757
0.027685
0.00408476
-0.0220389
0.0277024
-0.00545349
-0.0155516
0.036647
0.0263781
0.0197651
-0.014022
0.0112593
0.0331997
-0.0331494
0.0563524
0.0374788
-0.00403723
0.045805
-0.00425341
-0.00657693
-0.0510257
0.023617
0.0121561
-0.0118389
0.00869058
0.00165953
-0.047813
-0.0274989
-0.00956506
0.0124063
-0.0266082
0.0367649
0.0134734
0.0234984
-0.02134
0.0391273
-0.0447369
-0.0404703
0.0307583
0.0435982
-0.00289559
-0.00974503
0.0257985
0.0324939
-0.0411114
0.00363544
0.0336868
-0.0111572
-0.0291366
0.030471
0.0293164
-0.00756851
0.034429
-0.028799
0.0272396
0.0385607
-0.0480372
-0.00959118
0.00985234
0.0397845
0.0388631
-0.0149117
-0.0186426
-0.0370774
0.0450223
0.0117812
-0.0305132
0.0239737
-0.0349681
0.0387782
-0.0339331
-0.00461841
-0.0238486
0.0243325
0.0616416
-0.0563421
-0.0172246
0.0331855
-0.0330597
-0.0213199
0.0421918
0.0104706
0.0169072
0.0185483
-0.0211413
0.00529275
0.037933
-0.011526
-0.0289725
0.0488702
-0.0521876
0.0324684
-0.0240476
-0.0148372
-0.0478632
0.0163595
0.0264016
-0.0516662
-0.0383771
0.0381801
0.0503143
0.00424145
-0.0354033
-0.00437343
-0.0113949
-0.0506572
0.0129635
0.00350396
-0.016502
-0.00949527
-0.0201535
-0.0393616
0.0233665
-0.0386546
0.0163985
-0.0282585
-0.0269444
-0.0134688
-0.000194953
-0.0126067
0.0191907
-0.0367362
-0.0700332
-0.026332
-0.0283961
0.000150979
0.0394347
0.0400627
-0.0209279
0.0193155
0.00282042
0.0101577
0.0484968
0.0229447
-0.0211425
-0.00557657
0.0357523
-0.015695
0.0369995
-0.0568735
0.0411935
0.045533
-0.0314568
-0.029667
-0.0178026
0.0184685
-0.0234045
-0.0736702
0.0304815
0.0187076
-0.0352277
-0.0160294
-0.0368089
-0.0244947
0.00992169
0.0281115
-0.0526528
0.0391608
-0.0446871
-0.0464753
0.0569003
-0.0415796
-0.0174589
-0.0377693
-0.0329887
-0.000483946
0.0335252
-0.0369295
-0.0496947
-0.0272743
0.0297605
-0.014044
-0.0244303
0.0167279
-0.0120443
-0.0117346
0.00409557
-0.000441267
-0.0329689
-0.053245
0.000595444
-0.0572392
-0.0461251
0.0278883
0.0450732
-0.024288
0.00824988
-0.0411001
0.0447193
-0.0626645
0.0181652
0.00326329
0.024986
-0.0424144
0.00387022
0.00383996
-0.0433004
-0.00152359
-0.0315632
-0.00803957
0.0448001
-0.011608
-0.00661055
0.0121086
0.00286996
0.000644955
0.0456431
-0.0324926
-0.00683277
-0.0171449
-0.0267535
-0.041683
-0.0142714
-0.0014859
-0.0240978
0.0100505
0.0428291
-0.00278006
-0.00735154
0.0210725
0.00795897
-0.00949057
-0.00767757
-0.0200326
-0.00423566
0.00407086
0.0193313
0.0415446
0.0173516
-0.0485349
0.0286788
0.0345163
-0.046675
-0.0448474
-0.049396
0.0257491
0.00380326
-0.0411334
0.00550255
0.0376765
-0.0107538
0.0458444
-0.00982733
-0.049257
-0.0470235
-0.00677905
0.0294746
0.00936152
0.00222597
-0.00901545
0.0013601
-0.0342413
0.0189992
-0.0367263
-0.0433699
0.0383343
0.0117101
-0.05329
-0.0278864
0.023775
0.0416173
0.0444716
-0.00101234
0.0265295
0.0080656
0.0169785
-0.0268265
-2.29145e-005
-0.0153394
0.051253
0.0949718
-0.0234724
-0.0252109
0.0173509
0.0371995
0.0209765
-0.0215152
0.0437277
-0.0169756
0.0276359
-0.0158589
-0.0113902
-0.0111412
-0.0149231
-0.0170017
-0.0224612
0.0158164
0.0405119
-0.00596698
-0.00525382
0.0321555
0.0124558
-0.0334966
-0.0321668
0.0187336
-0.0373753
0.0307854
0.0232196
-0.0257761
0.0154119
-0.00209805
-0.0140234
-0.0413306
0.0171587
0.0337434
0.0586763
0.0621959
-0.00483503
0.0448726
0.0185309
-0.0234196
-0.0264058
-0.0439214
0.00579006
0.00927887
-0.0270684
-0.0336965
-0.0556558
-0.00792557
0.046379
-0.0212833
-0.0447837
0.0511898
-0.0511554
0.0281524
-0.0140531
0.00137516
0.0142002
-0.0376875
-0.0288777
0.0418194
-0.0163644
-0.0146425
0.0128942
0.078775
-0.0131926
0.00574938
0.00780307
-0.0450486
-0.0215761
0.000915206
0.00308418
-0.0360102
-0.0674404
0.00791432
-0.0347547
0.0194826
-0.0158506
-0.0404215
0.0486454
-0.014746
0.0450028
0.00567268
0.0306086
0.0139355
-0.0292034
-0.00917437
0.000593622
-0.0465837
0.00246357
0.0313901
-0.0457393
0.0444237
-0.0154116
0.0257283
-0.0356405
-0.0114419
0.0109406
0.0141264
-0.00901677
-0.0413997
0.0391851
0.0664357
0.0100448
0.0298961
0.0255151
-0.0291998
-0.0409158
0.0535122
0.012601
-0.0348371
0.054047
-0.0277973
0.00442745
0.0467707
0.00418351
0.00301113
0.0443295
0.0417146
-0.0164353
-0.0411428
0.0245283
0.00525633
-0.00254993
0.05868
-0.000357351
0.00947207
-0.0329336
-0.0384957
-0.031335
-0.0163376
0.0291347
-0.0335046
0.0193433
-0.0323157
0.00939376
0.0053553
-0.00903645
0.00233015
-0.0064656
-0.0144085
0.0414529
-0.0168846
0.0112388
-0.0397931
-0.0397819
0.00240093
-0.021386
0.0219695
-0.0124514
0.0212878
-0.0186563
-0.0467127
-0.0508786
0.000793424
-0.0158169
-0.0262731
0.00281113
-0.0152106
-0.0390555
0.0475748
-0.0564052
-0.0191607
0.000868471
0.0332551
0.00737346
-0.0127302
-0.00241821
-0.00604758
0.00821058
-0.0214197
0.0434954
0.0149454
0.0110167
0.00936633
-0.00684177
0.0581116
0.00556146
-0.0191557
-0.0293876
-0.0423952
0.0259391
-0.00545312
-0.0149216
-0.0161421
-0.0112799
-0.0207949
0.00315319
0.0425968
-0.0377913
0.037453
0.037408
-0.0504139
-0.0429144
0.00606723
0.0135457
-0.0398252
-0.00272475
-0.0172567
0.0209794
-0.0296387
-0.0376489
0.0294024
-0.00542213
-0.0492024
0.0430491
0.0215945
0.0453289
-0.0443648
-0.00935292
-0.000301024
-0.0144125
0.0403509
-0.050232
-0.0270625
0.02156
-0.0395469
0.0423956
0.00773141
-0.0109721
0.00766751
0.0258947
0.0310011
-0.043374
0.0238821
-0.00231944
-0.00620916
0.0181088
0.0134455
-0.0221203
0.00918406
-0.0103701
-0.0472046
0.0405861
-0.0243492
0.00990514
0.0424519
-0.0312479
-0.0194474
0.0280402
-0.0315495
-0.0262882
0.0179314
-0.00889592
-0.00836539
-0.0271665
-0.0250586
0.0282247
-0.0308766
-0.0364022
0.0130874
-0.0488276
0.00430809
0.0145464
-0.00344776
0.0390202
-0.0158792
-0.0430473
0.0241311
0.0556688
-0.0305166
-0.0104514
-0.043303
0.0320004
0.020637
-0.00872142
-0.0139442
0.041503
-0.00953987
0.00507854
0.0382503
-0.0150529
0.029581
0.0085022
0.0149012
-0.0105942
0.0435736
0.0122471
-0.00933851
0.0230461
-0.0176959
-0.0298441
-0.0304453
0.00604463
-0.0141906
0.0242899
-0.0442099
-0.0394593
-0.016108
-0.00159088
0.00754601
-0.00646348
-0.0233604
-0.0591276
-0.0689545
-0.00631107
0.0273143
-0.0120579
-0.0108957
0.0495622
0.0104169
-0.0305509
0.050142
-0.0738387
-0.0237286
-0.0100008
-0.0257775
0.0274415
-0.0031905
0.0363755
0.0368368
0.046483
0.0393187
-0.037863
0.0293758
0.0305565
0.0352328
0.0194484
-0.0472712
-0.00778709
-0.00920883
-0.0206074
0.0164164
-0.0212936
-0.0192939
0.0319133
-0.0217819
-0.0129733
0.0255217
0.0301516
-0.022706
0.0481829
-0.0472619
-0.029552
0.0183512
0.014973
0.0461616
0.0318052
-0.0328375
0.0438528
0.01807
-0.0245419
0.0479233
-0.0236024
-0.0340398
-0.0161042
-0.0407034
0.0288875
0.0382277
0.00542887
0.0431327
-0.0173313
0.0398874
-0.012485
-0.0105131
-0.00716895
-0.043655
-0.0107696
0.0310294
0.00526197
-0.00689387
0.0241247
0.00927064
-0.0119009
-0.00462528
0.0417357
0.0503341
-0.00673315
-0.0149298
0.000295165
-0.0456207
0.0259235
-0.0425671
0.0337894
0.0236827
-0.047095
-0.0341356
-0.0430369
0.0283806
0.0356098
-0.0462636
0.035684
0.0475864
-0.0109396
-0.0432903
0.0381844
-0.0137707
-0.0116474
0.0330909
0.0137275
-0.0138542
0.00502089
0.03926
0.0167904
-0.0503681
-0.0168955
0.0256546
-0.00478909
-0.011088
-0.0281179
-0.0475184
-0.00259467
0.0197266
-0.00940664
0.00696496
-0.00714113
0.00863086
-0.0425702
0.018787
-0.0325964
0.00373206
-0.0354955
-0.0355418
-0.00745329
0.0405859
0.0157674
-0.043995
0.0188735
-0.0355604
0.0159373
-0.0170067
0.0043502
-0.0304947
0.0389478
0.0313786
0.0261738
-0.0278274
0.0435067
0.037965
-0.0256917
0.0367627
-0.0242298
0.000152991
-0.00552777
-0.0293326
0.0344137
0.00359606
-0.0379217
0.0036826
0.012553
-0.018957
-0.034797
-0.0405426
0.023692
-0.0222548
-0.0232747
0.0491596
0.00702677
0.0278027
-0.0151987
-0.0136471
0.0154737
0.0116969
-0.0228575
-0.0417233
-0.00172926
0.0172602
0.0354862
-0.0499725
-0.0324326
-0.0460998
0.0370099
0.045256
-0.0302567
-0.0448758
0.0293048
0.0229317
0.0418933
0.0152976
-0.0345961
-0.0377239
-0.0205642
-0.00937264
-0.0332022
-0.0271752
0.0066837
0.030711
0.00347553
-0.0484178
0.0495089
0.0387098
-0.0436365
0.0160888
0.0186356
0.0494996
-0.0360209
-0.0165493
0.0179185
0.0225391
-0.00687842
-0.0379557
0.0504423
0.027373
-0.0467087
0.0208485
-0.0402398
0.0273916
0.0036177
-0.00968789
-0.0106831
0.0372479
0.0426258
-0.00706386
-0.0370563
-0.0391735
-0.0461832
0.0229873
0.00133056
-0.0135977
0.00259776
-0.0162402
-0.0328096
0.0357335
0.0204189
0.0209381
0.0476019
-0.0460936
0.0125592
0.028529
-0.0298642
-0.0505721
0.0152203
-0.0110354
-0.0298765
0.0343859
0.0153347
0.023794
-0.00707623
-0.000310618
-0.0131341
-0.00640554
0.0460318
-0.00816725
0.0467921
-0.0458463
0.00780255
-0.0146732
-0.0256422
-0.00901102
-0.0152852
0.0401718
0.0210031
0.0303
0.0302938
0.0437168
0.0264644
-0.0286495
0.0137831
0.0160177
-0.0161568
0.0295458
-0.0291409
-0.0181843
-0.0194484
0.0146887
0.00277702
-0.0180081
0.0247676
-0.0343983
-0.0450706
0.0377054
0.0136873
-0.0458278
-0.0332176
0.0324789
0.0493389
-0.0392167
-0.00266885
0.0343828
0.0416955
-0.0364042
0.0256948
0.0107604
0.0201376
0.0296076
0.0438126
-0.0359158
-0.00826616
0.0435005
0.0216428
0.0490236
-0.0428236
-0.023658
-0.0253826
-0.0224001
0.0369018
0.0262882
0.00995679
0.00699278
0.00159327
0.0141355
-0.0248356
-0.0188581
-0.0173653
-0.000839133
0.00320663
0.0372572
0.0362434
-0.0210772
-0.0427309
-0.0451818
0.0330136
0.0307358
-0.0189168
0.0492121
-0.0227184
-0.0261058
-0.0448449
-0.0200758
-7.57229e-005
0.0116134
-0.0364011
-0.00411531
0.0277347
0.0138357
-0.0229131
-0.0249221
-0.00658789
0.0139964
0.0462883
-0.029144
-0.0183605
-0.0140489
0.0216119
-0.0486218
-0.0400018
-0.0449871
-0.00766655
0.0140087
0.00931701
0.0284795
-0.0454971
-0.02359
-0.00675788
-0.0183327
0.00203215
0.0312365
-0.0131897
0.0104575
-0.0445791
0.0496294
-0.00136147
-0.0430832
0.0264087
0.0305967
0.00267812
0.0369141
0.0150812
-0.00959826
0.0295149
-0.0287917
-0.0456578
-0.0339254
0.0165586
-0.0460349
0.0021156
0.047639
-0.0227462
-0.0448264
-0.0357458
-0.000941127
-0.0138171
-0.0193959
-0.00422039
0.0029501
0.0337709
0.0139284
0.0276388
-0.0377084
-0.043621
0.0365556
-0.0269651
0.0081518
0.00194871
-0.0362033
-0.0177794
-0.0494656
0.00882249
-0.00572558
-0.0359931
0.01756
-0.0139933
-0.00423585
-0.0277038
0.0123614
-0.0287299
0.0449037
-0.0330569
0.0431636
0.0310634
0.0349732
0.0408455
-0.0440692
0.000298255
-0.0371892
0.0277192
0.0173529
0.0286186
0.0243874
-0.0124912
-0.0223908
0.012009
0.00325608
-0.0224433
-0.0278799
-0.0108871
0.0185336
-0.00120075
-0.0133442
-0.0137398
-0.0103122
0.0442484
0.0283868
-0.0273112
-0.013882
0.0250148
-0.0446502
0.0303587
0.0341727
0.00750584
-0.00712877
-0.018002
0.0303587
0.0306523
-0.0220786
-0.000335344
-0.04614
0.0380762
-0.0196184
0.0195535
0.0143518
0.00431002
0.038342
-0.00827543
0.01671
-0.0203045
0.0360178
0.00584302
0.00929228
0.0318639
-0.00669298
-0.007818
-0.021819
0.0109427
-0.0274287
-0.0367194
0.0464398
0.0278583
-0.0270114
-0.0108871
-0.046449
-0.047469
0.0307945
-0.0403572
-0.0170067
0.0365587
-0.015755
0.0493852
-0.0136873
-0.0455125
0.0331898
0.0135173
-0.011703
-0.0113445
0.0328529
-0.0480748
0.0343148
0.0312983
-0.0316661
-0.0382339
0.0299538
0.0276327
-0.0454167
-0.00167672
-0.0314219
-0.0357953
-0.0198069
-0.00204143
-0.0197668
-0.0120245
-0.0321111
-0.0375137
-0.0101082
-0.0242854
-0.0350102
-0.0425022
0.0389787
-0.0505968
0.0238898
0.0278336
0.0452622
0.0495459
-0.00904502
-0.0173529
-0.0461338
0.0442206
-0.0207342
-0.0351648
-0.0340088
0.0228049
0.0217912
0.0355326
-0.0249839
0.0241092
-0.0156468
-0.00774691
0.0235127
0.0452931
-0.0433738
-0.0191826
-0.000730958
0.00429148
-0.0275863
-0.0200264
-0.0212565
-0.0119318
-0.0135328
0.0355233
0.0437539
-0.0456454
-0.0282385
0.0317588
-0.0329549
0.0143913
-0.0492182
-0.0329078
0.0201582
-0.0382478
0.0163892
0.0172054
-0.0167861
-0.00616931
0.0200705
-0.0409741
0.0107535
0.0344241
0.0223313
-0.034507
-0.0436079
0.00754317
-0.0128804
-0.0197565
-0.0122927
-0.0361596
0.0502484
-0.0279229
0.0136771
0.0281505
-0.0419916
0.0158311
0.0257091
0.0151657
0.0361468
-0.0297959
0.0492422
0.0395607
-0.0164786
-0.041541
0.00935491
0.0293199
0.0432436
0.0132891
-0.0193896
-0.00661676
-0.0410641
-0.0416015
0.0171581
0.0220152
0.0260872
-0.0295041
0.0370862
0.0430681
0.0377881
0.0341551
0.0404114
0.0422963
-0.015158
0.0247564
0.0119794
0.0328022
0.0270177
-0.0161711
-0.00529112
0.0222999
0.0368427
-0.0309969
0.00343359
-0.0106251
0.0505681
-0.0469742
0.0251301
0.0136807
0.0363551
-0.0373263
-0.0372097
-0.0307663
-0.0362897
-0.00156958
-0.0330718
-0.0491613
0.0249533
0.01276
-0.0165073
0.0449683
0.0404187
-0.0402501
-0.00294991
0.0219758
-0.0155398
0.0183418
0.038225
-0.00939634
0.0255649
0.017504
-0.0270945
0.00255267
-0.0395137
-0.0165654
0.00417489
-0.00665745
-0.0302455
-0.0385118
-0.00390167
-0.0146242
0.0359166
0.0103181
0.0286558
-0.0465117
-0.0474955
0.0148054
0.0366105
0.0388701
0.0108277
0.0494637
-0.0273174
0.0386696
0.0220448
0.00376656
0.00767876
0.0493344
0.00964895
0.0139026
-0.0237633
-0.0059354
0.0398408
0.0153621
0.0128143
0.0127656
-0.0261704
-0.0446869
0.0310815
0.0308482
-0.0444394
-0.00696762
0.0437577
-0.000642007
-0.00165067
-0.000289153
-0.0375132
0.0476005
-0.0182404
0.0135177
-0.0395115
-0.0240406
0.0504132
0.0492674
0.0340156
-0.033686
-0.0231365
0.00835156
-0.00379763
-0.020505
0.0246806
0.0358997
-0.0445977
-0.0411823
-0.0449294
-0.026758
-0.0121027
-0.0124706
0.00158327
-0.0343671
0.0126748
0.00974307
-0.00506732
0.0143734
-0.00749712
0.00075288
0.010322
-0.00321416
-0.00575965
-0.0127452
-0.0307543
-0.0379928
0.0458327
0.0376195
0.0223307
-0.0156691
0.0429161
0.00454052
-0.0179885
-0.0284355
-0.0166693
-0.0452739
0.03093
-0.00050457
0.0309888
0.034603
0.0308344
0.0457045
-0.042295
-0.0490258
-0.0107227
0.00227456
0.00717977
-0.0142732
0.0486571
-0.0476171
-0.0256316
0.0273064
-0.0114294
-0.0171696
0.00465836
0.0479532
0.00687827
0.00030391
0.01004
0.00219172
0.034434
-0.03824
0.0386377
-0.0141725
-0.00969466
-0.043963
0.00812275
0.00734256
-0.0399581
0.0491036
0.00552207
0.0249803
-0.00305661
0.0458861
-0.00355822
0.025046
0.00628634
-0.0314012
0.0169711
-0.0447025
-0.0397433
0.0110454
0.0213565
0.00460286
-0.0252507
-0.0457728
0.0309842
0.0446374
-0.0246956
0.0301285
-0.017106
0.030163
0.0265549
-0.00688185
0.00252554
-0.028126
0.0319297
-0.00515573
0.00383628
-0.0416939
-0.0340486
0.0382977
0.0486196
-0.0376878
-0.0284614
-0.0387843
-0.0224306
0.0151416
-0.0422445
-0.0118641
0.0135716
-0.0459886
-0.0477011
0.0500734
-0.032335
-0.0487178
0.0414867
0.0229781
-0.0382052
0.037264
0.0244023
0.015331
-0.0123745
-0.024814
-0.035896
0.00467415
-0.0208434
-0.0314734
0.017703
-0.0154028
0.00679551
0.0232723
0.0363892
0.0372354
-0.026194
0.0290457
0.0455585
0.0440616
-0.0231937
0.0198907
-0.0264045
-0.0042952
0.0109939
-0.0476695
0.0239491
-0.00216649
-0.0472173
-0.0221157
-0.0152028
0.0159425
0.0434761
0.0220907
-0.0145258
-0.0093875
0.0449353
-0.020704
0.0417925
0.0394259
-0.0407545
0.0189335
0.0351553
-0.0149247
-0.0460007
0.00418547
-0.0199704
0.0282223
-0.0486609
0.0385826
-0.0106571
0.00654668
-0.0304561
0.0272195
0.0118267
0.0431837
-0.0199054
-0.0277177
0.048363
-0.0502613
0.0206145
-0.0190318
0.0361172
-0.0232287
-0.0347725
0.0400968
-0.0336194
-0.0444019
-0.00814621
-0.0180535
-0.0217315
-0.0376279
-0.00987612
0.015748
-0.0508943
0.0248157
-0.00165709
-0.0038713
0.0418262
0.0190118
0.000192705
-0.0459184
-0.049491
0.0299125
0.0433247
0.0203587
-0.046048
-0.00214397
0.040657
-0.0353823
-0.0157013
-0.0321482
0.0125614
-0.0483619
0.0438812
-0.0369314
-0.0184242
-0.0295827
-0.0414808
-0.0306832
0.0528197
-0.00204695
0.0281982
0.0390216
-0.031482
-0.0276869
0.00660621
-0.0045343
-0.0295365
-0.0148764
-0.0116937
0.0173488
0.00257377
-0.0306715
-0.0454181
-0.0365353
-0.0280098
-0.0374542
0.0219258
0.0437145
-0.0258426
0.0335772
-0.0391915
-0.0272518
-0.019405
-0.0292346
0.002604
-0.0478593
-0.0152755
0.0273508
0.018617
-0.031365
-0.0223428
-0.0426758
-0.0381053
-0.0266836
-0.0487221
-0.02184
0.0275113
-0.0470304
0.0443369
0.0462439
0.0236894
-0.0371303
-0.0261926
0.0378738
0.00505777
0.0152704
-0.0408219
0.0266076
0.0472015
-0.0246265
-0.000613977
0.00639761
-0.00430293
-0.0378562
-0.0286062
0.00917189
0.0106878
0.029893
0.0470105
-0.0168619
0.00212903
0.0398591
-0.0132376
0.048955
-0.00337488
-0.0473113
0.0405076
0.0128319
0.0130211
0.029352
0.0387836
0.0471436
-0.0338344
-0.00506133
0.0146013
0.018067
-0.0130469
-0.0293727
-0.0219563
0.0488586
0.0123044
0.0149553
0.0166794
-0.0323857
-0.0304042
-0.0143268
0.0429465
0.0294741
0.0164924
0.00639405
-0.0372931
0.0306144
0.0135349
0.0426128
0.0164987
-0.0189324
-0.0470392
0.010785
-0.00182565
0.0405918
0.0417503
0.00120145
0.0273461
0.0407839
-0.0263253
-0.0189587
0.0321258
-0.0489018
-0.0441882
-0.0389162
0.0257676
-0.0195199
0.00313798
-0.017038
0.0346729
0.0405287
-0.0430095
-0.0293639
-0.0456859
-0.0197009
-0.0118814
0.0051729
-0.015935
0.00876847
-0.0358734
0.0231757
-0.0442398
0.0459101
0.00130496
-0.00126792
0.0316622
-0.0341236
-0.0312115
0.0335548
-0.00984868
-0.0236881
0.0256077
0.00866853
0.0316792
-0.00642622
-0.0457237
0.00239709
0.0210342
-0.0408351
-0.0495026
0.0308938
-0.0418886
-0.0156936
0.000734407
0.00436882
-0.0388538
0.00832517
0.0219891
-0.0488049
0.0489032
0.00329651
0.0311681
-0.0454661
0.035392
0.0159173
0.0390728
0.0552995
0.010152
0.00673608
0.0279873
-0.0475456
-0.0326917
-0.00116183
0.0340754
-0.0302671
-0.037273
0.0509928
0.00263048
-0.0235433
0.0520488
0.000393759
0.0175436
0.0215014
0.0359604
-0.00659062
0.0286819
0.0436051
0.0306949
0.0454527
0.0340005
0.00712976
0.00641592
0.0464475
-0.022014
-0.00400271
-0.015293
0.0472249
-0.0248439
0.0390146
0.043841
0.0103991
0.0356004
0.0341931
0.0159708
0.0298144
0.0302543
-0.0395356
0.00881752
-0.0491987
-0.0127389
0.0191821
0.0103558
0.0189512
-0.0209981
0.0272634
-0.0433253
0.010953
0.0342976
-0.00347451
0.0308405
0.0186157
-0.0124574
0.0408296
-0.0176622
-0.0178659
0.0177476
-0.0223477
-0.0231879
0.0242864
-0.0463897
-0.043738
0.0187197
0.0290357
-0.0175862
0.032299
0.0268687
-0.00934128
0.0013544
0.0237961
0.00680803
0.000601344
-0.0145855
0.0274496
0.0149029
0.0260281
0.0432578
0.0406398
-0.0478671
0.0206384
0.00592083
-0.038176
0.0268412
0.0400992
-0.0469933
0.0312945
-0.0449915
0.0356691
-0.0176873
-0.0211006
-0.0367805
-0.0274276
-0.0408333
-0.0119102
0.045336
-0.0197296
0.0350856
-0.0325965
0.0481568
-0.0074327
0.0181429
-0.0120729
-0.0244326
0.00643168
0.0497228
-0.0149162
-0.0287144
0.00409498
-0.0437274
-0.0287236
0.0505165
0.0508471
-0.00577682
-0.0212195
-0.000627193
0.0147431
0.0544162
-0.0162912
0.0381677
0.0334338
0.0204354
-0.0279459
0.0326393
0.0608587
-0.0124733
-0.0213973
0.00797454
-0.00707477
0.0358396
0.0236625
-0.00946741
0.035251
0.0149868
0.0306008
-0.0502601
0.0578808
0.00549845
0.0194574
0.00794025
-0.0407158
-0.0228107
0.0436513
-0.0227088
0.0430717
0.0483601
-0.0209376
0.0125057
0.0416547
0.00112123
0.00355812
0.0384493
-0.0205888
-0.00286814
0.0496379
-0.0025942
-0.0286643
-0.021631
0.0125464
0.0169522
0.0325004
0.0270141
0.0506998
-0.0284793
0.0131843
0.0243654
-0.0101086
-0.0339203
0.0104273
-0.0359804
0.0528658
0.00649597
0.0396299
0.0186116
-0.00168761
-0.0211009
0.0169975
-0.0400872
0.0237758
-0.0433249
0.00417769
-0.0137276
0.0344184
-0.0509367
-0.0157464
-0.0824144
0.0109126
0.0553289
-0.00705823
-0.0239607
-0.0173191
0.00939547
-0.0269819
-0.0141627
0.0443601
0.0382861
-0.00038833
-0.0311821
-0.00904396
0.0310051
-0.023053
0.00325997
0.0134898
0.0156523
0.0336214
-0.0286082
-0.0198169
-0.0412796
0.0203807
0.0486955
-0.020814
0.0129632
-0.0168991
-0.0156093
0.0167045
-0.00403554
0.0270713
-0.0372938
0.0260412
-0.0176444
-0.0442528
-0.0173088
0.018976
-0.0614772
0.0118434
0.0264005
0.0245394
0.023623
-0.0228081
-0.0203976
0.00879853
0.0164536
-0.0283678
0.00188152
-0.0123088
0.0440487
-0.000380368
0.0233907
-0.0251707
-0.0161761
0.0288096
-0.0401524
0.0429881
-0.0347391
0.0433754
0.0225438
0.0095039
-0.0110519
0.00718753
-0.00570503
-0.0149826
0.0308722
-0.031675
0.00561265
0.0242313
0.00842627
0.0372251
-0.0204128
-0.0050886
0.0450717
0.00475032
0.00870084
-0.0147382
0.0409579
0.00573378
-0.0188978
0.0289747
0.0219835
-0.0258838
0.0270742
-0.0425895
-0.0142236
-0.0256359
-0.0367476
0.0049717
0.0026025
0.0438596
-0.0442389
-0.00217536
0.0358873
-0.0325207
0.00283635
-0.0129408
0.00970938
0.0264693
-0.0070915
-0.0193857
-0.0522169
0.0269222
0.00429657
-0.00452178
-0.0146596
0.0338641
-0.0057104
0.0431668
-0.0466493
-0.0193439
-0.0180983
0.0333224
-0.0198091
0.011306
0.0102417
0.0347448
0.00306055
0.0249006
-0.0299684
0.00260139
0.0178857
0.0400892
-0.0409519
-0.03728
-0.0288722
0.00819424
-0.0540778
-0.0300597
0.000589189
-0.00539108
0.0145037
0.0106099
0.0305761
0.00527077
-0.00630982
-0.00566725
0.0538503
0.0180597
0.025298
0.0508193
0.0173913
0.0485934
-0.0102446
0.0234006
-0.0334682
0.0312151
-0.0120703
0.0217563
0.00303942
-0.0289097
-0.00031406
-0.0425233
-0.00133259
-0.0396233
0.0242915
0.0235388
0.0151882
-0.0421242
-0.0128304
-0.0459611
0.0434009
-0.0438158
-0.0307766
0.0103185
-0.0633983
-0.0424762
-0.0313297
0.0384752
0.000625347
-0.0127418
-0.0618035
0.0386788
-0.034957
0.00503739
-0.0157566
-0.00215062
-0.0249181
0.0498823
0.0427397
-0.0428114
0.027706
-0.0251448
0.0199893
0.0296834
-0.0451403
0.0463156
0.000589238
0.00271944
-0.00865399
-0.0208729
0.0239664
0.0128056
0.0353994
-0.0284421
-0.0120392
0.0432013
-0.035498
-0.00700754
-0.0184423
0.0187858
-0.0361786
-0.0408218
-0.0380848
0.0242901
0.0499286
0.00450744
0.0145969
0.000988644
-0.0335473
-0.0173831
-0.0431484
-0.0211877
0.0119352
0.0220854
0.000395148
-0.0330081
-0.0182129
0.0117568
0.0476712
0.0387754
0.0197009
-0.0166156
-0.00292672
0.00122577
6.73573e-005
0.0413664
0.0235698
-0.0318865
-0.0140062
0.0210883
-0.0113292
0.0297278
0.0464641
-0.0390073
0.0152711
-0.00789131
0.0213181
0.0425187
0.0177849
-0.0184711
-0.0122177
0.0382988
-0.047618
-0.0403118
0.0241725
0.0307442
-0.0158688
-0.018691
-0.0189624
-0.0303485
0.0436834
-0.0159904
-0.0415501
0.0374155
-0.0250049
0.0108825
-0.00305814
0.0117801
-0.0365213
0.0361331
0.0393848
0.0335807
0.0175215
0.00445659
0.0298641
-0.00215008
0.0128878
-0.0471754
-0.0299903
-0.0171546
0.00415786
0.0286251
-0.0283257
-0.00664878
-0.0166055
-0.0221537
-0.049975
-0.00446445
-0.0227988
0.0327872
-0.0325341
0.0281702
0.0240154
0.0181736
0.0113703
-0.000186513
0.00805471
-0.0492479
-0.0403563
-0.046924
0.0129974
-0.0308579
-0.017869
0.0024554
-0.0229205
0.0458466
-0.039242
-0.0362258
-0.000849875
0.0320556
0.0157042
-0.0349094
-0.038682
-0.00614051
-0.0147188
-0.0482089
0.00964712
0.0253529
0.00481504
0.00695773
-0.00935148
-0.0226403
0.0458082
-0.0298938
0.0202946
0.0202695
-0.0438727
0.0441946
0.0340838
0.0370172
-0.0386564
-0.0353435
0.0300546
0.0451561
0.0384251
-0.00986163
0.0510748
0.0315507
0.0201771
-0.0486986
0.0198455
0.00742528
-0.0262436
0.0241227
-0.0363112
0.0172374
-0.0370138
-0.0302277
-0.0350787
0.0226382
0.0176436
0.014435
-0.0141187
0.00497453
0.0317206
-0.0123607
0.0127658
-0.00377463
-0.00286172
0.0139725
0.0406712
-0.019008
-0.00200447
-0.0259552
-0.035809
-0.0158917
-0.034131
0.012973
-0.000505872
-0.0106189
0.0320018
0.0374243
-0.025024
-0.00147853
-0.0343595
-0.0458213
0.0446197
-0.025749
-0.0427273
0.0181267
-0.0436335
-0.0146238
-0.00176888
0.00108827
0.0202375
-0.0110374
0.0403484
-0.0491187
-0.00301464
-0.0366845
0.0105854
0.0348837
0.000702991
-0.0527715
-0.0374988
-0.0166977
0.0211606
0.0168862
-0.00771787
0.024577
-0.0363863
0.0177858
0.00100393
-0.00970018
-0.0253421
-0.0120303
-0.00502745
-0.0118347
0.0193669
0.0252511
0.0180246
0.0448108
-0.0474267
-0.0394378
-0.0445997
0.0301001
0.0174753
-0.0439335
-0.00313973
0.0293882
0.0201014
-0.0433877
0.00950466
-0.0504297
0.0216258
0.00709398
0.0116823
0.00458687
0.0151844
0.01582
-0.0280296
-0.0410049
-0.0287815
0.000960034
-0.0107598
-0.029159
-0.031027
-0.0123279
0.00570969
0.00609329
0.0196052
-0.00829609
0.02889
0.00992259
0.0442409
0.00299645
0.0309673
0.0442812
-0.00126016
0.0285356
0.0195975
-0.0271501
0.0223517
0.0212142
-0.00662857
-0.0206616
-0.0423401
0.0185647
0.0126375
0.0338468
0.0260952
0.0189286
-0.0161376
0.0225047
-0.00259218
-0.0347895
-0.0216482
0.0329042
0.0281644
-0.0112108
0.0276072
0.0289554
-0.00603994
-0.0330309
0.0334156
0.0298148
0.0460803
-0.00466113
-0.0407123
-0.0335602
0.0334405
-0.050926
0.0381259
0.0276289
0.00747308
0.0346469
-0.0345749
0.0141184
-0.00822968
0.011037
0.0128044
0.0153254
-0.00596788
0.0372176
-0.0776514
0.00705121
-0.0446749
-0.000803203
0.0250461
0.0140675
0.0203204
0.011189
-0.0161297
-0.0128376
0.017338
-0.00480697
0.00840528
-0.044336
-0.00710003
0.0201867
-0.0368672
-0.0414092
0.00175665
-0.0320324
-0.0258191
0.0375561
-0.0363662
-0.043251
0.0388211
-0.00911422
-0.0387404
-0.0430883
-0.0211437
-0.014739
-0.0197081
0.0280412
0.0480562
-0.0197252
-0.0317984
-0.0138743
0.0182473
0.0484833
-0.0317862
0.00546948
0.00722017
0.00969658
0.0109204
0.00561581
0.00475005
-0.026313
-0.0048787
-0.0169388
-0.022988
-0.0128061
0.0271651
-0.0384941
-0.0258174
0.0215618
-0.0308456
0.0130728
0.0086823
-0.0394767
-0.0149063
0.0122755
0.00545147
-0.0320281
-0.0307527
-0.037803
0.0315077
-0.0237637
-0.0250104
0.035136
-0.0321433
-0.0454171
0.0388715
0.0202081
0.0284544
0.0338859
0.00875796
-0.0421934
0.0235871
0.0276996
0.00311822
0.00119278
0.0258831
0.026572
-0.0446443
0.0205698
-0.0411817
0.00112818
-0.037244
-0.0128274
0.0112771
0.0419062
0.0347983
0.0066914
-0.0251016
0.00534644
-0.0283829
0.0151778
-0.0386169
-0.0330812
-0.0188305
-0.030539
0.0407096
-0.046711
0.0251787
0.0468867
0.0172084
0.00384058
-0.00103782
0.0433665
0.0310747
-0.0186877
-0.00433465
0.0249982
-0.00233896
0.0193633
-0.033068
-0.0482457
-0.0226193
-0.0160885
-0.03579
0.0196722
-0.0533246
-0.0139626
0.0404929
-0.0122349
0.00332199
-0.0456373
-0.0531963
-0.0433269
0.0148018
0.03268
-0.0180353
0.0219141
0.010893
0.0428627
-0.0221868
0.0235837
-0.00210625
-0.0365657
0.0256885
0.0430777
-0.0073673
0.047158
-0.00543815
-0.0149641
-0.00144135
-0.00161292
0.0444658
-0.0435125
-0.0328121
-0.0273197
-0.00709763
-0.0492764
0.0447158
-0.034887
-0.0219453
-0.057085
0.0378836
0.048191
0.038143
0.0326991
-0.0385476
-0.0372995
0.0385189
0.0365205
0.00672174
0.0215974
0.0178436
-0.00335317
0.00655167
-0.0284915
-0.0363117
-0.0471646
-0.00404754
-0.00420952
0.000595489
-0.0352364
-0.029657
0.0149909
0.039446
-0.00237842
-0.0229216
-0.0440793
0.00498907
0.0430666
0.0298594
0.0327437
-0.0152355
-0.0440725
0.00323962
0.00130249
-0.0175321
0.024138
-0.033256
-0.0403405
0.00525047
0.0056526
-0.016503
-0.0290851
0.000426982
-0.0566526
0.0153525
0.00565847
0.031539
0.012982
0.0309035
-0.000485847
0.0264696
0.0379169
-0.0104283
-0.0266421
-0.00936671
-0.00776338
-0.0484364
0.00819789
-0.0192121
-0.0375408
0.00648288
0.0275011
-0.0468377
0.0387972
0.0366992
-0.0436727
-0.0372216
0.0222696
0.0264193
0.0125798
-0.0182227
-0.0247495
-0.0174411
-0.0337288
-0.0295595
0.0310228
-0.0463129
0.0301121
0.0225251
0.0374515
-0.0199889
0.0171514
0.00739616
0.0109109
-0.0119788
-0.0107306
0.00763404
0.0390537
0.0428512
0.0124294
0.0461286
0.0114492
0.0426381
-0.0125046
0.0370517
-0.00801039
-0.0109664
-0.0133132
-0.0223889
0.0401992
-0.0166292
0.0124083
-0.000342437
-0.0177366
-0.0293243
-0.0217814
-0.00259901
-0.0191686
0.00502871
0.00743251
0.0304117
0.00362134
0.027961
0.00296817
0.020466
-0.00913654
0.0409354
-0.0281486
-0.0280391
-0.00239616
0.00342495
0.015029
0.016865
-0.0135346
0.0415889
0.0492824
-0.0327395
-0.019286
-0.00490148
0.0376009
-0.0125672
-0.00865936
-0.00599772
-0.0479479
0.0120016
0.0109157
-0.00563113
-0.0391457
-0.0153551
-0.0175655
0.00431829
-0.00758255
0.0218024
-0.0391687
-0.0101964
-0.00313976
-0.0328676
0.0147915
-0.00324826
0.0212265
-0.0390595
-0.0172255
-0.00615696
-0.0201732
-0.0202436
0.0125419
-0.0424042
0.0229599
-0.0340901
0.0266069
-0.00168041
0.0458617
0.0269097
0.0144619
-0.0187575
-0.0358555
-0.0168846
0.0190835
0.0122453
-0.0367352
-0.0230589
-0.00763688
0.0368155
0.00976327
0.0218167
0.012413
0.0447716
0.0344392
-0.0323064
0.0224852
0.032675
0.00363449
0.0183657
-0.0142643
-0.0259406
0.0474184
0.0253432
0.0256235
0.00845612
0.00450469
0.0137939
0.0220525
0.0538455
0.0115158
-0.00407563
-0.0323004
0.042252
0.00634643
0.0492307
0.0259877
-0.00813999
0.0233289
-0.000637173
0.0162255
0.0430088
-0.0214272
-0.048516
0.0335803
0.00152896
0.0374556
-0.0213957
-0.023409
-0.0106357
0.0141173
-0.034278
-0.0387653
0.00758706
-0.0505447
-0.0240547
-0.0235448
-0.0370574
0.0151788
-0.0285922
0.0237165
0.00502537
-0.00305899
0.0146747
0.0116864
-0.0101142
0.0411998
0.0221655
0.0184911
-0.0105631
-0.0309306
-0.014011
-0.0428687
0.0199888
0.0374443
0.00849364
-0.033078
-0.0422519
0.0174781
-0.0160026
-0.0456147
-0.0304585
-0.00744016
0.00454022
0.0286725
-0.0404382
0.0119932
-0.0136918
0.0367595
0.0449346
0.0136533
-0.0228067
-0.0479455
-0.00385936
-0.0388744
0.0257733
0.0260116
0.00191806
-0.0233784
-0.00501907
0.0408605
-0.0367155
0.0213795
0.00651232
0.0428626
0.00461921
-0.0319882
-0.0397473
0.00791164
0.0117475
-0.023195
-0.00687852
0.0474262
0.010926
0.0305953
0.0141773
-0.03493
0.00728081
-0.0505063
0.0344265
-0.00956992
0.0060671
0.00929447
0.00196272
0.00970538
0.0246525
-0.0247308
-1.58842e-005
0.0424056
0.00754993
-0.00489949
0.028466
0.0272208
0.0377189
-0.0150606
-0.0281139
0.0221032
0.00865952
0.0161711
-0.042001
-0.0483908
0.013775
0.0292118
0.0357877
-0.0314477
0.0175386
-0.0527085
-0.0378654
0.0387117
0.0114554
-0.0307343
0.0300498
0.0260977
0.0095569
-0.0443201
-0.00249298
0.0238733
0.0159211
-0.060776
-0.0364865
0.0323156
-0.0399012
-0.0622038
-0.015433
-0.0464268
0.0188649
-0.0258332
-0.0423991
-0.0517798
-0.00943947
0.00869753
0.0385753
0.0199819
0.0206428
0.0319326
0.00476536
0.0311668
-0.0419602
-0.000999564
-0.0329589
0.0413435
-0.0399477
-0.036964
0.0186984
-0.0182471
0.00420313
0.0168782
-0.0139589
-0.0412738
-0.038542
0.0341525
0.0179363
-0.021603
0.0121567
-0.0069136
-0.0252862
-0.0436981
0.0458371
-0.0346474
-0.0354019
-0.00548155
0.0282747
-0.00136346
0.00947906
0.00775529
-0.00486696
-0.00416648
-0.0340323
-0.0192073
0.00784025
0.0121094
-0.0371633
-0.0192381
0.0181278
0.0194357
0.056528
-0.0321446
0.0492162
0.0522447
-0.0993559
-0.0477575
0.0377593
0.0521863
0.0496747
0.0100423
0.0456352
0.0214572
-0.0290641
-0.0132473
-0.030395
-0.0483753
0.0328238
-0.0268717
0.0169261
0.0159218
-0.0381137
-0.00490774
0.0590842
-0.0394492
-0.0315912
-0.0165899
-0.0264003
-0.0100217
0.0362539
-0.00179816
-0.0116053
0.0146981
0.0206625
0.029812
0.00500696
-0.0172404
-0.00402971
-0.00256745
-0.0281657
-0.0587997
0.00831462
0.0247786
-0.0571696
-0.0725311
-0.0356787
-0.00395311
0.0478358
0.0013622
-0.0575728
0.0238361
-0.03154
-0.0333621
0.0305137
0.0373579
-0.0162904
-0.0123983
0.0429515
-0.0122258
0.0419182
0.0462428
0.0410792
-0.0199547
0.0518328
0.0296494
-0.0435909
0.0413481
0.0228654
0.0540066
-0.0633193
-0.044868
0.0154656
-0.0215043
-0.0370949
-0.0145071
0.0431691
-0.0013789
-0.00960296
-0.00677655
-0.00404275
-0.0283336
-0.0104494
0.0165059
0.000626594
0.0316595
-0.0160668
-0.0165533
0.0127141
0.0248768
-0.0219008
-0.00980584
-0.0426627
-0.0161852
0.0387561
0.0376353
-0.0200265
-0.00281328
0.00741497
-0.0172873
-0.00780206
-0.00988189
-0.0130703
-0.00782892
0.0305657
-0.00526456
-0.000603821
-0.0451658
-0.0277739
-0.0637662
-0.0306185
-0.0257645
0.0249281
0.0265024
-0.101965
-0.0219361
-0.0241096
-0.0329109
0.0281519
0.0423203
0.0114199
0.0351259
-0.0290106
-0.00846845
-0.0375242
0.0223893
-0.0335157
0.00590933
-0.0198863
-0.0144827
0.0523663
0.0364982
-0.0352164
0.000229215
-0.0154157
-0.00313808
-0.0195821
-0.0268225
0.0498992
-0.0343936
-0.0202658
0.0304243
-0.0243605
-0.0379075
0.011606
0.00420461
0.0157352
-0.0186635
-0.0355754
0.0379353
-0.0160179
0.0252729
-0.0214087
0.0282061
-0.0101589
0.0257342
0.0411605
0.00804422
0.0212598
-0.00385511
0.0416399
0.0287178
-0.0201468
0.0111534
0.0389139
0.00988963
-0.0258291
-0.0207548
-0.00879986
0.00254348
-0.0299474
-0.0123312
0.000671431
-0.0493643
0.0111191
0.0148794
0.0227597
0.0458685
-0.0468838
0.044827
-0.0123238
0.040132
0.000545185
0.0403468
-0.0439722
0.0113769
-0.0316562
0.00281213
0.0144845
0.000997913
-0.0263558
-0.0297134
-0.0356361
-0.0353554
0.0423959
0.0339736
0.0547923
-0.0284995
0.0285575
0.0241463
-0.0374689
0.0136981
-0.0108471
-0.00115464
0.0433003
0.0418994
-0.044024
0.0177845
-0.0136098
-0.0333703
-0.0503598
-0.0250257
-0.00592385
-0.00441978
0.0310349
0.0258614
-0.0248243
0.0139932
-0.00115014
-0.0296119
0.0303164
0.0185552
-0.0040358
-0.0215235
-0.0480852
0.00239878
-0.00889668
-0.0462019
0.0198118
0.00676571
0.0158028
0.0186143
0.0297325
0.0491731
-0.00894851
-0.0322919
0.0358717
-0.0347149
0.0443062
-0.0249099
0.0130901
-0.00870108
-0.0321393
-0.021457
-0.0527532
-0.0367796
0.0330981
0.0362306
-0.00235517
0.0429577
0.0127416
0.0112195
-0.0412328
-0.0397272
0.0372898
0.0379074
0.0066479
-0.0385297
0.0300944
0.0119044
0.00457912
-0.0265462
-0.023054
0.0285598
-0.0370468
0.0325474
0.0237397
0.0479658
-0.0385452
-0.0314648
0.0217249
0.0175344
-0.0054653
0.0309622
-0.0115017
-0.0418807
0.0343597
-0.0453256
-0.00259752
-0.0422329
-0.050082
-0.0229852
-0.0452027
-0.00816712
-0.0289466
0.00769783
-0.000800678
0.00745652
0.0350551
0.0436292
-0.0407379
-0.0125408
0.0110847
-0.0442637
0.0202277
0.0426294
0.0490483
0.0243472
0.0291276
0.0265024
0.0242327
0.039826
-0.012622
0.0458444
0.0421541
-0.0265071
-0.0264064
0.0459728
-0.0245954
0.0210996
0.0194698
0.0468245
-0.0147258
0.0035044
0.00258338
0.0133946
0.00574019
-0.0334793
-0.016108
0.0300759
0.0496252
0.0390881
0.0337504
-0.033485
0.002884
-0.0120177
0.000361317
0.00585562
-0.00567495
0.0484582
0.0375847
0.0122258
0.0211458
0.0432421
0.0309441
0.033309
-0.0278829
0.0125478
-0.0267041
-0.0138415
-0.03129
0.00585046
-0.036713
0.0282298
-0.0440681
-0.00168259
-0.0422035
-0.0156107
-0.0476712
-0.00958165
-0.0351974
0.00817165
-0.0399767
0.0339276
0.0263485
-0.0495907
0.003015
0.0443742
-0.0343852
0.020383
-0.00547807
0.0242987
0.0214725
0.0205221
0.039003
0.0111789
0.00520875
0.0144632
-0.0111894
0.0251978
-0.0113761
0.0394352
-0.0404581
0.00544887
-0.0226831
-0.00825088
0.0101003
0.0178414
-0.0421765
0.0339477
-0.0403618
-0.0303605
-0.00789511
0.0119305
-0.011048
0.00120407
0.0410562
-0.0413495
-0.0255966
0.0348851
-0.0538139
-0.0328162
-0.0378788
0.0523927
-0.032321
-0.00703398
-0.0484177
-0.0225974
-0.0424321
-0.0062838
0.0289244
-0.0177718
0.000200394
-0.0188805
0.0392106
0.0496864
-0.0194601
-0.00566516
0.0109854
0.0281105
-0.0422035
0.00188975
0.0214929
0.0298766
-0.000448563
-0.0207564
-0.0486539
0.00632445
0.00136922
0.0226786
0.0491714
0.0152147
0.0212664
-0.0232376
-0.000152053
0.0297291
0.0120357
-0.0358171
-0.0285489
-0.0433836
0.0119965
0.0415058
-0.00789239
0.0449853
-0.0183939
0.000721622
-0.0310521
0.00570564
-0.0209371
-0.037638
0.00782554
-0.0379897
-0.0476149
0.0486785
-0.00337399
0.0355454
-0.00939134
0.00504517
-0.0244168
0.00544292
-0.0322505
-0.00343248
-0.00420422
-0.0158769
-0.0248556
-0.0433444
-0.00463882
-0.0341554
0.00218086
0.00155803
0.03744
-0.00168431
-0.0440691
-0.0217236
0.00506538
-0.0415683
0.0105142
-0.00025238
0.0346534
0.000549903
0.0375132
-0.0257817
-0.0349039
-0.0393464
-0.0461969
0.0423015
-0.0273795
0.0384293
-0.0514594
-0.0451293
-0.0153569
0.042988
0.0429957
0.0449296
0.0400487
-0.0302385
-0.0236819
-0.0142854
0.022154
0.0478647
0.0177403
0.0224624
-0.00240791
-0.00405354
-0.0257143
0.014709
0.0339357
-0.0334333
-0.0212501
0.0287676
-0.00402805
-0.00642507
0.0370541
-0.0190037
-0.0322651
-0.0381443
0.00521217
-0.0227003
0.00876854
-0.0378756
-0.0467857
-0.0289565
0.00839393
-0.0454458
0.0143462
0.037829
-0.0065518
-0.0425286
0.0129388
-0.0161505
-0.0418733
0.0098457
-0.0233887
-0.0255764
0.00958985
-0.0396064
0.0176478
0.0231127
-0.0441574
0.0109653
-0.00383084
-0.0127416
-0.01022
-0.0370432
0.00320117
0.0244785
-0.0487914
-0.0410159
-0.00362851
-0.0371075
-0.0518865
-0.00721532
0.0271059
0.0399738
-0.0198174
-0.0287927
-0.048854
-0.00742946
0.0464908
-0.0404208
0.0226259
-0.0267651
-0.0616918
-0.0295134
0.0161669
0.0167485
0.0858752
-0.0352331
0.00708292
0.0174205
-0.0464545
-0.00275101
0.0825093
-0.0280986
0.0383874
-0.015313
0.0460643
-0.0379884
0.0409146
-0.00902532
0.0164878
0.0121314
0.0106281
-0.0182897
0.0134369
0.033092
0.0326106
0.0108868
0.00539834
-0.0114991
0.027824
0.0355783
-0.0147786
-0.00502286
-0.0229075
0.00232646
-0.0202708
0.0312734
0.0465049
-0.0244584
-0.0363579
0.00728508
0.0231118
-0.0427842
0.00802421
0.0108517
-0.000932625
-0.0142186
0.0387113
-0.0417271
-0.0297518
0.0281122
-0.0206676
-0.0365986
-0.0517193
0.000843766
-0.0142612
-0.0297744
0.00894794
-0.0222118
-0.0115954
-0.0083123
-0.0452054
-0.0288481
-0.0479167
0.00635647
0.00964382
0.0163255
-0.0191655
-0.00271451
0.00837529
-0.0205577
-0.0257791
0.0416913
0.0351595
-0.018794
-0.0177168
0.0131543
0.000963612
0.017623
-0.00746996
0.0185104
0.0150773
-0.0253343
-0.0418171
-0.0325724
0.00362574
-0.0343655
0.0427456
-0.0465941
0.0494193
-0.0250733
0.0215473
0.018402
0.0377072
0.0235956
-0.00728224
-0.0117045
-0.0472737
0.0333794
0.0470252
-0.043472
-0.0158166
-0.038261
0.00104727
-0.0446704
0.0145699
-0.0321301
0.0244481
-0.0220663
-0.00584665
0.0329327
0.0297515
0.0358358
-0.0180128
0.00469744
-0.0428796
-0.00404439
0.015261
0.0268114
0.0251118
0.0392241
-0.00314362
-0.00912456
-0.0426936
0.037164
0.023001
-0.037428
0.0246374
0.0167221
0.0479633
-0.0352866
0.0152817
-0.0101355
-0.0379707
0.0256906
-0.00728329
0.0409454
0.0134343
0.00396291
-0.00549452
0.0156341
0.0398776
0.0208237
-0.0229606
0.0500129
0.035713
-0.0106425
-0.0325032
0.0270895
-0.0484423
-0.00849218
-0.0287053
-0.0464569
0.00229476
0.00638742
-0.0134589
0.0213544
0.00329691
0.0112131
-0.0265252
0.0107985
0.0351144
0.0400003
-0.0354202
-0.0110523
0.00570978
-0.0319996
-0.0362137
-0.0480522
-0.0142482
-0.0393816
0.000244198
-0.0365262
-0.0314855
0.0367148
0.0426166
-0.0304412
-0.0208977
-0.00704589
0.0306799
-0.0403366
0.0419476
-0.00802549
-0.00637702
-0.0109954
0.0159852
-0.00752354
0.0139366
-0.0414368
0.0448949
0.023546
0.0470848
-0.0265682
0.0452435
-0.0556311
0.00450577
-0.0456775
-0.00314746
-0.0388574
0.025969
0.0183078
-0.0267161
0.01026
-0.0508696
-0.0370048
-0.0328729
0.0383556
0.00881187
-0.0189502
-0.0114342
-0.0403582
0.022861
0.0116895
-0.024536
-0.00724575
-0.0229304
0.00184533
-0.00720231
0.0142673
-0.0209506
-0.0412619
0.0507929
0.00970627
0.037546
-0.0495886
-0.00667879
-0.0090456
-0.0288694
-0.00640949
0.0429403
-0.0135253
0.0547959
0.0211547
0.020224
0.00567078
0.0271377
-0.0238103
-0.0391792
-0.030189
0.0316319
0.0209465
-0.0432613
0.030281
0.0485701
0.00690954
-0.024298
-0.0464779
-0.0131351
0.00269438
-0.00875883
0.0153612
-0.0365651
0.0473312
-0.0309929
0.00363494
-0.0352638
0.000441768
-8.67573e-005
0.00548463
0.022043
0.00504051
0.0290593
0.0536346
-0.00993832
0.0158131
-0.0511287
-0.00846586
0.010912
0.00592218
0.0266614
0.00962742
-0.0457811
-0.00721444
0.0077174
-0.037779
0.0107535
-0.0029545
0.0194739
0.00728609
-0.0137251
0.00704509
-0.0365528
0.0477861
0.053744
0.0460021
0.0371476
-0.0085244
0.039569
-0.00371786
0.00588427
-0.0157733
-0.0471509
-0.00743341
-0.0242858
0.0213745
-0.0122287
-0.0479244
-0.02074
0.0198395
0.0429286
0.030006
-0.0471225
0.0218624
0.000981344
-0.00400126
0.0413701
-0.0451546
0.00187767
0.0475816
0.0094415
0.0462703
-0.0122834
0.0530341
-0.0120499
0.0366652
-0.037264
0.0155174
0.0202801
-0.00152287
0.0311876
-0.0278872
-0.0163591
0.0334054
-0.016925
0.0109745
-0.0113294
-0.000602976
0.0471545
-0.0118686
0.0327873
0.00792817
0.0237428
0.0387952
0.00276185
0.0433768
-0.0387356
0.059288
0.0167658
0.0166036
-0.00957475
0.0243206
-0.0104715
0.013141
-0.0202914
0.0471814
0.0238217
0.0182195
-0.044322
0.0288909
0.014146
-0.0123488
0.00713877
-0.0117448
0.0164379
0.0318649
0.0478186
-0.0244795
0.0390193
-0.00683323
-0.0290525
-0.0330766
0.0369543
-0.0261118
0.0489928
-0.0180669
-0.00821354
0.00102389
-0.0135834
-0.0370299
-0.0358891
-0.0252969
-0.0476936
0.0192076
-0.0156173
0.0102523
-0.0398462
-0.0107449
0.0393232
-0.00469573
0.0132252
-0.0364438
0.0149959
-0.0387595
-0.0489234
0.0113213
0.00102785
0.0191572
0.0319278
-0.0243908
0.0333742
-0.0230071
0.017237
0.0242336
0.0490308
0.0332869
-0.0406866
0.00295126
-0.0334852
-0.00157386
-0.042906
0.0109219
0.00872785
0.00871676
-0.0285277
0.0468462
0.0441067
0.00974741
-0.0184088
0.0269992
0.012523
-0.0319402
0.0308686
0.0459707
0.043325
-0.0347676
0.0040368
0.0263865
-0.0259996
0.0121045
0.0393509
0.0255896
0.0113749
0.000755297
0.0414968
0.0410984
0.0369541
-0.0131042
-0.017884
0.0468409
-0.0446725
0.00874124
-0.0215286
0.0225596
-0.0240384
0.0105698
-0.00608404
0.0277251
-0.00774501
-0.0222949
-0.0230087
-0.0191292
0.0140221
-0.0341258
-0.0297487
0.0244423
-0.0171163
-0.0286704
-0.0350914
-0.00399161
-0.000349598
-0.033686
-0.00435481
-0.0207749
0.0347517
0.0136843
-0.0441317
-0.0210229
-0.00515417
0.0105561
0.0396338
-0.0018636
-0.0146717
0.0134444
-0.00532581
0.00137418
0.00117267
-0.0507707
0.00915898
-0.00509712
-0.0340519
0.0174258
-0.0299303
0.0335574
0.0222374
0.0454643
-0.0175838
-0.0136186
-0.0434449
0.0347665
0.0380688
-0.0527304
-0.0449686
0.011989
-0.0312013
0.0429015
0.0321528
-0.0171508
-0.0137714
0.0198957
-0.0243852
0.0265378
0.0386237
0.0367844
0.000346436
-0.0288822
-0.0434312
-0.0442307
0.0029103
0.00527024
-0.0261245
0.0411493
0.00535959
0.012098
0.0424408
0.0184387
0.0289027
-0.0132017
-0.0447269
-0.0315355
-0.044836
-0.00217757
0.0185059
0.0376388
0.0156082
0.0472791
0.0328111
0.0135784
-0.00641736
-0.00747054
-0.00531645
-0.0291444
-0.00960761
-0.0331879
-0.0441333
-0.0319362
0.01341
-0.0133707
0.0413259
-0.0345446
-0.0495462
0.0309472
0.000332083
-0.0144145
0.0154937
0.030074
-0.0273679
-0.0328044
0.0112975
-0.0389342
0.0100009
0.0243556
0.022883
-0.0139871
0.032081
-0.0360005
0.0270435
-0.0411489
0.0215062
-0.0520507
-0.0246148
0.031138
0.0504518
-0.0282585
0.0030027
0.0119539
-0.0408302
0.00939327
-0.000279026
-0.0345251
-0.0147912
-0.0456173
-0.0208348
-0.0344146
-0.00488455
0.038536
-0.0124091
0.0249183
0.00234941
0.0412036
-0.0365493
0.0307216
0.00541451
0.0403068
0.042054
0.0279891
0.0283225
0.0254396
0.0019804
-0.0236381
-0.0391861
-0.0366417
0.0422396
0.0315261
-0.0140992
0.0261317
0.0350956
0.0113256
0.0335155
0.00999307
-0.0375347
-0.00370845
0.00897152
-0.0184274
0.0261047
-0.0359738
0.0465551
-0.00473371
0.0103616
0.0500492
-0.0335839
0.00346146
-0.0307242
0.0491463
0.0173115
-0.0122372
-0.0203632
0.0288483
-0.0120463
-0.026766
0.00999724
-0.0272506
0.0355492
-0.0380267
-0.0215294
-0.00968149
0.0402036
0.0438505
-0.0374919
0.0126563
0.0425239
0.0124893
-0.0083735
-0.00631129
0.0172736
-0.0159617
0.0329106
0.043887
0.00196083
-0.00869351
-0.0104507
0.0152884
-0.0334715
0.0448214
0.0440013
0.0285147
0.0279557
0.0246361
0.00817215
0.0126565
-0.0277152
-0.0282861
0.0158934
-0.0217077
0.0318156
0.0292816
0.0980514
0.0363717
0.0454973
0.0154014
-0.0411599
0.0544087
0.0737481
-0.0209722
0.0172251
0.0787338
-0.0121057
-0.0444324
-0.0309333
0.0222092
0.037767
0.0365182
0.0344357
0.0264925
-0.018367
0.0499809
-0.0424253
0.0403911
0.00873458
0.015915
-0.0224159
0.0467026
0.0297673
-0.0360766
0.0261308
0.0321173
-0.00888014
-0.0258001
0.0215926
-0.00644967
0.035294
-0.0270394
-0.0351615
0.0486165
0.0197731
-0.010708
-0.0264869
0.0128079
-0.048458
-0.0362915
-0.031759
0.0377712
0.0034853
-0.022476
0.0182625
0.0200099
-0.0198575
-0.0369254
0.0295727
-0.0206431
-0.00859723
0.0342937
0.0194933
0.0486867
0.0117581
-0.0413099
0.0131406
0.0341228
-0.0345741
-0.00324487
-0.0173484
-0.00263512
0.0421163
0.0059946
0.0503876
0.0266518
0.00508883
0.048212
0.0451358
-0.00697766
-0.0310912
0.0338024
0.00536979
-0.0478184
-0.0380121
-0.00191131
-0.0126349
0.00766225
-0.00433128
-0.01264
-0.0410722
-0.0359555
-0.0194086
0.0330678
-0.0385038
-0.054096
-0.0166681
-0.0298106
-0.0293358
-0.0478605
0.0327077
-0.0136709
0.0361661
0.0479806
-0.00854922
0.0132662
0.0354983
-0.013629
-0.00422894
-0.0315889
-0.0223516
-0.0169082
0.0253482
0.0445567
0.0378354
-0.0293528
0.0392206
-0.036768
0.0061497
-0.0309063
0.0386184
-0.00881492
-0.0431403
-0.00541053
-0.0118033
-0.0266979
-0.0539583
-0.0359276
0.0247923
0.00377824
0.0054866
0.0364598
0.0208292
-0.0480033
0.0475948
0.04902
-0.0103407
-0.0355006
0.039657
0.0342005
0.0222253
-0.0370023
0.0293984
-0.0467905
0.0301106
-0.0254524
0.0172405
0.00858633
0.0174311
-0.0149085
0.0251419
0.00237237
0.0311582
0.0220306
0.0295954
-0.0309811
-0.0375452
-0.0459946
0.0239234
0.0221041
-0.0424693
-0.0317471
0.0186972
-0.0117429
0.0453332
-0.0277718
0.00643741
-0.0126291
0.0226451
-0.0170192
-0.0517616
0.0470317
0.011314
0.0147517
-0.00175423
-0.0160662
-0.0450045
0.0451703
0.0107684
-0.00146102
0.0161589
-0.043281
-0.0486124
-0.0287987
0.0198103
-0.0232589
-0.00662028
-0.0352318
-0.0184033
-0.0265794
0.00218286
-0.0180326
0.0463327
-0.0190037
0.0120931
-0.0487413
-0.00556712
-0.0218332
0.00599636
0.0119981
-0.0494723
0.0149998
0.0133929
0.00951612
-0.0134463
-0.0422922
0.00423458
-0.0251335
0.0324982
0.03768
-0.0472659
0.0214553
0.0391713
0.0150884
0.00271262
-0.0486072
-0.0321179
0.027452
-0.0356799
-0.0391073
0.0440179
0.0472911
-0.0380911
-0.0268936
-0.0224286
0.0175584
-0.00825485
0.0223967
-0.0354598
-0.00200027
-0.0365499
-0.0408431
0.0174229
-0.0364767
0.0239598
-0.00336166
-0.0460386
-0.0314255
-0.0355839
0.0496087
-0.0193661
0.0218406
0.00374954
0.0311896
-0.0246624
0.00326542
0.00224522
-0.0171592
0.00598166
0.00796498
-0.0371625
0.0215496
-0.0250441
0.00812246
0.0247577
0.0413351
0.0136996
0.015085
-0.0473115
-0.00262564
-0.0258873
-0.017301
0.0476066
0.0292949
0.0441111
-0.00460222
0.0100125
-0.0380635
-0.039331
0.0345837
0.0199831
-0.0214699
0.00612572
0.0079064
0.0246183
-0.0325876
-0.000506808
-0.0281141
-0.020544
0.0339656
0.0363687
0.0207138
0.0106258
-0.00221927
0.0397461
0.0124684
-0.0312889
-0.0161718
-0.00833411
-0.0189269
0.0104824
-0.0244981
-0.0211694
-0.00019666
-0.00859101
-0.0220436
0.0229453
0.0479645
-0.00770082
-0.0430336
-0.0248896
-0.0207547
-0.0274364
-0.0157023
-0.0138616
-0.0133336
-0.0276829
-0.0261602
0.0246137
0.00271063
0.050384
0.0194054
-0.0497934
0.0301543
0.0377721
0.0398306
0.0222511
0.0186328
0.0157003
0.0358516
0.0331424
-0.0194097
-0.0121912
0.0354383
-0.0421158
0.0311901
-0.0308496
-0.0176878
0.0315355
0.0153546
0.0125368
0.0252066
-0.00188729
0.0168028
-0.0188926
0.0190383
-0.0166888
0.0136972
0.0248425
-0.0276196
0.00502006
-0.0242381
-0.0327098
0.00250889
0.0106671
-0.0326274
-0.0292275
-0.0149186
0.0400257
0.000764676
-0.0450006
-0.0293828
0.0690228
-0.0628889
-0.014063
0.0408693
0.024561
-0.0376623
0.020512
-0.0251382
0.0309962
-0.0312931
-0.0128428
-0.00313183
-0.0394759
-0.0212448
-0.0416265
-0.0255638
0.0263419
0.00201789
0.0352318
-0.0188222
0.00701973
0.00195073
0.039493
0.0406427
-0.0437722
0.0280215
0.0423648
-0.0426594
0.0293803
-0.0229237
0.022025
0.0111872
-0.0313799
0.00119042
-0.0426814
0.00658355
0.012986
0.0351986
0.0109333
0.0171852
0.0308383
0.0238079
-0.0443072
-0.00120327
0.0437999
0.0325396
-0.0381261
0.0205192
0.0296561
0.0462261
-0.00598844
0.00860689
0.0364633
0.00722657
0.0242653
0.0102569
0.0209674
-0.0141499
-0.0156112
-0.0209235
-0.034832
0.0417365
0.0114435
0.0102541
0.0192504
-0.0153575
-0.00433413
-0.0304728
-0.0136664
-0.05201
0.0316975
-0.0367642
-0.0371825
-0.00191108
-0.0520432
0.0343675
-0.0436144
0.0321199
0.00481543
-0.0259265
-0.0044082
-0.0217367
-0.0183835
-0.0469494
0.0259415
0.018207
-0.0342088
-0.0175925
-0.00947431
-0.0476227
0.0439655
-0.0453252
-0.0449278
0.0314975
-0.0460255
-0.0359113
0.0272487
0.0481868
0.0466796
-0.0158471
0.0398061
-0.0356917
0.0457809
0.0502742
0.00440254
0.0386059
0.0273535
0.0139991
0.00552021
-0.015887
-0.0323058
0.00129479
-0.0182494
0.0257377
0.0377317
0.00383825
0.0264569
-0.0156145
0.00516033
-0.0485918
0.0474551
0.0458411
-0.0432622
-0.0128727
0.0109481
-0.0215078
-0.0425913
0.0268463
-0.00593936
-0.0292819
0.00081962
0.0221791
0.0063584
0.0121055
-0.0418891
-0.012059
0.0300175
-0.0266685
-0.0040665
0.0393463
-0.0376147
-0.038072
-0.0333916
0.0371192
0.0312066
-0.0217667
-0.0237296
0.0317392
0.03044
-0.0137441
-0.0256418
-0.0077941
0.0332916
-0.00653143
-0.026243
-0.0356582
0.00546175
-0.0485547
-0.0458579
-0.0471803
-0.0373344
0.047806
-0.036907
-0.0362173
0.0147674
0.0246563
0.0287784
-0.0319651
-0.0273921
-0.00154437
-0.0402284
-0.0179959
0.0430597
0.00463194
-0.0415552
0.0121532
-0.0113521
-0.0433923
-0.0192201
0.0356387
0.030188
-0.00405293
0.0298383
-0.0135274
0.00778739
-0.044263
0.0324005
-0.0349147
0.00291687
0.0182737
-0.0283084
-0.015586
0.0322147
-0.0330417
0.00244313
-0.0305134
-0.0336826
0.0289359
-0.0141341
0.000243971
-0.0394703
-0.024853
0.00207511
0.0287977
0.010123
0.0367897
0.0166807
0.0254158
-0.0475304
0.0144326
0.0332733
0.0365433
0.0181425
0.0185417
-0.0406617
-0.00862449
-0.048366
-0.00475106
-0.00385241
-0.0365678
0.0336782
-0.0225568
0.0326089
-0.04054
-0.00158422
-0.0272551
0.00871921
-0.00959338
-0.0515127
-0.00979894
0.0365919
0.0327261
-0.00592559
0.0187289
0.0413775
0.0365316
0.02166
0.0169463
-0.0332247
-0.0017978
-0.000956432
-0.0216907
0.0317884
0.0229121
0.0096792
-0.038053
-0.0267571
-0.0217403
-0.0146273
-0.008495
0.0101132
0.0208731
0.0209952
0.026886
-0.0217829
0.00789494
0.0260474
-0.017551
0.0101075
-0.00622741
0.00672702
-0.0100689
0.0449548
-0.00982627
-0.0511112
0.0373423
-0.0173853
-0.0281411
-0.00256423
-0.00637258
-0.00335135
0.0228956
-0.0065075
0.0373546
-0.0328174
0.0131925
0.0382283
-0.0328124
-0.0343046
-0.0482553
-0.0468551
-0.0466384
0.0380512
-0.0148939
0.0408554
-0.00972898
0.0399729
0.0501471
-0.00532645
0.047946
0.0312391
-0.0294362
-0.00391653
-0.0281129
0.0112325
-0.0349703
-0.0154397
-0.0333359
0.00608228
-0.0234606
0.0441231
0.0484738
-0.0420267
-0.029902
-0.0277197
-0.0259061
0.0339562
0.0433642
0.013292
-0.0337984
-0.0111005
-0.015052
0.0112237
-0.0302484
0.0395581
0.00566856
-0.00988563
0.00438819
0.0472603
-0.0281188
-0.0216477
0.0454251
0.0264492
0.00493154
0.0111902
-0.00787299
0.0120818
-0.00344695
0.0370217
0.0316619
-0.0331374
-0.0100632
-0.0292236
-0.0198319
-0.00164673
0.040537
0.046348
-0.0305648
0.0196875
0.0477005
-0.00895148
0.0237702
-0.010466
-0.0230226
-0.0218433
-0.00258084
-0.0250426
0.0132819
-0.00880997
0.0212029
-0.0357429
-0.00152566
0.0372469
0.041661
-0.0392827
-0.0319209
-0.0308629
0.0301353
-0.0422768
-0.0436996
0.014928
0.0183248
0.0390489
0.0409981
0.00721563
-0.00510568
0.0166177
-0.0145236
0.0148222
-0.0334466
-0.043624
0.025981
-0.0417432
0.0211433
-0.0285359
-0.0317957
-0.0428221
-0.0431019
0.0109371
0.0397393
0.00517664
0.00510884
0.0207614
-0.0170876
-0.00860409
-0.0287536
-0.0173896
0.0188752
0.0186999
-0.0421043
0.0262064
0.0118648
0.0313123
0.00849561
-0.00348325
-0.0518312
0.00430584
0.029453
-0.0467318
-0.0125532
-0.0424714
-0.0331627
0.0293801
0.00215856
0.0198956
-0.048425
-0.029747
0.044975
0.0269878
0.0240424
0.0287258
-0.0294113
-0.0310537
-0.0413027
-0.028218
-0.0323238
0.00925734
-0.0150454
-0.0489396
0.0282056
0.0327554
-0.0214054
0.0314516
0.0282359
-0.0148539
0.0406667
-0.0190657
0.0295721
0.00361367
0.00858613
0.0274395
-0.0296072
0.0475086
-0.0376387
-0.0292652
0.0320996
0.0359152
0.0258742
0.0103313
0.0188379
-0.0459137
-0.0325081
-0.0166827
-0.0460441
-0.0340355
-0.0419779
-0.0460033
-0.0466918
0.00608109
-0.0236453
0.0303028
-0.0464836
0.0175838
0.0185736
-0.03212
-0.0156236
0.0116012
-0.0136173
-0.0122722
-0.0281586
-0.0124047
0.00028188
-0.0347719
-0.0251594
0.0319062
0.0476655
0.0428036
-0.0425584
0.0457311
0.0476468
0.0123341
-0.0418048
-0.0332858
-0.0110375
-0.0348981
-0.0414325
-0.0202176
0.029913
0.0483077
0.0450444
-0.00766025
0.0486707
-0.018689
0.0123942
-0.00138835
-0.00567246
-0.049822
-0.0445125
-0.0104749
-0.0455871
0.00104173
-0.0233757
0.019036
-0.0249134
-0.00791221
0.0399589
-0.00320792
-0.0376647
0.0163434
0.0163412
-0.0434175
-0.0236804
0.00883597
-0.024743
-0.0211036
-0.0281651
0.0501231
-0.0223272
-0.0107696
0.00301517
-0.0142698
-0.0315056
0.00616775
-0.00499271
-0.0208413
0.00969662
0.0425692
-0.0360128
-0.0312021
0.0183486
0.0295743
-0.0389668
0.000118069
0.0242589
-0.0299948
0.0272688
-0.0399034
0.00538114
0.00673099
-0.0373618
-0.0113879
-0.0095677
-0.00685537
-0.0389075
-0.0496441
-0.00433227
-0.0115212
-0.0303324
0.0162757
-0.0110881
-0.0192509
0.0194674
-0.0429429
-0.0109436
-0.029412
-0.0463805
-0.0184375
0.0384529
0.0316542
-0.024061
-0.0383964
-0.0306476
0.0148901
-0.00418475
-0.0492287
-0.0133408
-0.046789
0.0474047
-0.0116254
0.0490658
0.0192162
-0.0120885
-0.0128076
0.0265815
0.0061644
-0.0254494
-0.0406142
0.0213898
-0.0415174
-0.011866
-0.0464575
-0.0391022
-0.014345
0.0487339
-0.00758726
0.0100647
-0.01399
-0.0440812
-0.0307051
0.0177921
-0.0209256
0.0251858
0.0119357
-0.0136342
0.00499252
-0.00972721
-0.0369764
0.0254878
0.00606765
-0.0320407
0.0279888
0.00656391
-0.0203949
0.0309674
0.0333548
-0.0153421
-0.0277
-0.00250611
-0.0149875
-0.0325478
0.0464517
0.0123356
-0.050247
-0.0491497
0.0460784
-0.0384969
-0.00695752
-0.01359
0.0413755
-0.0229833
0.021862
0.030825
0.0366462
-0.0064214
-0.031307
0.0496782
0.0379635
-0.0318419
0.0115179
-0.00289587
-0.0125435
0.0190155
0.0145672
0.0397966
0.00855109
-0.0380858
-0.0454657
-0.00369955
0.00457363
0.0373852
-0.0357275
0.0036567
-0.029499
-0.0178265
-0.00295866
0.0101279
0.0402584
-0.0426839
0.00208467
0.00164506
-0.0162453
-0.0350966
0.00786261
-0.0323027
-0.0327454
-0.00342447
0.0301689
0.00192216
0.0267688
0.000736733
-0.00748006
0.0454239
-0.00829707
-0.0494917
0.00790705
-0.0383911
0.000355011
0.00723086
-0.0177059
-0.00597541
0.0331723
0.00741705
-0.0409112
0.0370172
0.0421508
0.0101313
-0.00898892
-0.0256937
-0.0239904
0.0411994
0.00813658
-0.0125817
-0.0381032
0.0411094
0.0323737
0.00308325
-0.024672
-0.039352
0.0376355
0.0215994
-0.0299058
0.035373
0.0164656
0.00460131
0.035889
0.0338901
0.0376105
0.0245257
0.0354529
-0.0316453
-0.0376866
0.000592038
0.0209653
0.0435641
-0.00045026
-0.0247091
0.0389687
-0.0314044
0.0330536
-0.0369178
-0.0280359
0.0506612
-0.0254985
-0.00366993
0.142878
-0.008405
-0.0328468
-0.00935859
-0.0109624
0.00271016
-0.00308131
0.0278799
0.0462787
-0.0278362
-0.0243831
0.00031082
-0.0383463
0.0407597
-0.0210624
-0.00529911
-0.0326327
-0.00256689
0.0285567
0.0188249
-0.0273928
-0.0179868
-0.0292447
0.013763
0.0269522
-0.00751896
0.0115105
0.0308572
0.0208532
-0.00773147
0.00258932
-0.0124165
0.0368311
0.0273362
0.00555417
0.0719293
-0.0215791
0.0513269
-0.0158426
0.0378173
-0.0356345
-0.00336846
-0.045885
-0.0693237
0.0443268
0.000171952
-0.0259592
-0.0465673
0.0263367
-0.056846
0.0239158
-0.036323
0.00320987
0.00156532
-0.0294794
-0.00444096
-0.0466553
0.0227356
0.044992
-0.0246326
0.00136929
0.0443205
-0.0430371
-0.0277556
0.0188054
-0.0221675
0.0372363
0.00114823
-0.00770431
-0.00325675
-0.0386748
-0.0510446
0.0234995
0.044599
-0.0231781
-0.0360402
0.0357699
-0.023828
0.00788768
0.0354478
0.0113228
-0.00654876
-0.0444689
0.0212719
0.0383446
0.00471149
-0.0455966
-0.00769465
0.0206608
-0.0103075
0.0352553
-0.0143312
0.0128523
-0.018343
0.0364634
0.0398098
-0.0432736
0.034046
-0.0363893
-0.00864363
-0.026336
-0.0425357
0.0273997
0.0119942
-0.020084
0.0187068
-0.0475781
0.0356624
0.00781594
0.0314761
0.00357039
-0.0438164
0.0419327
-0.0108489
0.0188578
-0.0322472
-0.016301
0.0432303
-0.00374771
0.0338825
0.0298301
-0.0473521
-0.00755629
-0.042118
0.0182505
-0.011944
0.013536
0.0439254
-0.0223655
0.0270916
-0.0230449
0.0101972
-0.0473883
0.0414165
-0.00675992
0.0346133
0.0313229
-0.00968562
-0.00958435
-0.0482566
0.0278826
0.00603276
-0.0415414
-0.0276649
-0.0450699
-0.0278262
-0.0483497
-0.0162149
0.0340179
0.0463523
0.0168144
-0.0377294
-0.0455764
0.00995432
0.0330637
-0.0180395
-0.0157736
-0.0367771
0.000718212
0.0429606
-0.00674208
-0.0386932
-0.0168422
-0.0196605
0.000365653
-0.0371901
0.0179669
0.03723
0.0381609
-0.00561461
0.00627213
-0.00452032
0.00322713
-0.0438464
0.0155867
-0.0239817
0.0106115
0.0254517
0.00347279
0.0306102
0.0213938
0.0386034
0.0495226
-0.026091
0.0477059
0.0325371
-0.0290127
0.0308684
0.0163739
0.0290273
-0.0292116
-0.0471121
-0.0149687
0.0176465
-0.00362789
0.0153039
0.0127065
-0.0355821
0.0277387
-0.0155454
0.0390671
0.0359925
0.0243959
0.0353761
0.0409973
-0.0359618
-0.0265988
0.00836867
0.0263801
0.00632092
0.0351798
-0.0381976
0.00659997
-0.0321988
-0.00380868
-0.00522546
0.0422305
-0.0446045
0.0282332
-0.0327842
0.0429539
0.0116725
0.0485902
0.0362812
0.0221594
0.026052
0.00386897
-0.00215471
0.0148469
-0.0230966
-0.00639425
-0.0344396
-0.0351404
-0.0145409
0.047473
0.0304135
-0.0162778
0.00987753
-0.0144135
0.0255395
0.00502808
0.0416145
-0.00681184
0.0266322
-0.0184885
-0.0121635
0.017346
-0.00109999
0.0369007
-0.0245503
0.027556
-0.0492959
0.024975
-0.0335823
0.00844441
-0.0268642
0.0309288
-0.00519892
0.01819
0.0427326
-0.0445895
-0.0176515
0.0472294
0.0383336
0.00371396
-0.0353914
0.0138784
0.0298219
0.0215978
0.00567093
0.0446778
-0.0377017
0.0242324
0.00978639
-0.0494734
-0.0393799
-0.0436642
-0.0299573
-0.00983229
0.00338798
0.0259586
-0.0361527
-0.00461523
0.0245909
0.0489849
-0.0406704
-0.0211536
0.0121797
0.040915
-0.00394605
-0.0241922
0.0172373
0.0214367
-0.0387685
-0.0354643
-0.0178397
0.031174
-0.0151197
-0.0438496
-0.0225172
0.0352771
-0.0194591
0.015135
-0.0327335
0.0426999
-0.0308074
-0.022456
-0.0130617
-0.0173608
0.00864251
-0.00471064
-0.0410655
-0.0274952
-0.0492343
-0.0395244
0.025031
0.0284939
-0.0323977
0.0467739
0.0248335
0.0457541
-0.0352398
-0.0131543
-0.00443621
0.0217157
0.0087959
-0.0177935
0.0197518
0.00081891
0.00826801
0.000987076
0.00636125
-0.0415906
-0.0317184
0.00824193
0.0389668
-0.00475048
0.0397627
0.0411578
0.0261678
0.0332104
0.00764308
0.0419703
-0.0408801
0.0199022
0.0354079
-0.0444742
-0.0198686
0.00539851
-0.0106301
0.0478841
0.0294004
0.0212829
0.000422802
-0.0381819
0.0385155
-0.00831503
0.0334418
-0.0132666
0.0107506
0.0465088
-0.038651
-0.0247092
0.0380268
-0.0488664
0.0217052
-0.0159506
0.00823019
-0.00265046
0.0037656
0.00638735
-0.0179832
0.00838521
-0.0134469
-0.0129426
0.0430444
-0.0155675
-0.0239658
0.0181987
0.00880277
-0.0455774
0.0383197
-0.0333035
-0.0198502
0.00690064
-0.0266109
0.0392765
0.00613093
-0.00403835
-0.0287165
0.0183672
-0.0303632
-0.0248307
0.0454671
0.0308241
-0.0160802
-0.00251201
0.0163923
-0.0465283
-0.0381876
0.0393254
0.00890948
-0.040931
-0.0400522
0.0355061
-0.018892
0.0456062
-0.0221335
-0.0295193
0.00886765
-0.0172469
0.0186832
-0.0308629
0.0365195
-0.0469458
-0.0195213
-0.0336711
0.0111118
0.0281613
0.0254119
0.0335554
-0.0461442
-0.0363094
0.0284062
-0.0216731
0.0167149
-0.0131626
-0.0489391
0.00680669
0.0276199
-0.00246229
0.00835299
-0.00886526
-0.0234667
-0.0329035
0.0392981
-0.0227164
0.0457484
-0.00291446
-0.0140435
0.0499051
0.0190877
-0.00344214
0.00932383
-0.0159538
0.0343743
-0.00683635
-0.0381267
-0.0275259
0.0189821
-0.0274626
-0.0423218
0.0163337
-0.0428741
-0.0146068
-0.00453529
0.0182506
0.00207806
0.0108999
0.0321392
0.0306519
-0.0340364
0.0203158
0.0194941
-0.0019252
-0.0215101
0.022838
0.00976146
0.0129616
0.0426064
0.0476965
0.0219454
-0.0184967
-0.0248863
-0.000123801
-0.0296645
0.046366
-0.0176415
0.0467928
0.0124451
0.0347042
-0.0496404
-0.00227664
0.00216236
0.00538062
0.0413946
-0.0332248
-0.0290979
0.042097
0.000124446
0.026641
0.0132196
0.0280952
0.041616
0.0168061
-0.0220109
-0.00835025
-0.0276319
-0.000425132
0.0325419
-0.0355484
-0.0409397
-0.00753675
-0.0192532
-0.00465507
-0.00360358
0.0451068
-0.0161311
0.0453173
-0.0378094
0.00737206
0.0461992
0.000955386
0.0414808
0.0297218
-0.0144416
-0.0315614
-7.36084e-005
-0.033599
0.0354881
-0.0302611
-0.0391313
-0.00817438
-0.0322701
0.00220577
-0.0173054
-0.00536755
0.0359451
-0.0306322
-0.0382175
-0.0117589
-0.0274924
-0.0339856
-0.00821167
0.0432107
0.0049691
0.00270379
-0.0240267
-0.0198034
0.0183841
-0.00649177
-0.0374373
0.0243491
0.0201516
0.0265109
-0.00559109
0.0422676
0.0200358
0.0188964
-0.0461827
-0.0107413
0.00932619
0.00228329
0.0144128
-0.0219714
-0.0356811
-0.0201558
-0.0461422
-0.0509734
-0.0225227
0.0196786
0.0235896
-0.00631576
-0.0113429
-0.01027
-0.0439778
-0.0138342
-0.0269069
-0.00174285
-0.0262248
-0.0406252
0.0371449
0.0264571
-0.0149369
0.0211254
0.0449888
0.0374661
-0.0411482
-0.0390598
-0.0065261
-0.00889683
0.0106049
-0.00590608
0.0245102
0.0177451
-0.0445599
0.0185298
-0.0382428
0.00332893
0.00880143
0.0177266
0.0152255
0.00237511
0.0142327
-0.00137083
0.0126163
0.0422702
-0.0167728
-0.0278201
0.00280539
0.0442681
0.0102694
0.044385
-0.00853287
0.0131847
-0.0454619
0.0487788
-0.0439129
0.0220487
-0.0358076
0.0229458
-0.00488337
0.0457531
0.0125607
-0.0079537
-0.025084
-0.0263681
0.030267
-0.0203609
0.00484643
-0.0327745
0.0256537
-0.0218834
0.0133805
-0.047009
0.0313907
-0.00128031
-0.0191894
0.0404201
0.0167897
-0.0277618
-0.0486257
-0.0132207
-0.0287093
-0.00889465
0.0260617
-0.0489246
0.00812383
0.0210831
0.0370858
-0.0390973
0.00479242
-0.01544
0.00585969
-0.0305068
0.0120969
0.0503348
-0.0070028
0.00418709
-0.0383224
0.0249331
0.0332587
-0.0209075
-0.00246373
-0.0234216
-0.0219311
-0.0108614
-0.0484035
-0.000254841
0.0178661
0.0416797
0.0178297
0.0356075
0.0227247
-0.0489373
0.0142106
-0.0344004
-0.0272844
-0.0364449
-0.00379138
0.00970962
0.0124162
0.0132984
0.0360304
-0.00568817
-0.00920762
-0.0129319
-0.0229816
-0.0163706
0.0460437
0.0220843
0.038961
0.015378
-0.0257877
-0.0252068
0.0378665
0.00533582
0.0495805
0.00717531
0.0189272
0.00174001
0.0362783
0.0298759
-0.0368859
-0.0465339
-0.0432033
0.0393988
-0.0450101
0.0353131
-0.0428936
0.00471558
-0.0110288
0.0340487
0.046708
-0.0191533
-0.0211502
0.00805023
0.0122291
0.0427701
-0.00743273
-0.0344482
0.0428052
0.0138879
0.0125851
0.0213941
0.0501912
0.0219227
-0.0290252
0.00875258
0.0113973
-0.0208635
0.0339215
0.0117288
0.041827
0.014235
0.0475508
-0.0263241
0.0315171
0.0294757
-0.0181345
-0.031083
-0.00730039
-0.0513557
-0.0318412
-0.0362684
0.0350665
-0.0385266
0.0306774
-0.00778793
0.0080064
0.00672634
-0.0366946
0.00483886
0.0355802
-0.0392298
-0.00292929
0.0198838
-0.032024
0.00896031
0.0394167
-0.00990996
-0.0124081
-0.0463926
-0.0251739
0.043771
0.0292014
0.0323669
-0.0257674
-0.000713258
-0.0236939
-0.0191884
0.0443736
0.0395116
-0.0114978
0.0127933
0.036056
0.0333828
0.0405348
-0.042333
0.0347155
-0.00987847
-0.0478719
-0.00517674
-0.00233226
0.025907
0.0373459
-0.0023154
-0.0177776
-0.024317
0.0307473
-0.0254915
0.00313527
0.00424651
-0.0471974
-0.0356569
-0.0269534
0.00457201
-0.0196593
-0.0403536
-0.0273876
-0.0157077
0.0493421
0.0305227
-0.0435972
0.0255624
0.0352168
0.02559
0.00546776
0.00889552
0.0287
-0.0194217
0.0239105
-0.0136709
0.0410053
0.0237905
0.0377935
0.00627907
-0.0381226
-0.0428547
0.0119639
-0.0211642
0.0284196
-0.0482366
0.0290098
-0.0457025
-0.00233341
0.0181557
0.0336854
0.0165221
-0.018046
-0.0202425
-0.0223425
0.0327135
-0.0445726
-0.00847754
0.00295995
0.00539533
0.0232402
-0.0384898
0.0108234
0.0384242
0.0394801
-0.0519377
-0.0195003
0.0494039
0.0165352
-0.0366038
0.0252751
-0.0414607
-0.00688508
0.0332306
0.00490882
0.00917006
0.0446941
0.0267681
0.0198861
-0.00128363
-0.00786558
-0.000233754
0.026426
0.00527128
-0.00420137
0.025434
0.0453318
0.010596
0.0365372
-0.0403171
0.0330415
-0.041827
0.0265524
-0.000246275
-0.0127846
0.00220294
0.0372679
0.0283666
0.0411325
0.0258379
-0.0355167
-0.0016055
0.0097708
-0.00565375
0.0107238
0.024114
0.0420356
0.0296324
-0.0478027
0.00359161
-0.0467573
-0.0320755
-0.0145995
-0.0308038
-0.00803527
-0.0315494
-0.0237743
0.048706
0.0473682
0.0350229
-0.0238704
-0.00307579
-0.0499436
-0.0252542
0.0210235
-0.0253575
0.01391
0.0381521
0.0239942
-0.0262778
0.0334588
-0.000393866
0.032556
0.0383021
-0.0126141
-0.0502227
0.0244368
-0.0276835
-0.0398306
0.05042
0.0117359
0.0264545
-0.0224085
-0.0143299
0.0394079
-0.03331
0.00999635
0.0480786
-0.0264972
0.0133399
-0.0323021
0.0491108
0.0129386
-0.0378203
0.0445058
0.0420154
-0.0449679
0.0320644
-0.0481168
0.0342231
-0.0485213
0.00470763
0.0494789
-0.0406547
-0.0240004
0.0313298
0.0458231
0.0139896
-0.0138167
0.0248403
-0.0234039
-0.0468688
-0.0211411
-0.0442561
0.000767155
0.0165263
0.00515521
0.0273636
-0.02951
-0.026258
0.0306317
0.0478792
0.00984928
-0.00262597
-0.00192308
-0.0218928
-0.0470749
-0.0483678
-0.0127253
0.0423132
0.00784179
0.0455338
0.00818192
-0.0498503
0.0296727
-0.0153114
-0.00200658
-0.0482417
-0.00222937
0.0312031
-0.0365414
8.05863e-005
-0.0232118
0.0382866
-0.000926335
-0.0226674
0.00107907
0.00371547
0.00810146
0.0341885
-0.00983726
-0.0189758
-0.0215993
-0.0286372
-0.00801051
0.0396021
0.0425753
0.0517276
-0.00838201
-0.0021905
-0.0502581
0.0153223
-0.0201936
-0.0333255
0.0271131
-0.0230064
-0.0217134
0.0491134
-0.0387694
-0.0025923
-0.0387309
0.0103057
0.00746807
-0.0139421
-0.00692493
-0.0102769
0.0074789
0.00569104
0.0270651
-0.0106644
-0.0225869
-0.0372744
-0.0330717
-0.00495985
0.0273332
-0.0372941
0.0453306
0.0129348
-0.00318918
-0.0412812
0.0316974
-0.0209818
-0.0219542
-0.0135699
0.000475644
0.0502809
-0.0305281
-0.0249207
-0.0107511
0.0387293
0.0449432
-0.00484771
-0.0190651
-0.0158725
-0.041167
-0.0461843
0.0337604
0.0165841
0.0283952
0.00233113
-0.033407
0.0335038
0.0176975
-0.0246089
-0.0393823
-0.0419512
-0.00392558
0.0011862
0.0198336
-0.0186323
0.0423261
-0.0320015
0.0161385
-0.00206438
-0.0104963
0.0135094
0.0053929
-0.0059403
-0.0448994
-0.0484842
0.000435665
0.0499551
-0.00701316
0.00361816
0.0215711
-0.0143611
-0.0441639
-0.0417204
-0.0217208
0.0218098
-0.0220593
0.0280572
0.0217474
-0.0160521
-0.0509386
0.00181471
0.0110326
0.00845381
-0.0151928
0.0147666
-0.019168
-0.00876205
0.0112294
0.0181056
0.0497471
-0.0423246
-0.000719428
-0.00773237
0.0499675
-0.0362737
0.0271904
-0.0276435
0.0241462
-0.0280018
-0.0372632
0.00238622
0.0412014
0.0399578
0.00944679
0.027406
-0.0348423
0.00802318
-0.0348749
0.00540486
-0.00648732
0.0227173
-0.0455577
0.048256
-0.0002001
-0.00519417
-0.0140517
0.0489155
0.00311582
0.0187386
-0.0260836
0.0244857
0.00662487
-0.0337489
0.00787914
0.0351915
0.00718305
-0.0317
-0.0179593
-0.0111578
0.0378034
0.00305615
-0.0139111
0.00896144
0.0356397
-0.00111481
-0.0457464
-0.0362072
-0.00236737
-0.0146963
-0.0131588
0.0500688
0.0228764
-0.0192392
0.0402939
0.00832211
-0.00864446
-0.0374585
-0.0181917
-0.020039
-0.0125139
0.00657689
0.0517657
-0.0176651
0.0245694
0.0351578
0.00530763
-0.00472961
-0.0404282
-0.0350906
-0.0430111
-0.141168
-0.0259922
0.0601835
0.000469084
-0.0398289
0.0159598
-0.0172571
-0.00969513
-0.0723546
0.0600694
-0.0199196
0.0310576
0.0218767
-0.038343
-0.0485203
-0.013089
0.0445435
0.00411164
-0.0161174
0.0463305
0.00729307
0.0408765
0.0416086
-0.0388742
-0.029399
0.015901
-0.028315
-0.0160014
0.0274424
0.0214332
-0.00680412
0.0142114
0.00594125
-0.0361374
0.00192772
-0.0922451
0.0221069
-0.0295401
-0.126795
-0.0952288
-0.0366226
-0.0388589
-0.0355426
-0.0203869
-0.0515834
0.0403344
-0.0081479
-0.042614
0.0142306
0.0519633
0.0563784
0.0394975
-0.0107012
3.77205e-005
-0.00801212
0.0240151
0.0309044
0.026842
0.00753589
0.011331
-0.0418928
0.000370902
-0.00138746
-0.0303476
-0.0232183
-0.0394696
0.0489167
0.0193119
0.00958855
-0.0300787
0.0431004
-0.048243
0.03367
0.0120605
0.00562624
-0.00540942
-0.0405914
-0.0397599
-0.0346785
0.0105151
0.0192532
-0.0485107
-0.0204961
0.0274815
0.0501919
-0.0078059
0.00545195
-0.0391025
0.00275961
0.0149815
0.0491913
-0.0477651
0.00522708
0.0316699
0.0167361
-0.0142497
0.0357442
0.00559836
0.0285238
0.0459185
0.0272835
0.0455972
0.0155599
-0.0277244
-0.0213275
-0.0043109
-0.00136439
0.0443426
-0.0240289
0.00887466
-0.0448314
0.0499423
-0.024472
-0.0444582
0.00925828
0.0426144
0.000705492
-0.0143439
-0.0217422
0.0585464
-0.0108743
-0.0338435
0.0228085
-0.0379722
0.0319308
-0.0325356
0.019982
-0.0376893
-0.134434
0.012064
0.043775
-0.0167331
0.0325245
-0.0304762
0.00494024
-0.0274427
-0.0215889
0.0494196
-0.019188
-0.0267246
0.0493901
-0.00823921
0.0480172
0.0462484
-0.04594
0.0378441
0.00783702
0.033456
-0.0530675
-0.050002
-0.0116911
-0.00408613
-0.0158062
-0.0338437
-0.042365
-0.00754478
0.0146746
-0.0374943
0.0412585
-0.00445076
0.00800091
0.0304485
0.00646964
-0.0672448
0.00577589
0.00946562
-0.116048
-0.0548416
-0.0332941
0.0351632
-0.0337727
0.031382
-0.0566374
0.0187632
0.0109639
0.013392
0.0246283
-0.0359411
0.034688
0.00553736
-0.046777
-0.0278985
0.0231682
-0.0436482
0.0380297
0.0268637
-0.0187667
-0.0244203
-0.0167398
0.0204311
-0.0385719
0.0166173
0.0387102
0.017101
0.0258438
-0.0420311
-0.0313216
-0.0105959
-0.00134965
0.00968864
0.0421681
-0.0492742
-0.00229376
0.0388124
-0.012869
-0.0394228
0.0419068
0.0404238
0.0110547
0.0359008
-0.0440527
-0.00388412
-0.0285631
-0.0278558
-0.0418819
0.028681
0.00389077
-0.0475337
0.0271933
0.0381811
-0.0272294
0.0196415
0.0140517
0.00658823
-0.0215922
-0.0296509
0.0417356
0.0444256
0.0434013
0.00345539
0.0226992
-0.00613963
-0.0484009
0.0205593
0.0115853
0.0265205
0.0376947
0.0425466
0.00829304
-0.0161499
0.033078
0.0460563
-0.043354
0.00934695
0.0112482
-0.047538
-0.0264166
0.0455595
0.00104643
0.00847953
0.0311674
-0.00146072
-0.0453436
-0.0265782
-0.00629856
0.0372796
-0.0311374
-0.0463654
-0.0222759
0.00439403
0.00439436
-0.0140379
0.00715373
-0.0426772
0.00429992
0.0412732
0.0423049
0.00659895
0.0169093
0.0507637
0.0313801
0.0495385
-0.0203283
0.0475151
0.014271
0.0431957
0.00734487
-0.0433799
-0.0104174
-0.0236461
0.0293241
0.0239228
0.0278459
-0.0329696
0.0252144
0.0116675
0.0452806
0.00317414
-0.0406767
-0.00598169
0.0383819
-0.0311193
0.0438071
-0.0309638
0.0322717
0.0301774
-0.00857823
-0.0327765
0.01359
-0.0169055
0.029493
-0.0476138
-0.0216901
0.0405461
0.0208314
-0.0474383
-0.0128011
-0.0228118
0.0136563
0.0378581
-0.0264188
0.0552989
-0.0428132
-0.015127
-0.0331229
0.039476
0.024991
-0.01744
-0.0482886
0.0369863
0.000530307
0.00712409
-0.00675144
0.00546455
-0.0234809
0.0470751
-0.036839
0.0424679
-0.0343896
0.0320236
0.0101513
0.0484471
0.0287139
-0.0223124
-0.0425175
0.051387
0.00326363
0.0353852
-0.00933822
0.0101093
0.00886016
-0.0399656
0.0344809
0.00941823
-0.0413437
-0.0299555
-0.0181438
0.0128119
-0.0187436
0.0293918
-0.019173
0.0366409
0.0132037
0.0268463
0.0142968
-0.0371693
-0.0341682
0.0266052
-0.0381138
0.021769
0.000731932
0.0305188
0.008885
-0.00856062
-0.0372104
0.00071909
-0.0213241
0.00579291
-0.0386842
-0.0347659
-0.0381444
-0.0151416
0.0261252
0.0118119
-0.0164049
-0.048527
0.0368337
-0.0242316
0.0358514
-0.0382492
0.00709387
0.0494428
0.00843125
-0.00819045
0.00884105
0.00774935
-0.0325037
-0.0326276
-0.0292858
-0.0339705
0.0507313
-0.025216
-0.00590741
-0.00349929
0.0262825
-0.019462
-0.0251939
-0.0131033
0.00819206
0.0460203
-0.0199019
0.0184724
0.0145652
-0.0114945
-0.023996
-0.0239585
-0.0127913
0.027905
0.0290588
0.0202758
-0.0323137
-0.0422373
-0.00190234
0.0144662
0.0119493
-0.00948679
0.015352
0.0369702
0.0121113
0.0419881
0.0176897
0.0419261
-0.0324685
0.00809017
-0.0489541
-0.0130379
-0.0179318
-0.0088615
0.0417441
-0.0251126
-0.0126523
-0.0184968
-0.0399694
0.00356558
0.049308
-0.042435
-0.0410666
-0.013608
-0.0112272
0.00564592
0.0128531
0.0465824
0.0334005
-0.0325901
0.000690135
0.0360146
-0.00564253
0.0276537
-0.0263205
-0.0180694
-0.0190287
0.0162646
0.0256872
-0.015707
-0.000841116
0.0127422
-0.0580138
-0.0239766
0.0469507
-0.0244405
0.034959
0.0384382
0.0180803
-0.0277942
-0.0473364
0.044916
0.0536977
0.0341182
-0.0420006
-0.0353019
-0.0036788
0.00951277
-0.0326648
-0.00812647
0.00192655
0.0315378
-0.0230804
0.0402104
0.00655729
0.0281234
-0.0393994
-0.0474282
0.012273
-0.0591028
-0.0381787
0.0284016
-0.000462992
-0.0698605
-0.0500627
0.0250154
-0.0310897
-0.017483
-0.00746529
0.0221896
0.013613
0.0115709
0.0075984
-0.0251589
0.0177855
-0.029692
0.0192201
-0.0415753
0.010296
-0.00570353
0.0166639
0.0142228
0.0219975
0.00607691
0.0278279
-0.0473094
-0.0285936
-0.00713296
-0.0236063
-0.0522978
-0.0598815
-0.0386601
0.0303257
0.0156809
-0.00974135
-0.0207027
-0.0110554
0.0388528
0.00301562
0.0492091
-0.0324408
-0.0433851
-0.0147976
0.00275025
0.0283536
0.0345523
0.0362912
-0.0415469
-0.04465
0.024118
0.0494054
-0.030647
-0.00144069
-0.00708448
-0.0379927
0.0151775
-0.020041
0.0428904
0.0435862
0.0437963
0.0387666
0.0504476
-0.0580895
-0.00114239
0.0311559
0.0463763
0.0320401
-0.0485194
-0.0319731
0.028211
-0.0428002
0.00572387
-0.0481316
-0.0419664
0.0375391
0.0348215
0.0163628
-0.00686966
0.0409453
-0.0508141
-0.0158641
0.040627
0.0125669
-0.0272694
0.0214822
0.0486885
-0.0187603
-0.00843782
-0.0226565
-0.0381178
-0.0182012
0.027791
0.0922071
0.0374224
-0.0168358
0.0244102
0.015718
-0.0290984
-0.0425483
-0.00446772
0.015664
0.0295025
-0.0566828
-0.0294827
-0.046016
0.0216747
0.0363519
-0.00933842
0.0405324
-0.0452307
0.00779967
0.00872377
0.0168779
0.0070041
-0.00877381
-0.0144578
-0.0493072
0.0504178
-0.0330529
0.0426265
0.004894
0.00590513
0.00276957
-0.0244661
0.0286934
0.04848
-0.000950313
0.0287804
-0.0318864
0.0221655
0.0389788
0.087955
0.0191805
-0.032325
-0.0177079
-0.0488585
0.00632618
0.00318153
-0.0387207
0.0202964
-0.0337087
-0.0231529
-0.0158266
-0.0317878
-0.0271286
0.0152469
0.0337097
0.0165607
-0.0389214
-0.0415134
-0.0237472
-0.0186034
-0.0226693
-0.0431744
-0.0246635
0.00980178
-0.0581474
-0.00296725
-0.0311852
0.0207117
-0.0288738
-0.0151153
-0.0171381
-0.000422678
0.000161462
0.0270216
0.014844
-0.0396039
0.0448751
-0.0341554
-0.0237547
0.0339291
-0.00183369
0.00944307
0.0466329
-0.00968358
0.0362093
0.00875614
0.0215878
0.0449857
-0.0258575
-0.00981556
-0.00904937
-0.00295089
0.019322
-0.0508976
-0.0311042
0.0266737
0.0299408
0.0217189
0.0309157
-0.0436435
-0.0250004
0.00364289
-0.012278
-0.0157144
-0.0332982
0.0501213
0.0255306
-0.0215345
-0.00424131
-0.0316871
-0.0216925
-0.0165929
-0.0355956
0.0464553
0.0209422
-0.0457657
-0.0069897
0.0162616
-0.0473883
-0.0324041
0.0122223
0.0238561
-0.00947358
-0.0193961
0.00211248
0.00282607
0.0102704
-0.0459413
-0.080796
-0.0201606
-0.0483455
0.0283134
0.0363973
0.0154837
-0.00119403
-0.0159984
0.001609
0.043342
-0.00610311
-0.0125165
0.0293079
0.00342093
0.0264444
0.0176112
0.0238827
-0.0449704
0.0280824
0.0270668
-0.0296947
-0.0125288
-0.0177674
0.0287537
-0.0456778
0.000612278
-0.0410599
0.00624169
0.018428
-0.0260433
-0.0143377
0.0341903
-0.0150872
-0.00589902
0.0319498
-0.0787254
0.0207597
0.00980403
-0.0245446
-0.00852313
0.024061
0.00569321
0.0242042
-0.0355771
0.00922783
-0.0189707
0.0323832
-0.00564348
-0.0160979
-0.0296352
-0.015313
-0.0176045
0.000822274
0.00420122
0.0279494
0.025549
-0.00868831
-0.048127
-0.022288
0.0425742
-0.0131104
0.0206698
0.0513224
0.0241597
0.001766
0.0147014
0.040014
0.0121
-0.00401829
-0.0501402
-0.00920334
-0.0445464
-0.0367742
-0.0196483
-0.0216519
-0.0303719
0.044893
0.0342581
-0.017912
-0.0236044
-0.0387277
0.00701046
0.0374983
0.0478256
0.0183727
0.0507451
-0.0267363
-0.0355097
-0.0409264
0.0414504
0.0400453
0.048389
-0.0428569
0.0153587
-0.0260661
0.0336855
0.0248811
0.0436746
0.03651
0.0124343
-0.0440311
0.0236321
0.00832785
-0.0457606
-0.0375892
-0.0317853
-0.0365927
-0.0414469
0.0330365
-0.028224
-0.0275418
0.00386568
-0.0319285
0.0118338
-0.00591765
-0.0272222
-0.0257121
0.021648
0.0133842
0.0217164
-0.0106693
0.0164826
0.0358257
-0.024845
0.0109329
-0.0501878
0.0151336
-0.0449666
0.0104582
0.0312269
0.00780954
0.0384516
-0.012938
0.0418551
-0.0148884
-0.0345226
0.0414301
-0.0472779
-0.0368357
-0.0233702
-0.00526197
-0.0452272
-0.0175078
-0.000959734
0.0101991
0.0273345
-0.00641636
-0.0138203
0.0253128
0.0387541
0.0343821
0.00301393
-0.0158427
-0.0106411
-0.040894
-0.0397652
0.0485466
0.0414346
-0.0331009
0.024346
-0.00308956
-0.0126931
0.0378355
-0.0386719
-0.00819975
0.0356806
-0.0307651
-0.0301986
-0.00701813
-0.0263324
-0.0195155
-0.0427296
0.0381928
0.045905
0.0375509
0.00722396
-0.0366648
0.0439268
-0.0300716
0.00769036
0.0332689
0.0361854
-0.0455053
-0.0447998
0.0274179
0.0350029
0.0097632
0.0400179
-0.000358819
0.0074125
-0.00366637
0.0141285
0.0400282
-0.0279258
-0.0155686
-0.0510686
-0.00227988
0.0178215
-0.0304924
-0.0189957
-0.00879982
0.0416992
-0.0100769
0.0265685
0.0135522
0.0330664
0.0127162
0.0089562
-0.0284456
0.0243986
-0.0421937
0.0335379
-0.00712734
-0.0440966
-0.0406478
-0.0382965
-0.0276166
-0.0165228
-0.0110972
0.0230892
0.0417651
-0.00297718
-0.0380927
0.0258519
0.00203378
0.00190357
0.00516889
-0.028323
-0.037153
0.0172942
0.052083
-0.0273111
-0.0229499
0.0217045
-0.0420527
-0.00248164
0.0260183
0.0175209
0.0285729
-0.0274485
-0.00533524
-0.00884907
-0.00011408
0.0076983
0.0156669
-0.0239083
-0.035466
-0.0386558
-0.0155593
-0.0341147
0.00209629
0.0315496
-0.0500924
0.0520876
-0.00544145
0.0217788
0.00862056
0.0188931
-0.0286958
0.0457755
-0.0378738
0.0438847
-0.0311336
0.0175881
-0.00803532
-0.0124717
0.036228
-0.0104182
0.0043074
0.0224332
0.016733
0.0303229
0.0310113
-0.0396959
-0.0403169
-0.0159566
-0.0290159
-0.034882
-0.00459475
0.0149829
-0.0427557
0.0395542
-0.0482291
-0.0355402
0.045742
0.0495354
0.0493007
-0.0164869
0.0363233
0.0132864
0.0349625
0.020028
0.0226242
-0.0113246
0.0402902
-0.0333062
0.0352781
0.0057583
0.034971
-0.0121816
-0.0488923
0.0440525
-0.0318553
-0.00589277
0.0545906
-0.0226024
-0.0429032
0.0485691
0.0203883
0.0212731
-0.0388438
0.0232491
-0.0113117
0.0386477
-0.0428139
0.0180971
-0.0252181
-0.0159069
0.00518964
-0.0491339
0.0498239
0.0281333
0.000801198
0.0363508
-0.0304985
-0.0387631
-0.0278325
-0.000849259
0.00211879
-0.0466034
-0.0248649
-0.0169173
0.00681987
-0.054195
-0.0186501
0.0391236
0.0360576
-0.0469618
0.0370833
-0.0133184
-0.041133
-0.0469972
0.0386854
-0.038392
-0.0443742
-0.0300899
0.0254577
-0.0278188
0.018893
0.0501331
-0.0238173
-0.00840528
-0.0425331
-0.0111945
0.0140281
0.0236781
-0.0183474
0.00566226
0.040026
-0.0440051
0.032707
-0.0182857
-0.007955
-0.0455973
-0.0300351
-0.00330528
-0.000157611
-0.0448934
0.0273375
-0.00664882
-0.00657085
-0.0413292
0.0347524
-0.00982927
-0.00906096
0.0113743
0.0169714
0.0109066
-0.0254443
0.00115204
-0.0277456
-0.0329401
0.0446863
0.0245196
-0.0492677
-0.046229
-0.0227443
0.0462722
-0.0435066
0.0355231
0.00926523
-0.0250521
-0.0119757
-0.00969011
-0.00882849
-0.0225197
0.00910928
-0.0299611
0.0398668
-0.0294777
-0.0409893
-0.0453773
0.0580712
0.0225711
0.00452975
-0.0212634
0.0279876
-0.0127169
-0.00357543
-0.00803348
0.0234602
-0.0282
-0.0394918
-0.0319285
0.0325275
0.002731
-0.036412
-0.04281
0.0532664
0.0284467
0.0191141
-0.0123613
0.0110963
0.0450438
-0.0174545
0.0395935
-0.031037
0.00705942
0.0159251
0.0405622
0.0418002
0.0466678
0.0206021
-0.0412499
-0.0236025
0.0100918
-0.0396222
-0.026601
-0.00800041
-0.0161089
-0.00402941
0.00907738
-0.00467534
0.0363545
-0.0489383
0.0153695
0.00699357
0.0135518
0.0143715
0.0236234
-0.0259112
-0.0174125
0.0108972
0.057802
-0.0353743
0.0512258
0.0164533
-0.0401933
-0.0104239
-0.00895954
-0.0459319
0.0310532
-0.0204475
0.0252976
-0.00686596
-0.0255263
0.0310167
-0.0284649
0.00941746
0.0476601
-0.0353552
0.0010206
0.0135992
0.0317969
0.0269728
0.0448034
0.0273662
0.0504938
-0.0051914
0.0111423
0.0387878
-0.00789426
-0.0346657
-0.0437183
0.0262837
0.000564736
0.0492081
0.0498852
0.0424401
-0.0399943
0.0495032
-0.0271361
0.0344941
-0.037318
-0.0390641
0.0235635
0.0362543
-0.0143485
-0.0166251
0.0266919
0.00875314
-0.0130994
0.0359918
-0.0116728
0.00471308
-0.00805549
0.0307788
0.0379512
0.00789759
-0.0302565
-0.00194111
0.0463555
0.0204848
0.0194505
0.0261659
0.0368734
-0.0338835
0.0204644
-0.0333791
-0.0548177
-0.0497677
-0.00329228
-0.0125789
-0.00718264
0.0463028
-0.0410614
-0.0424684
-0.00532696
-0.0242128
-0.0121598
-0.00480882
-0.00440671
0.0246573
-0.000813096
-0.010583
-0.0472457
0.0142542
-0.0144332
-0.047694
0.0315409
0.0331577
-0.0334257
0.0267943
-0.0488615
0.0457513
0.0131318
0.00775739
-0.00997797
-0.0276064
0.0482227
0.0383282
0.0450162
0.0468587
0.00732725
-0.0355616
-0.0369514
-0.0163468
-0.00655082
0.0398975
0.0349221
0.0402331
-0.0296695
-0.0387448
-0.0094592
-0.0449919
0.00577459
-0.000494568
0.0237131
-0.0293177
-0.0197364
0.0187017
0.0510786
-0.0250281
-0.0476984
-0.00545446
-0.0133078
-0.0683822
0.0199817
0.0173074
-0.0355036
0.0127954
-0.00622417
-0.00160025
0.0350111
-0.0534118
-0.0129627
-0.0157228
0.002019
0.0198303
0.0350528
0.0405818
0.0310147
0.010952
-0.00702833
0.0360112
-0.00304328
0.0424509
0.0445206
-0.00305732
-0.0183295
-0.0392107
0.00242982
-0.0228733
0.000597902
0.0241308
-0.041033
0.0243484
0.0388074
0.00851619
-0.00235643
-0.0253282
-0.017461
-0.0277176
0.00340245
0.0056688
-0.0540656
0.0420195
-0.0101273
0.00633216
0.0116154
-0.0519102
-0.0432836
0.00771541
-0.00698701
-0.029018
-0.0450333
0.00312191
0.0207174
0.0255898
-0.0317913
0.0327977
0.0109456
-0.028723
0.0391027
-0.0419976
-0.00833219
0.0172254
0.0144889
0.0319756
-0.0425036
-0.0464554
0.0421792
0.0136632
0.0377549
-0.0157362
0.0401102
-0.00654704
-0.0293735
-0.00450598
-0.0333776
-0.0330501
-0.013093
-0.0362066
-0.0325005
-0.0248266
-0.00750463
-0.0411285
-0.0471606
0.0354905
0.0301056
0.0198016
0.0366988
0.0306041
0.0364172
0.0454701
-0.039869
0.0229861
-0.00810679
0.0090523
0.00252963
0.0500787
0.00449944
-0.0283739
-0.0327516
-0.0253774
0.0322484
-0.0152075
-0.0147806
-0.00831945
-0.0342183
-0.0448466
-0.0377095
0.0093443
0.00717808
-0.0304928
-0.0308834
0.0089315
0.0575567
-0.0104466
0.0212132
-0.0471354
-0.0115804
0.0108027
0.0264181
-0.0293446
0.00640206
0.0315726
-0.00385728
0.0075142
0.000580265
-0.012884
-0.0225693
-0.0207411
0.0289117
-0.0491834
-0.0352543
0.010348
0.0127323
-0.0272786
0.0279016
0.0340502
0.00427969
0.0338297
-0.0171181
-0.00245416
-0.03406
0.0290804
0.043749
-0.0462597
0.0544345
-0.0135412
-0.0152123
0.0134327
-0.0181562
-0.0512741
-0.0289611
-0.00279807
-0.0481002
0.0334127
0.0279267
-0.0386654
-0.0161986
0.0471052
0.0335097
-0.00791229
-0.0279865
-0.0418428
-0.000275961
0.0136735
-0.0460485
0.0394353
-0.0483698
-0.0272872
0.0250656
0.0416379
0.0337319
-0.0468841
0.0151599
0.0125464
-0.026911
-0.0177515
0.010836
0.023412
0.0165111
0.00177717
0.0322629
0.0134543
-0.048848
-0.0234234
-0.0295402
0.0330708
0.00936502
0.0468528
0.00325573
0.0415636
-0.017381
-0.0211028
0.035938
0.00553928
0.0367929
0.0352416
0.0437182
0.0112543
-0.00140693
-0.0473024
0.0237527
-0.0487216
-0.00338189
-0.0427862
0.0100167
0.00709685
-0.0492657
0.00930207
-0.050934
-0.0453022
0.0446383
0.0172692
-0.00153857
-0.011788
0.00525379
0.0286306
-0.0256356
0.00550954
-0.03343
0.0187804
0.00977319
0.040373
0.0414013
-0.00149681
-0.0423699
0.00383315
0.0117431
-0.0364155
-0.0288613
-0.0383539
0.0145423
-0.01531
-0.00308148
0.0210593
0.0379718
-0.0223135
0.00412182
-0.019931
-0.0351337
0.042324
0.0309304
0.0299088
-0.00654893
-0.0232293
0.0165997
0.00527697
-0.0215857
-0.0402279
0.0246614
-0.000513816
-0.00434422
0.0346247
0.0475485
0.0285926
0.042485
-0.0155303
0.0286605
0.0323232
-0.00288174
0.0230241
0.00267522
-0.0140888
0.0336552
0.0320958
-0.0387193
-0.0148
-0.0230615
-0.0503834
0.0363917
0.0385881
-0.00393399
0.0262745
0.0439032
-0.0324946
0.0419399
-0.0315746
0.00193766
0.0286248
0.0387127
0.0196405
0.0296242
0.0320735
0.0390349
-0.0376781
0.0441507
0.0367915
-0.0489647
-0.0126798
-0.0159181
0.0377357
-0.0164636
-0.033889
0.00796585
-0.00401819
0.0416664
0.0130539
-0.0163251
-0.0446391
0.00768772
-0.0313605
0.0324215
0.039409
-0.0325866
-0.0483438
-0.0468193
-0.0461402
0.0214912
-0.00761956
-0.0336533
0.0327631
-0.0453982
-0.0105987
0.0218264
0.0108357
0.0252468
-0.0320091
0.0378658
0.0246895
0.0260617
0.0290633
-0.0450084
-0.0342109
-0.0315434
0.0482495
-0.0418994
0.0375818
0.0152686
-0.000458676
-0.0264868
0.0317618
-0.0324316
-0.017091
0.015491
0.0191789
-0.0183854
-0.0422323
0.0282517
-0.0404299
0.0404742
-0.044946
0.02705
0.0263795
0.0224511
0.0201733
-0.0177608
0.0133216
0.0323941
0.0197577
0.0328802
-0.0389546
0.0464327
-0.00866237
-0.02829
0.0131391
0.0359382
0.0221689
-0.00429039
-0.0119397
0.0504182
0.0272451
0.00679743
-0.0318328
-0.0207496
-0.0397507
-0.00886318
0.00537691
0.00527659
-0.0487949
-0.0114814
0.0425541
-0.0291014
-0.0255034
-0.0358235
-0.0496612
0.0493975
0.0145123
0.0473705
-0.00656287
0.0130496
-0.00717882
0.0366546
-0.0383864
0.0254104
-0.00636402
-0.0309523
-0.0205675
-0.0368998
-0.0223175
-0.0361587
0.0496584
-0.0186573
0.0444271
0.0581052
0.0215554
0.0314591
0.0028675
-0.035986
-0.00841037
-0.0100995
-0.021841
0.0247996
0.0335159
-0.0478909
-0.0313856
-0.0177202
-0.0260112
-0.0406949
0.0217526
0.0510912
0.00183745
-0.00887836
-0.0400352
0.0407098
-0.048704
-0.0372392
0.0287718
0.0421307
0.0436933
0.0429869
0.0262155
-0.0276605
-0.0454116
-0.0045726
0.00833417
0.0354675
0.0132782
-0.0301827
0.0391022
0.027561
-0.048249
-0.00889419
-0.0315368
-0.00283731
0.03574
-0.00729988
0.0268796
0.0292506
-0.00166316
-0.00847614
-0.0334404
0.0169664
0.0276619
0.0326175
0.00810786
0.0462898
0.0142784
0.0042876
0.00272285
-0.00390442
0.0559019
-0.0164436
-0.039712
-0.0218431
-0.041145
-0.00906401
-0.00692272
-0.0210272
-0.0389687
-0.00314038
-0.000483392
-0.0466952
-0.0501237
0.0167637
0.0332875
9.99167e-005
0.0303729
0.0370159
-0.013346
0.000554061
0.0284605
-0.00220069
-0.0268517
-0.00998307
-0.0146139
-0.00187668
0.0111885
0.0146386
0.0240156
-0.0150675
0.0285003
0.0252165
-0.0331184
0.0253476
-0.0363
-0.0150323
-0.0412663
0.001492
0.0645981
0.0451201
0.0186817
0.0160625
0.0373873
0.0261403
0.0146665
-0.0366145
0.0365376
-0.00103891
-0.0113422
0.0499231
-0.0272684
0.0391859
0.0329983
-0.045212
-0.0083833
0.0543982
0.0381649
-0.00662887
-0.0380833
0.0228221
0.0174558
-0.0283606
0.0284585
0.0141315
-0.0136329
-0.00473044
0.0121385
-0.0344054
-0.0459792
0.0225645
0.0314651
-0.0130568
-0.0320762
-0.0423159
-0.0327685
0.00174027
0.0356777
-0.0435278
0.0100238
0.0184731
0.0469726
0.00889764
0.00902257
0.00464384
-0.0172004
0.0436199
-0.0356526
0.0244338
0.0379338
0.0059347
0.0421258
0.025512
0.0293056
0.0400973
0.0111014
0.0244403
0.014511
-0.0422467
-0.035063
0.0425423
0.00250927
0.0252989
0.0318166
0.0440777
0.0386808
0.041022
0.0430191
0.0384668
0.0175058
0.0163897
-0.0029909
0.0324162
0.0322007
-0.00254163
0.0175185
0.0180226
-0.00899378
-0.0304296
0.032337
-0.0317857
0.00663787
-0.0281918
0.0492338
-0.0251787
0.039923
-0.0175434
0.00508757
0.041277
-0.0390012
-0.0252201
-0.0338292
-0.0152538
-0.0282989
0.0163504
-0.0103686
-0.00310464
0.0479234
0.0291489
-0.0299529
-0.0227901
0.0486681
0.00511542
0.0472674
0.0264059
0.022316
0.0249604
0.0126922
0.0162453
-0.0093038
0.0432054
0.0450427
0.014723
0.0377477
-0.0042698
-0.0231522
0.00819276
-0.0273787
0.0206407
0.0119393
-0.0109673
0.0163633
-0.0336991
0.00257708
0.00563949
-0.0419186
-0.0187099
0.00406755
0.00285181
-0.0126352
-0.0203485
-0.0130759
-0.0454082
0.0363428
-0.0102544
-0.0179334
0.0129913
0.0202683
-0.00411219
-0.016027
0.0417025
0.0319203
0.00653376
0.019906
-0.013772
0.0511821
-0.025846
0.0208868
-0.0438757
0.037862
-0.0432053
-0.00281735
0.0457999
-0.0350266
-0.00369287
-0.0174814
0.0162575
-0.00132558
-0.0178288
-0.0485533
-0.00742414
0.0400453
0.00442252
0.0346138
-0.000643635
0.0129247
-0.0350904
0.0290932
0.0166702
-0.0111067
-0.00366717
0.0294051
-0.0301552
0.0494907
0.00985788
0.00317989
-0.0120709
-0.0309004
0.022911
-0.0118316
0.0427884
0.0165737
0.0483494
-0.0526106
0.00993827
0.0249075
0.0256041
0.0259048
0.0242311
0.0344766
0.0398442
0.00377823
-0.00160704
0.0415896
-0.0384092
-0.0370126
0.0215809
-0.00912307
0.00775836
-0.0410628
0.0144059
0.0118977
0.0213261
-0.000167981
0.0349952
0.00936534
0.00614109
-0.0599188
0.0227411
-0.0453298
-0.027174
-0.0277838
-0.0250695
-0.0349897
0.0342587
0.0382566
-0.048121
0.0280585
-0.0447397
-0.0114648
0.0148431
-0.0274629
-0.033841
0.0496281
-0.0403963
0.022985
0.0065553
0.0211651
0.0382369
0.0393532
0.0363624
-0.00132128
0.0213407
-0.0482024
-0.0139049
0.0368317
-0.00714387
0.009892
-0.0169323
-0.0100626
-0.0151081
0.00992592
-0.0275996
-0.00159137
-0.0411717
-0.0467139
0.0144687
-0.0396521
-0.0657968
-0.0298714
-0.0429424
0.0109672
0.000882975
-0.00435273
0.0136754
-0.0343744
0.044728
0.00291002
0.0254091
-0.000129721
0.0333659
0.0328606
-0.00542692
-0.0589411
0.0243843
-0.0478046
0.023385
-0.0195493
-0.02853
-0.0353389
0.0353256
0.012514
-0.00240307
0.0493365
-0.0103409
-0.0426774
-0.0103692
-0.0148689
0.0421612
0.00555277
0.0390803
0.0327778
-0.0206925
-0.0133936
-0.0479847
-0.0213817
0.0278679
-0.0358817
0.0281258
-0.045662
0.0186984
0.037243
0.00833978
-0.0317037
0.00260467
0.0413396
0.0280143
0.0202114
0.00787787
-0.000145398
0.00533915
-0.0342163
-0.0251438
-0.00565633
-0.0255465
0.0262886
-0.000902242
-0.0227087
0.0458942
-0.0488651
0.0451871
-0.0385007
-0.00833492
-0.0212087
0.0338191
-0.0114773
0.0121723
-0.0385059
-0.0380947
0.0119864
0.0370218
0.0439325
-0.00574863
-0.013105
0.0339828
-0.0113169
0.0413294
-0.0173311
0.0330339
-0.0263502
-0.0215922
0.0338818
-0.0206236
-0.0283992
0.0237994
0.000451121
-0.00583875
0.00736223
-0.00909608
-0.0328908
8.20638e-005
0.0403845
0.0200737
0.0202401
0.0154017
-0.00601861
-0.0112897
0.0222732
-0.0299728
-0.0467847
0.0163352
0.0291997
-0.0204554
0.0043056
-0.017778
-0.044734
-0.0157992
-0.0108367
-0.032358
-0.00376729
-0.0335781
0.0229613
0.0151798
0.0507542
0.0343459
-0.0284842
0.0242874
-0.0362821
-0.0349025
0.0106694
-0.0258248
-0.0445918
0.0226194
0.00696821
0.0345954
-0.0164736
-0.0244034
-0.0283859
-0.0193285
0.0268179
-0.0547109
-0.0287551
0.00375775
-0.00331969
-0.00367288
-0.0255573
-0.00474302
-0.0449291
0.00660498
0.0375189
0.00367396
0.000388405
0.0160701
0.0233224
0.0298494
-0.0173189
0.0310849
-0.0486165
0.0342587
0.0034506
-0.0137681
-0.0443725
-0.0176671
-0.045605
-0.0276114
-0.00965175
-0.00331908
-0.0471025
-0.0293743
-0.0464815
0.0130142
-0.006018
0.0375581
-0.0131567
0.020444
0.0251085
-0.0174499
0.0386661
0.0320682
0.0137857
-0.0195999
0.0469997
0.0115995
-0.0451916
-0.000186566
0.0209664
0.0215983
0.0235645
-0.0091694
0.0315687
0.0497005
-0.00239747
-0.00574491
0.0216218
-0.0441977
-0.00045108
-0.0122299
-0.0121749
-0.00459496
0.0422118
0.0146781
0.0176924
-0.0312202
-0.055386
0.00946622
-0.0398984
0.000523473
0.00776178
-0.00267101
-0.0317901
-0.0458391
-0.00551312
0.0205295
-0.0178726
-0.0379524
-0.0390114
-0.0386806
-0.0409909
0.0387038
0.02315
-0.042939
-0.0529865
0.0245887
0.0191944
-0.0366845
-0.0244407
0.0454977
0.0161748
0.00210271
-0.00711473
0.0104997
0.0532966
0.00378711
0.011563
-0.0265409
-0.0137932
0.0276531
0.0151878
-0.00053827
-0.0158691
0.0456711
0.037791
0.0411918
-0.0175541
-0.0294634
0.0351787
-0.0412041
-0.0457381
0.0048366
-0.0123313
0.00139943
-0.0309636
0.0283361
-0.0145843
-0.0123964
0.0365758
0.0313698
-0.0464179
0.0336859
0.0368733
-0.0435494
-0.0155454
0.0382601
-0.0155224
-0.0401814
0.0252876
0.0310171
-0.0362549
-0.013141
-0.0206052
-0.0282259
0.0466857
0.00217351
0.030696
0.0204395
0.0360997
0.045305
0.0405868
-0.0183457
-0.0162324
-0.0263723
0.0235272
-0.0184296
0.0116018
0.024967
0.0310268
0.0391284
-0.0365671
-0.0198841
-0.00453289
-0.00538364
-0.0128505
-0.0392601
-5.35172e-005
-0.0197943
-0.0288852
0.0238723
0.0392646
-0.00422155
-0.0241525
-0.00608688
0.0233532
-0.00515803
-0.00949998
-0.0131205
0.0161733
-0.0103934
-0.0271807
-0.0303275
-0.00116031
-0.0155206
-0.0174881
0.0194988
-0.0552189
-0.0499308
0.0248707
0.0387978
0.0422586
0.0436452
-0.0271568
-0.00779616
-0.0281099
0.0457796
0.0328954
0.022439
-0.0339495
-0.0301009
0.0130829
-0.0212594
0.0214623
0.0229441
-0.0283439
0.0370179
0.0142547
-0.0332604
0.000347576
0.0367672
0.0390376
-0.00113045
-0.0322419
0.0291707
0.0142437
0.0245621
0.00461863
0.00132276
0.0349119
-0.014517
0.0151501
-0.0352681
0.0279897
0.0202964
-0.0221524
-0.0473838
-0.014804
-0.0089175
-0.00780152
0.0397885
-0.00883348
-0.0471468
0.028905
0.00657889
0.013671
-0.00465823
0.0329499
0.00511229
0.0461815
0.0127745
-0.0252228
0.0120032
-0.0131024
-0.0119498
0.0308958
0.0482753
0.0265835
-0.0206097
-0.0197603
0.0167811
-0.0433619
0.0313862
0.0479665
-0.0197755
0.0396975
-0.02613
-0.0484326
0.0350013
-0.0239909
-0.0159135
0.0183015
0.00559879
0.0342857
-0.0120267
-0.0351718
-0.0499787
-0.0393549
-0.0153164
-0.0473338
-0.0340787
-0.00368358
0.02128
0.0408853
0.00129705
-0.00312043
0.0374343
0.0244898
-0.0151281
-0.0458719
0.00339025
-0.0182806
0.0278882
-0.00465446
-0.0205464
0.000933314
-0.0476879
0.0357912
-0.0442085
0.0327476
0.0257774
-0.0227565
-0.0406913
-0.0396307
-0.00103739
-0.0267893
0.0443569
0.0370725
-0.0476315
0.0993939
0.0245722
0.0139329
0.00426749
-0.0265406
-0.030402
0.0235312
0.00355299
0.000230665
0.0285936
-0.0164184
0.0243971
-0.0327575
0.0354226
0.0217983
-0.0385123
0.00087571
-0.044083
-0.0266602
0.0441883
-0.0111243
-0.0210941
-0.0296604
-0.00788706
0.00574079
-0.0108672
-0.0352373
-0.00921411
0.0266355
0.0351626
-0.0290521
-0.0262238
-0.0571739
-0.0211139
0.0115507
-0.00460634
-0.0146356
-0.011476
0.0406504
-0.016496
-0.02779
-0.0399318
-0.013787
0.0300922
0.0374995
-0.0319139
0.0109228
-0.0213687
0.00618572
-0.0530499
0.0241307
0.00483101
-0.0450189
-0.0509398
0.0139191
-0.0327779
-0.0465253
-0.0394049
-0.0140194
-0.0491707
-0.044588
0.022033
-0.017325
-0.0150571
-0.0330632
-0.0464785
-0.0164078
0.000764577
0.0470621
-0.0220232
-0.0408645
0.00259363
0.0167465
0.0242068
-0.0214403
-0.0318257
0.00587727
-0.0116306
-0.020755
-0.00192712
0.00621991
-0.0035823
0.022155
-0.00888392
0.0299445
0.00916312
-0.0236672
-0.000957487
-0.0182279
-0.0277318
-0.0129686
0.0214139
-0.00702911
-0.0403158
0.047836
-0.0425525
-0.0363678
0.045151
0.0281644
0.0201512
0.040258
-0.0210044
-0.00683502
0.0131602
-0.0185302
-0.00967877
0.00415799
-0.0226255
-0.0336611
0.0327347
-0.00208686
0.00232836
0.033289
0.00585292
-0.0073956
0.0154197
-0.0489873
-0.00702333
-0.0300422
0.0315898
0.0372033
0.018439
0.0247602
0.0495324
0.0449325
-0.0237227
-0.0294219
-0.0343237
0.0155645
-0.0478892
0.00705255
-0.00747296
0.0460295
-0.0523706
-0.0261052
0.0192436
0.00036023
-0.0315519
0.0273549
-0.00140706
-0.0080417
-0.0238751
0.00823656
-0.0174556
0.00234856
-0.0507449
-0.0387061
0.00877305
-0.0310231
-0.0360468
-0.0408708
-0.00448809
0.0390323
-0.0497655
-0.0316313
-0.0362593
0.0450413
0.0300678
0.0113054
0.0276761
-0.0146801
0.0369508
8.14111e-005
0.00511
-0.0174315
-0.037927
0.0147484
0.0209789
-0.0108601
-0.0473523
0.0471294
-0.0396427
0.0221369
0.0406599
0.00860209
-0.00811248
0.00308348
-0.0301807
0.0262563
-0.00883317
-0.0405461
0.000165881
0.0314048
0.00280587
0.00277618
-0.00450555
-0.0205498
-0.00536448
0.039447
-0.0219845
0.00857747
0.0168062
0.0135213
0.023185
-0.0505359
0.00231222
0.0099227
-0.00664921
-0.00492807
0.00670417
0.0346614
-0.00302565
-0.00488622
-0.0175652
0.0185433
0.0447905
-0.0427752
0.00526163
0.0165266
-0.0175979
0.0139147
-0.0427045
-0.049506
0.000607663
-0.035631
0.0409165
-0.00362175
0.0302482
0.027469
-0.0457112
0.00713448
0.0122207
0.020296
0.0286219
-0.000560619
-0.00685411
0.0116847
0.0393778
-0.0108978
-0.0472156
0.0307507
0.033601
0.00826358
0.00865474
-0.0443562
-0.0236548
-0.0215938
0.0244379
0.0410599
-0.0485477
-0.00882481
0.0461009
0.00807143
0.0134901
-0.0382508
-0.03492
0.0259854
0.0388475
-0.0180423
0.00437224
-0.0118734
-0.0492976
-0.0255341
0.0292288
-0.0157858
0.0188433
0.0392898
-0.0240559
0.0410379
-0.0429168
0.0244308
0.0350436
0.00502329
0.0135726
-0.035542
-0.0415445
0.0153034
0.0403271
0.0256721
-0.0389331
0.0144735
0.0151445
-0.0407535
-0.00266502
0.0413883
0.0367751
-0.0203139
0.0103463
-0.0114579
-0.0390628
-0.0181044
-0.0525095
0.0383282
-0.0239321
0.0274514
0.0510466
-0.0182236
-0.0445343
0.0112399
-0.0265963
0.0180361
-0.00341001
-0.0329308
0.00323541
0.0100143
-0.00346277
0.00764109
-0.0296079
0.0197349
-0.0245749
-0.0103382
-0.00844047
-0.00264746
0.0270819
0.0253976
-0.0216335
0.0156315
0.00111403
-0.0170493
0.0093298
-0.0349977
-0.00356172
-0.0502818
0.0323356
-0.0478896
0.0216846
-0.00992896
-0.0106533
0.0183978
-0.0138079
0.0260491
0.00401662
-0.00048074
0.032297
0.0320548
-0.00458819
0.0397567
-0.0322758
-0.0383905
0.0496741
-0.0224
0.0432883
0.00741696
0.0218726
0.0241997
0.0305829
-0.0372795
-0.0190284
-0.0402534
-0.00520469
-0.00170262
-0.0338898
-0.0249453
0.00186055
0.0416063
0.0031846
0.0186955
-0.040321
0.0262379
0.00983383
0.00900925
-0.0381136
0.0477938
0.023486
-0.0425148
0.0294755
0.0460126
-0.0435466
0.0178453
-0.0169814
0.000853655
0.044027
-0.0343425
0.0337554
0.0270204
-0.0376074
0.0295241
-0.0429127
-0.0474918
0.000725378
-0.00676361
-0.0488313
-0.0169047
-0.0136422
-0.0231761
-0.040103
0.0392504
-0.0229737
0.0228212
-0.0376942
-0.0371731
-0.0352581
-0.0156605
-0.00606749
-0.0396964
-0.0429614
-0.0342453
-0.0254435
0.0138541
-0.0243687
-0.0248088
0.00873839
-0.015096
-0.0161761
-0.0238437
0.006328
0.00908465
0.0236009
-0.0292188
0.0499363
0.0265114
0.0199088
0.0394098
0.0288149
0.0124031
0.0494562
0.0202653
-0.00942238
-0.0122574
0.0325824
0.0500006
-0.0133743
0.0460194
0.0374352
0.0377188
0.0281332
-0.0484589
-0.0049727
0.00387456
-0.0376372
-0.0244126
0.051295
-0.0463616
0.0379466
-0.047884
-0.01871
-0.013583
0.0140658
0.0113561
0.0418979
-0.0345383
-0.0240983
0.0121808
0.00162987
0.0285418
-0.0336731
-0.00864765
-0.0461189
0.0231078
-0.0149395
0.0170422
0.00380102
-0.00717721
-0.00409096
-0.0397373
0.00526482
0.0252831
-0.0442165
0.0674211
-0.0372849
0.0440861
-0.0216225
0.00810403
-0.0189229
0.0548024
0.0671811
0.0177551
-0.0277671
0.00784382
0.00022369
0.0124474
-0.0169513
-0.012252
0.0315266
-0.00170833
-0.024244
-0.00266398
-0.0270459
-0.0288992
0.0170461
-0.0264964
-0.0122286
0.0289883
0.0216728
0.0444713
-0.0117166
-0.0087149
0.0207558
0.00794098
0.012924
-0.0165092
0.0206691
-0.0134337
0.0685353
0.0293261
0.00127903
0.0683944
0.0154621
-0.0243943
0.0220708
0.0217219
0.00518207
0.027692
-0.000107275
-0.0239619
0.0211531
-0.00917126
-0.0140805
-0.0222521
0.0193127
0.00925114
-0.00927897
-0.0358767
0.0134605
0.0245261
-0.0449757
0.010944
0.036887
-0.00505417
-0.0494055
-0.0177108
-0.0331825
-0.0418826
0.00311392
-0.0115948
-0.0368081
0.00255047
-0.0489407
0.0413121
0.0133936
0.000700247
0.0233919
0.012749
0.0451343
-0.00952402
-0.0485597
-0.0282806
0.0264726
-0.0106044
-0.0230281
-0.0128053
-0.0220334
-0.0323365
-0.0268069
0.00887715
0.0240368
0.0395184
0.0313562
-0.0108144
0.0444946
0.0254781
-0.0300233
0.0204855
0.015431
0.0139783
-0.0290877
-0.0253902
-0.0282055
0.0426087
-0.0116323
-0.00455907
0.0468209
0.0436785
-0.025999
0.0365069
0.0416129
-0.025085
-0.0190674
0.0353831
-0.0175025
-0.0360892
-0.0208417
0.000794142
-0.0358617
-0.00662341
-0.022627
0.0120185
-0.0440329
0.0279038
-0.0291969
-0.0230658
0.0298283
-0.0226372
0.0264091
0.0141613
0.0269013
0.0243833
0.0385235
0.0360574
0.0494744
0.0336814
-0.0167755
-0.0156304
-0.0414607
0.0231663
0.0359502
-0.0388974
0.00598873
0.00371575
-0.0162537
-0.0440112
0.0200791
0.0174887
-0.0309823
-0.0409267
-0.0428233
-0.0446769
-0.0247482
-0.00759077
-0.0373758
0.00428982
0.043082
-0.00832583
-0.0112152
-0.0469979
-0.00920727
0.0414745
-0.0136158
0.0502862
-0.0254686
0.0404532
0.0193983
-0.0341915
0.0121505
-0.0375805
-0.00595805
-0.0425168
0.000286447
-0.0142466
0.0316633
0.0291488
-0.0183052
-0.0410119
0.0378676
0.0514147
-0.0107198
-0.0183947
0.0459735
0.00586571
0.0466371
-0.0334813
-0.046093
-0.0391875
-0.0192248
0.0412372
0.0204737
0.0158537
0.0508451
-0.0264819
0.0140166
-0.0126966
0.0288154
-0.00537397
0.0388938
-0.012598
-0.00158971
-0.042374
-0.0439265
0.0272668
0.0375827
0.0497144
0.00631
0.0117603
0.0199819
0.0341504
0.0209731
0.00392493
-0.0307582
0.0389724
0.00917247
0.0355976
0.0097604
0.0150792
-0.00540841
-0.023339
-0.00475767
0.0358497
0.00372139
0.0288095
0.00591454
0.0429675
0.00126344
-0.0339881
0.00109635
0.00819482
0.00421157
-0.0315869
0.0456427
0.0291398
0.0451143
-0.00599423
-0.0130457
0.0501302
0.0106519
0.0293488
-0.035672
0.0310206
0.0369794
0.0419496
0.0020543
-0.0210255
0.00401013
0.00216735
-0.00594859
0.00359039
-0.0314837
-0.000947592
-0.0495967
-0.00447084
0.0146235
-0.00105712
-0.0202629
0.00633308
-0.0481606
-0.0400088
-0.0293785
-0.0134811
0.0373921
0.00269668
-0.00494748
-0.000869479
0.0320502
-0.000322855
-0.048608
0.0159116
0.0128528
0.00221596
-0.00720716
0.0393272
0.0322981
-0.0208188
0.0386952
-0.0375745
-0.0100095
-0.0454338
0.0402116
0.0175633
0.00871054
-0.0388501
-0.0140367
0.0394465
0.0178189
-0.0457829
0.00233035
-0.00569058
0.0269678
0.0381085
-0.0250683
0.0350116
0.0299831
0.0189533
-0.00466323
0.0423711
0.0108968
-0.0367427
1.76612e-006
-0.0389034
-0.026157
-0.0254499
-0.00859154
0.017309
-0.0252348
0.0219697
0.00569718
0.0492032
0.00931365
-0.0116439
0.00622219
0.016249
-0.0138297
-0.0306566
-0.00165691
-0.00922663
-0.0319721
-0.0436243
0.0256133
-0.0213577
0.0131617
0.0330871
0.0196702
-0.0338903
-0.0207155
-0.0352134
0.0143458
-0.0128744
0.0340757
-0.0174806
-0.0373038
0.0195881
0.0451813
0.0213095
-0.0280422
-0.039394
-0.0147574
0.0463988
-0.0138346
-0.00111515
0.00100995
0.0147941
-0.0353322
-0.0043995
0.0149747
0.0124391
-0.0439666
-0.024376
0.0130955
-0.0104549
0.0114841
-0.00587194
-0.0476251
-0.0316427
-0.0294757
-0.00571234
-0.0386955
0.028103
0.0304571
0.0136962
-0.0253215
0.0324966
0.0426787
0.00864688
-0.0339369
0.0393175
-0.0467046
0.0349076
0.0156138
0.00952659
0.038406
-0.0213741
-0.0122253
-0.0173568
0.00763581
0.0211311
0.0494097
-0.0498344
-0.00979086
0.0256008
-0.0116604
-0.0298433
0.0442238
0.0177088
0.0182074
0.0376922
-0.0306106
0.0413614
-0.0463208
0.012291
0.0455875
-0.0453678
-0.0330679
-0.0349465
0.000410043
-0.0302714
-0.0293916
-0.0403354
-0.0213515
0.0393781
-0.0335682
0.0497086
-0.0254903
-0.0390414
-0.00786539
-0.0375035
0.037268
-0.00577923
-0.02171
0.0314021
-0.000321438
-0.0313577
0.0221478
0.038694
0.0152736
-0.0077918
0.0306913
0.019566
0.0118508
0.0189856
0.0125029
-0.0409593
-0.0369902
-0.00111149
-0.0357314
0.0144551
-0.031392
0.0256681
-0.0183933
0.0390652
-0.0033938
0.0478698
-0.0310276
-0.0240417
-0.0141514
0.0126788
0.0154988
-0.0400124
-0.0249488
-0.0120143
0.0445574
-0.0306588
0.0449198
0.0463876
0.0315274
-0.0307676
0.0431994
8.11755e-005
0.0400628
-0.0409338
-0.0303435
-0.0416104
-0.00202356
0.0308334
0.0243892
-0.015019
-0.0161419
-0.011921
0.0435004
0.0261627
0.0108837
-0.0372239
-0.0181607
-0.0382603
0.00852067
-0.0154922
0.015014
0.0150039
-0.0373454
-0.000284487
-0.0433733
0.00846659
0.017028
-0.0304872
-0.0433015
-0.00885564
0.0253554
-0.0428882
0.0487664
-0.0101008
-0.0474459
-0.0029814
-0.0291602
-0.0168857
0.0453786
0.0247003
-0.0407561
0.00627472
-0.0417941
-0.0250045
-0.0151819
-0.00292817
-0.0370339
0.0428387
0.0154858
-0.0342556
-0.00506222
0.0433449
-0.0159492
0.0407666
0.0171727
0.0452314
0.0365687
0.0369123
0.0140857
0.00417836
0.0285956
0.0507712
0.00343998
0.0347862
-0.020325
-0.0491443
0.00101074
0.0328946
0.0184327
0.0236484
-0.00315073
-0.0436389
0.0396868
0.00942529
-0.014534
0.0417719
0.0200748
-0.00505487
0.0332538
0.0231655
0.000777835
-0.0322583
-0.00550958
-0.00116469
-0.0319465
-0.025729
-0.0371158
-0.0259021
-0.023006
-0.0176794
-0.00692086
0.0313534
0.0212364
-0.0347423
-0.0454542
-0.0482579
-0.00690579
0.0377264
-0.0313896
-0.0415964
-0.0278555
0.0161474
-0.0274575
-0.016709
0.0331195
-0.00763448
-0.0150072
0.0311233
0.0441473
-0.0412048
0.005551
-0.0301856
-0.046347
-0.0468147
0.00245457
-0.0204789
0.0194743
0.00263506
-0.0323292
0.0090576
-0.0347135
0.033912
-0.0476439
-0.0188849
-0.0419445
-0.0126926
-0.0396004
-0.00287894
-0.0357693
0.0462691
-0.028286
0.0388235
-0.0346305
-0.00100658
-0.00708805
-0.0219284
0.0361751
0.00972831
0.0320175
-0.0356381
0.0138649
0.0466606
-0.0444214
-0.0178857
0.00999375
0.044672
-0.0361341
-0.00949883
0.044871
0.0143317
-0.00390963
-0.0142059
-0.000450258
0.0114144
0.0266985
-0.0312883
0.035385
-0.0358268
-0.00787625
-0.0227313
-0.0181432
0.0375192
-0.0229839
0.0192186
-0.0100573
0.00358484
-0.0437818
-0.0492941
0.0486108
-0.0358825
0.0224854
0.0439805
-0.0478829
-0.00229329
-0.0482644
-0.0155561
0.0120307
0.0301639
-0.049553
0.0109422
0.0299985
-0.00574648
-0.00700902
-0.0196736
-0.00718946
0.00529447
-0.00550444
-0.0209217
0.00338723
-0.0466061
0.0107178
0.0373587
-0.0471286
0.0127875
-0.0238234
0.013732
0.00845921
-0.025828
-0.032381
0.0324258
-0.00448596
0.0189037
0.0165529
0.0489853
-0.0503778
-0.0213583
0.0503306
0.0369968
0.024687
0.0328818
-0.0062647
0.000992598
0.00832216
0.0415843
0.00727518
-0.0159129
-0.0256617
0.0403256
-0.0218731
-0.0169448
-0.0108801
0.0117706
-0.0319365
0.0413028
-0.00105258
0.0378193
0.0191108
0.0292076
0.0473452
-0.0366255
0.0113999
-0.0132937
0.017369
-0.0188927
-0.00100348
0.0330878
-0.0364102
0.0474009
-0.00299582
0.0136472
0.0296708
0.0497207
-0.049533
0.00310815
-0.00327706
-0.0475272
-0.0320682
0.0297734
-0.00807541
0.0130289
0.0375557
0.0255903
-0.0207486
-0.00116526
0.00880419
-0.0140807
-0.0445797
0.0249538
-0.015314
0.0402226
-0.00231599
0.0187713
-0.0346463
0.00460512
-0.0352071
0.0187259
0.00181005
0.0325108
0.0137454
-0.0365957
0.0327574
0.0262779
0.0206636
0.0178863
0.026745
0.0322303
-0.0331991
0.0303428
0.00115285
-0.0319464
0.00576667
-0.038283
-0.0312917
0.029839
0.028918
-0.0214522
-0.035402
-0.00401691
-0.0241891
0.042727
-0.00161384
0.00407478
0.0173193
-0.0127477
-0.00184384
0.0047155
0.00701377
0.0480388
-0.00723558
-0.0410327
-0.0148946
-0.00726751
-0.0155858
0.0154253
0.00675098
0.0338549
-0.0392942
-0.0180833
-0.0391415
-0.0260859
0.018064
-0.0150491
-0.00800928
-0.0161694
0.0168831
-0.00308537
-0.0455906
0.0189356
-0.0383727
0.0234482
0.0294307
0.0114251
0.0217272
-0.0486406
0.0288993
0.0241424
-0.0307413
0.0336326
0.0276799
0.0425093
-0.0154435
0.00621647
0.0306325
0.00289827
-0.0271148
0.0462092
0.0142005
0.0407114
0.0408373
0.0256691
-0.0170259
-0.00919864
0.0245879
-0.0116215
0.0447203
0.023941
-0.0387379
0.00770758
0.0448348
-0.0104203
0.0140238
0.0495156
-0.00262834
0.00102143
-0.0419159
-0.00117851
0.0242025
-0.00567727
0.0304061
-0.0353538
0.0311755
0.0219337
0.0313998
0.0412353
-0.0304787
-0.0296536
0.00813071
0.0116258
-0.0142591
0.0396931
-0.00948921
0.0173629
0.0063813
-0.00339765
0.0177456
0.0180557
-0.0314917
-0.0175024
0.0306419
0.0213699
0.0457907
-0.0362296
0.0252822
-0.0165258
-0.0178841
0.0395976
-0.046673
0.0332406
-0.0407288
-0.0299684
0.0256857
0.00403613
0.0366513
-0.0314503
0.0333806
0.00961266
-0.0137749
-0.0251505
-0.00918334
0.0368942
-0.0146699
-0.0132151
-0.0202223
-0.0157245
-0.0324413
0.00583337
-0.0137191
0.0418865
-0.0100616
0.0179139
-0.0247464
-0.0243967
-0.0200597
0.0160281
-0.00543302
-0.0441493
-0.00646832
0.0179351
0.00070722
0.0307625
0.0428189
-0.017297
-0.0304163
-0.0168405
-0.0462491
0.0121812
-0.00470758
0.0403706
0.026833
-0.0343475
0.0137263
-0.0288227
-0.0329009
-0.00499132
0.00038509
0.032312
-0.0247431
0.0187881
-0.0078765
-0.04103
0.0505409
0.0439193
0.00900161
-0.0233667
0.0215289
0.0298981
0.00840782
0.0428817
-0.0302852
-0.0524398
0.00988815
0.0183995
-0.0278485
0.0195585
0.00676689
-0.0456891
-0.0455237
0.0351341
0.0266238
0.0349789
0.0025964
-0.0410282
-0.0458835
-0.00502508
0.0386612
-0.000948522
0.0170462
0.0465997
-0.017201
-0.0336113
0.0215903
-0.019671
-0.00305899
-0.00824187
-0.0295645
0.0270365
0.0255733
-0.0180828
0.0426301
0.0235497
-0.0495734
0.0371244
-0.0369079
0.0435142
-0.00678713
0.0505682
0.0306979
0.0164611
-0.0114221
-0.0262005
0.0115378
-0.0254023
0.000966051
0.0141243
-0.00899567
0.0133883
-0.00952456
0.0412488
-0.000574386
-0.0075711
0.0424637
-0.0317367
0.0179854
-0.0275816
0.00966728
0.0095649
0.049364
-0.00983219
-0.00196368
-0.0367015
-0.0358226
0.03078
0.00401589
0.00852973
-0.0412656
-0.00879651
0.0281885
0.0486109
-0.040976
-0.0278688
0.0422619
0.0206373
0.0296711
0.0201717
-0.0369457
0.0347936
-0.0166491
-0.0374738
-0.0487605
-0.0376844
-0.0102785
0.0117964
0.0381951
-0.0471954
0.040485
0.00333403
-0.0331471
0.0389378
-0.0333858
0.0202085
0.0242938
-0.0401252
0.0349305
0.00543901
0.00145116
-0.035986
-0.0492156
-0.0460556
-0.0483294
-0.00758537
-0.0254067
-0.0241753
0.000483828
0.0161313
-0.0410949
0.00873461
0.00562011
-0.000874006
-0.0126152
0.00524728
-0.0463876
0.00209129
0.0475618
0.0242084
0.0488279
0.0480615
0.0187652
-0.0105393
-0.0242026
0.0167421
-0.00865844
0.0401661
0.0436172
-0.0349208
0.00154499
0.0315326
0.0408852
0.0437579
0.0238176
-0.0158411
0.0213199
-0.0373597
-0.0289066
-0.00661119
-0.0194499
-0.042582
0.0493017
-0.0447189
-0.000249991
0.0109797
0.0467053
0.0327841
0.0504982
0.0174623
-0.013242
0.0277154
-0.00444719
-0.0161302
-0.0097747
-0.0418132
-0.0496699
0.00283936
0.0299268
-0.0439819
-0.0317526
-0.0273069
0.00527587
0.0082858
0.0273064
0.0507988
0.0101244
0.0235755
0.0434061
0.0419889
0.0155705
0.0284052
0.00317868
-0.00569229
-0.0352891
-0.0442049
-0.00716907
-0.0425081
-0.0041328
-0.0361141
0.00267652
0.0440416
-0.047264
-0.00309916
-0.017639
-0.00466715
-0.0296921
-0.0172695
0.0274616
0.0347305
0.0294376
-0.0483399
-0.0265914
-0.0172779
-0.0245423
-0.0253145
-0.0117579
0.0301956
-0.0259854
-0.0184522
0.00338481
0.0200052
-0.019146
0.00489085
0.01516
0.0293526
0.0377471
-0.0184533
-0.00853676
0.0515494
-0.0389032
0.0474333
0.00126768
-0.0495549
0.0433036
-0.011042
-0.0341158
0.0245586
-0.0244253
0.0469044
-0.049484
-0.0206433
-0.0269642
-0.00966324
0.00305203
-0.00682899
0.0355384
-0.0120514
-0.0394222
-0.0037669
0.0361886
-0.0415556
0.0390301
-0.0239875
0.0141725
-0.0157794
-0.0386988
0.016067
0.00809392
-0.0170361
-0.0299828
-0.0244184
-0.0395825
-0.0424639
0.0334954
-0.0206386
-0.0230634
0.0342297
-0.0199756
0.00562729
-0.00147497
-0.0227898
-0.0113104
-0.017268
-0.00360688
0.00582215
-0.0423064
0.0120919
-0.0062083
0.0417212
0.0045187
-0.0032945
0.0363265
0.0180783
-0.033517
0.00896419
-0.0287378
0.0441008
0.0255242
-0.0329972
-0.00860507
-0.011507
-0.0349346
-0.0464346
-0.00121444
0.000954644
0.0210853
0.00259026
0.0372474
0.0422711
0.0113596
-0.0137198
0.0402548
0.0165723
0.0185324
0.0141262
-0.0351699
0.0207036
0.0164532
0.0447959
-0.0452124
0.0505344
-0.0127694
0.0507758
-0.0259545
0.0162719
-0.0380656
0.0174022
-0.015192
0.00212192
-0.0111004
0.0408689
0.0179824
0.00469083
-0.0129737
-0.0129228
-0.0253371
0.00652342
-0.0104605
-0.0323947
0.0288557
0.00334176
0.0249353
0.0150117
-0.0228012
0.0469152
0.0373957
0.0256648
-0.00885718
0.0277824
0.0130509
0.00249497
0.0118947
-0.0380432
-0.00121833
0.0162807
-0.0229403
-0.0244423
-0.0306528
0.00202125
-0.0128579
-0.003435
-0.039188
-0.0465903
-0.0260054
0.0158681
0.00497857
-0.00541561
-0.0235005
0.0359147
-0.0123792
-0.0405427
0.00988882
-0.0156273
0.041411
0.0445535
-0.01094
-0.0332069
-0.0453638
3.20361e-005
0.0217594
0.00312321
-0.046323
-0.0018514
0.0477181
0.0491954
0.0376913
0.0171623
0.0257887
0.00924335
-0.0111642
-0.0452444
-0.0107373
-0.00119552
-0.0495267
-0.0268749
-0.0297067
-0.0153222
-0.0461457
-0.0217468
-0.0164584
-0.0232956
-0.0310498
0.0300175
-0.0336515
0.0303166
-0.0447056
0.0207307
0.0328198
0.0176537
0.000150356
-0.00892845
0.0515143
-0.00539014
0.00525754
-0.048998
0.0363129
0.0192419
0.0278811
0.0157109
0.0226716
-0.0101539
0.00458742
-0.00448664
0.0132207
0.00106321
0.00868352
0.0213575
-0.0158404
-0.047557
0.0391147
-0.0231757
-0.0360655
0.0463331
0.018151
-0.038441
0.0422891
-0.0377902
0.0177785
0.00813799
-0.0280611
0.0493959
0.0131563
-0.0171483
0.00637405
0.0401791
0.00849309
-0.0219318
0.0416184
-0.00764159
-0.00484915
0.0475564
0.0356089
-0.00777615
0.0419117
0.0151428
0.0414247
0.0366083
-0.0383896
-0.028859
-0.00454832
0.0404439
0.0258435
-0.0160809
-0.0189414
-0.0139408
0.0152433
0.024586
0.00122629
-0.0174741
-0.0415071
-0.0391689
0.0391909
-0.0388137
-0.0462902
0.0452526
-0.0372535
0.0368703
-0.0462023
0.006241
0.0239423
0.037083
-0.00245212
-0.0260125
0.0445341
0.0449978
0.0164415
0.0277849
-0.0212552
0.0436461
-0.00556383
-0.0486088
-0.0324901
0.0423755
0.0439203
0.0491895
-0.0196996
-0.0257693
-0.0235558
-0.00208736
-0.0319222
-0.0317764
-0.0481476
0.0436029
-0.0175774
-0.0392131
-0.0060697
-0.04268
0.0357152
-0.0215428
0.0172769
-0.0421824
0.024086
0.0350014
-0.00507596
0.0367157
-0.00322736
-0.0260398
-0.00740992
-0.0392221
0.00198101
0.0166681
-0.0173437
0.04295
-0.0276647
0.0351295
-0.000529777
-0.010204
0.00840395
0.0071389
0.023988
-0.0422055
-0.00735867
-0.0191325
-0.0365033
0.0252693
0.0235928
0.00147484
0.0243407
-0.00240537
-0.0240847
0.0292906
0.0255775
-0.0366135
-0.0190074
0.00142206
-0.0294331
0.0148959
-0.0365942
-0.029436
0.0118297
0.0224629
-0.0178036
-0.0398899
0.0219442
-0.0229906
0.0382095
-0.0294568
-0.0460466
0.0369726
-0.00578018
0.0133822
-0.00773502
0.00548434
-0.0240131
-0.0463012
0.00465506
-0.028003
-0.0216105
-0.0477087
0.0518455
-0.0322367
-0.025639
0.0254704
-0.0228706
-0.0399746
0.021549
-0.019154
0.0178097
0.0418253
-0.040646
0.0177263
-0.0329355
0.0410765
-0.0162744
0.0131641
0.0302227
0.0408367
0.0247501
-0.0162877
0.0379126
0.0320148
-0.0387896
-0.046805
0.0407105
0.00488947
0.048449
0.000558539
-0.0374799
-0.0408838
-0.0412545
0.0138282
-0.0108725
0.0304919
-0.0292114
-0.00100759
0.0379905
-0.0237472
-0.0372986
0.0442167
-0.050306
0.0143967
-0.0482018
-0.0437871
0.0314526
0.0289816
-0.0411022
0.0403011
0.0309934
-0.0179691
0.0422977
-0.0204913
0.0472104
-0.0024889
0.0244361
0.00696083
0.0333517
-0.0288453
-0.00274898
0.00990967
-0.0133066
-0.0397948
-0.0422003
0.0232843
-0.0183052
0.0100394
0.043604
0.0386799
0.0300293
-0.0446873
0.0145329
-0.00997791
-0.00203162
-0.0418588
0.0224694
0.0262827
0.0393486
0.0289145
-0.0460216
0.0318656
-0.0296376
-0.0181313
0.0372457
-0.0489974
0.0428442
-0.0068461
-0.0149823
-0.00695841
-0.0371367
-0.025685
0.0317903
-0.0390012
-0.00831426
-0.0482454
-0.0290761
0.0287284
-0.0249713
-0.0359016
0.00237388
0.0262718
-0.0449593
0.0390044
-0.0225957
0.045553
-0.0003823
-0.00870994
0.031856
0.033147
-0.0151644
-0.0335185
-0.000759756
0.0178129
0.00999838
-0.00560479
-0.00311639
-0.0389784
-0.0446159
0.0503608
0.0407221
0.049938
0.0252865
0.0377462
0.0178792
-0.00810751
-0.0378033
0.0239076
-0.0248718
0.0216005
0.0414389
0.0271534
0.00433684
0.0149086
-0.0299604
-0.0310619
0.0398975
-0.0370283
0.0158967
0.049792
0.0427238
-0.0351474
0.0316785
-0.0375894
0.0188247
0.0423755
0.017261
0.0150368
0.0378775
-0.045777
-0.0264483
0.0113955
-0.0267802
0.0460935
0.0355939
0.0355135
0.0481084
0.0328605
0.0419053
0.05126
0.0370918
0.0153968
-0.040822
-0.0318602
0.0465735
0.0369272
6.39087e-005
-0.00252125
-0.0189975
0.0311141
0.0224791
0.0328763
-0.0245038
-0.015635
0.0116125
-0.0423588
0.0320427
-0.0188044
-0.0131512
-0.000860867
0.0375926
-0.0472101
-0.0432859
0.0343297
-0.0401897
-0.017931
0.0261357
-0.0108748
-0.032441
-0.0130147
0.0385556
0.0235783
0.0221766
0.0485109
0.0308103
0.0143996
-0.0282812
0.00492164
0.0358431
-0.0265315
-0.0263956
-0.0415933
0.00790598
0.00206437
-0.00337937
0.0377439
0.0171326
0.00178255
0.0457442
0.0437887
0.0323427
-0.0506361
0.00137134
-0.0434892
0.0279377
-0.0299957
-0.0326378
-0.0173914
-0.0488429
-0.00912165
-0.041015
0.0355441
0.0371085
0.0394769
-0.0206815
-0.00452326
-0.0321237
-0.0480031
-0.0441243
0.00779059
0.0357767
-0.0483649
-0.0203865
-0.0119683
-0.0215284
-0.0389932
0.00436995
0.0438433
0.0140056
0.0358253
-0.0451673
-0.032659
-0.032076
0.0294976
-0.0211436
0.0455236
-0.0190299
-0.0216228
-0.0468729
-0.00182344
-0.0309427
-0.0319771
0.0433618
0.0450268
-0.0216069
-0.0118903
-0.0457399
-0.048956
0.0027236
0.0171505
0.0170735
0.0150268
0.0229776
-0.00953705
-0.049656
-0.0178767
-0.0455253
-0.025507
0.0458386
0.00681991
0.0214038
-0.00734573
0.043906
0.0120145
0.0303513
0.0449457
-0.0463657
-0.026077
-0.0323518
0.00739355
-0.0353377
0.0142703
-0.0422831
0.0145929
-0.025357
0.0477771
-0.0266662
-0.0358328
-0.025241
0.0487861
-0.0215408
-0.00142759
0.0147948
-0.0324528
-0.0186114
-0.0505841
0.0307386
0.0434946
-0.0249155
-0.0455994
-0.00737969
-0.00436564
0.0394965
0.0319481
-0.00125084
-0.0362907
-0.0206143
-0.034798
-0.0321798
-0.0225988
0.00905216
0.03015
0.0404246
0.0408975
0.0155662
-0.0397564
-0.0324437
-0.0410913
-0.00759959
-0.0273396
-0.0296014
0.0334088
-0.0416813
0.0303114
0.0514683
-0.00529589
-0.0286587
-0.00566879
-0.0495572
-0.0127394
-0.00708208
-0.0352222
-0.0216328
-0.0218577
0.0167415
0.00259028
-0.0217248
0.0479666
-0.0242105
0.00431993
-0.0214857
-0.0294597
-0.00908249
0.00624407
0.00736783
0.0139694
-0.0476749
0.0117598
-0.0476975
-0.0183775
-0.018191
0.014781
0.0491322
-0.00732834
0.018389
0.0159928
-0.0329388
-0.0057111
0.00381152
-0.00805211
0.0377658
-0.0217728
-0.0271749
0.0256957
-0.0410966
-0.0263018
-0.00989214
-0.0239907
-0.042875
0.00621384
0.0208765
0.0390895
0.0168733
0.0419773
-0.0286812
0.019996
-0.0138477
0.00411162
-0.00407099
0.00426688
0.0340294
-0.0181042
0.0397
0.00717689
0.0254822
0.0381157
0.0480161
-0.00405006
0.0403969
0.0534281
-0.0265459
0.00632353
0.00629562
-0.0163815
-0.00325861
0.0276616
0.0516142
0.0141584
0.0271595
-0.0240144
-0.0393321
0.0222122
-0.0142721
-0.0114586
0.00189712
-0.0381798
-0.0395484
0.00255441
-0.0100263
-0.00089138
-0.0247181
0.0593692
0.00577756
0.0157013
0.0559124
0.0396679
-0.0254947
0.013971
-0.0389873
-0.012186
0.000411502
0.0136588
0.0216808
0.0196436
-0.0397733
0.0253551
-0.0241655
-0.0286392
-0.0216755
-0.0382684
0.00845586
-0.00509807
-0.0384171
-0.0181541
0.0217839
0.0353836
-0.0302611
-0.0234909
0.0451196
-0.0198781
0.0134758
0.0298537
-0.0299136
-0.00966856
-0.034402
0.00771891
0.0357982
0.042682
0.0104364
-0.0303589
-0.0244672
0.0120272
0.00353071
0.033287
-0.0258903
0.000377983
-0.00298715
0.0214476
0.0109256
-0.041497
0.056588
0.0196865
0.0261716
-0.0262074
-0.0457706
0.0396206
0.0206124
0.00249283
0.000825737
0.0125998
-0.0250461
-0.0190613
-0.0465947
0.036959
0.0333768
0.0527486
-0.0111185
-0.0347261
0.0200362
0.0169793
-0.02092
0.0259502
0.0365573
0.0200703
-0.0412879
0.00489198
-0.000117116
0.0368231
0.00433826
-0.0387296
0.0485847
0.00332751
-0.0292656
-0.00676165
-0.00287971
0.00874649
0.00413219
0.0289613
-0.0248023
-0.0166381
0.0320424
-0.0284399
-0.0388766
0.0421665
-0.0104348
0.0131549
-0.0361791
-0.0455171
0.0603023
-0.0193362
0.0385816
0.00151296
-0.0193143
-0.0237382
-0.00737723
0.0223683
0.000535926
0.0443076
-0.0347183
-0.00101008
-0.0448512
0.00869415
0.0110346
0.0140231
0.0393004
0.0554072
0.0379143
0.0357509
-0.0280655
-0.0382004
-0.00258753
0.00537183
0.00778093
0.0358187
-0.00867805
-0.0214571
-0.00281811
-0.048511
-0.0449908
-0.0343179
0.0172918
0.00918808
-0.0329653
-0.00124391
0.0371718
0.00393336
0.0214857
-0.0136947
0.019008
-0.00406462
-0.0388711
-0.0169885
0.0272475
0.0103477
-0.0155368
0.0108053
0.0246938
-0.0452785
-0.01536
0.0184808
0.00271411
0.0327126
-0.00546399
-0.0309262
0.0313115
-0.0308795
-0.00599076
0.0230018
0.0342195
0.000324646
0.03135
-0.0130669
0.0241203
-0.0198471
-0.0360879
0.0277349
0.0221628
-0.0420254
-0.00227154
0.0222755
0.0451572
0.0264593
-0.0196179
-0.0225525
-0.0327101
0.0108659
0.0366816
-0.019207
-0.0184454
0.00952186
0.0298413
0.00395626
-0.0195049
-0.00441116
-0.0286009
0.00438715
-0.00413387
0.00505505
0.00253458
-0.0222805
-0.0418708
0.00626952
0.0358503
-0.0175615
0.0472724
-0.0465908
0.0223156
-0.041776
-0.0254227
-0.035134
0.0333201
-0.0157031
0.0449962
-0.0367579
-0.0342952
-0.0333773
0.0301326
-0.0290248
-0.0407006
-0.00411706
0.0247691
-0.0244688
0.00562772
0.031762
-0.0180425
0.0303341
0.0241832
0.0208734
0.0300961
-0.0427343
-0.0130375
0.0117948
0.0147818
-0.027383
0.0282489
0.0254835
-0.0149493
-0.0123488
-0.0340366
-0.00225633
0.0150497
-0.0378859
0.0475294
-0.0463901
0.02064
0.00202878
0.023538
-0.045748
-0.0426196
0.0127801
-0.0402198
0.0333794
-0.0291376
-0.0142667
0.0385356
-0.0150609
-0.0176325
0.0243171
-0.026441
-0.0446707
-0.00557909
0.0231644
-0.0172764
0.018751
0.0392777
0.0182581
0.0571987
0.0289765
-0.0155776
-0.0114233
-0.00726175
-0.0378441
-0.0352042
0.0102307
-0.037965
0.0382393
0.0149098
0.0341058
0.0360789
0.0322654
-0.0237135
-0.0335263
-0.0332774
-0.0443942
-0.0253829
0.0406438
-0.00769046
0.0335308
-0.0473032
0.00869276
-0.0357661
0.0210477
0.0378321
-0.02196
0.0113445
0.00698468
-0.0481856
-0.0132479
-0.0077861
-0.0385611
0.0468992
-0.0170109
-0.0382679
0.0203005
0.0373355
-0.00907749
0.0410293
0.0169993
0.0230487
0.0131893
0.0375924
0.00420465
0.00900609
-0.00879954
0.0227504
-0.0418014
-0.0362634
-0.0426866
0.0266605
-0.00698011
0.047845
0.0402272
-0.043463
-0.0352382
-0.00559096
-0.0340692
0.0343022
-0.0175845
-0.0253029
-0.0472397
-0.0367805
-0.032366
-0.0022607
0.0227296
0.00236065
-0.00153491
0.0370005
0.0352477
0.0337332
0.0242041
-0.0274168
-0.0135874
0.0357517
-0.0259336
-0.0321912
-0.0263426
-0.0253384
0.00655406
-0.0123627
-0.0110475
0.0420849
0.0418248
0.0127372
0.00478097
0.0153151
0.00343666
-0.0290579
0.0186125
-0.00411976
0.0432663
0.0147284
0.0289532
-0.0356005
0.0283203
0.00729857
0.00360337
0.00874525
0.042011
-0.0508168
-0.00924387
0.0264866
0.0489725
0.0294481
-0.0362999
0.00386535
-0.0490226
-0.0444958
0.0383265
0.00255489
0.00761902
0.0310889
-0.00757354
0.0213396
-0.0135398
-0.0126736
0.0126278
0.0384161
-0.0052266
0.00623329
0.0420667
0.000612081
0.0064509
-0.0347365
0.0367035
0.031088
-0.0187063
-0.0106577
0.0332761
0.0405096
-0.00288597
-0.0385291
0.0303496
0.014693
0.0242038
0.0131189
0.0471841
-0.0151452
0.0430501
-0.0360393
0.0259788
-0.00994365
0.0330313
0.0311359
-0.00721219
0.00577633
0.0123107
0.00135635
0.00622565
0.0208552
-0.0476898
-0.0168583
0.0184251
0.0257313
-0.0233197
0.020562
0.0419396
0.00891471
0.0192661
-0.000576983
-0.0382885
0.0213783
0.0190715
0.0470357
-0.0371833
0.0140927
0.0499866
-0.045323
0.00638827
-0.022287
-0.0343718
-0.0238974
0.0132441
0.03785
-0.0144225
-0.0373177
0.0089872
-0.00146084
0.0341872
-0.0344382
-0.0476771
-0.019103
0.0381491
0.0121127
0.0164599
-0.00162208
-0.0257433
-0.0449844
0.02429
-0.0469223
-0.0171588
0.0218163
0.0390881
0.0410009
-0.0434516
-0.0350114
0.0176611
0.0433076
-0.033264
-0.0341959
-0.00609504
-0.0502864
0.037445
-0.032164
0.00761018
-0.0324893
0.0497258
0.0307044
0.000767018
-0.0195453
0.0640027
0.00525663
0.050363
-0.0335287
-0.00391476
-0.0169919
-0.0291948
0.0260444
0.0255916
0.0396357
0.0194404
0.0500811
-0.0328382
0.00582963
-0.00861442
-0.0450256
-0.0219782
-0.0196443
-0.0448358
0.0502417
-0.0378997
-0.0373061
0.0458295
0.0467982
-0.0279289
0.00296777
0.0221932
0.00714403
0.0453513
0.0073329
-0.0404408
-0.0211914
-0.0224111
-0.00799462
0.026958
0.00196225
-0.0245191
-0.051501
0.00522365
-0.0214698
0.0244557
0.0361788
-0.048922
-0.0285018
0.0386572
0.00244015
0.0173188
-0.00544225
0.0232043
0.0230252
-0.0269398
-0.0100546
0.013542
0.0227342
-0.0442634
-0.0502135
0.0024117
0.0392323
0.0364542
0.0143594
0.0378579
-0.0356742
-0.00904198
0.0113068
0.00403351
0.0466104
0.0211061
-0.0258185
0.018574
-0.00391199
0.0165632
-0.0226673
0.0246152
-0.0110049
0.0093816
0.0391093
-0.0328286
-0.0470951
-0.0101126
0.027184
-0.0355334
0.0464864
-0.0304256
0.0340183
-0.0167911
-0.0369593
0.0255759
0.0427621
0.0461424
0.0197883
0.0234114
0.0468957
-0.0264751
-0.0474634
0.0409308
0.0361381
-0.0309399
0.0338111
0.0307576
-0.0392932
-0.00270449
-0.0107292
-0.0230222
0.0352026
0.0388889
0.0486952
-0.0196018
-0.0253145
0.0423218
-0.00472478
-0.0272109
0.0249318
-0.0302091
-0.0374393
0.00801339
-0.0219338
-0.0329241
0.0457645
0.00833464
-0.0505792
0.0384362
-0.0181403
0.00933081
-0.00817252
0.0273285
0.0422332
-0.0104817
0.00767163
-0.00321136
0.0405713
-0.0415782
-0.0328822
-0.0482359
-0.0321072
0.0404902
0.0136107
0.019635
0.041043
-0.00231686
0.0263134
-0.0494056
0.0418371
0.012833
-0.00635927
0.0202913
0.0060995
-0.0466662
0.0245668
-0.0448737
0.0356059
-0.0406164
-0.0243744
0.00324029
-0.0469601
0.0133659
0.0361607
0.0421232
-0.0383796
0.0327422
-0.00446125
-0.0263075
-0.00170222
0.0487143
-0.0222515
-0.0342085
-0.0415687
0.0414732
0.043996
-0.0457954
-0.0077338
0.0132622
0.0217257
-0.0144161
0.00422176
0.00338376
0.0359408
-0.0374679
-0.0443858
0.0187176
-0.00616168
0.0348297
-0.0128903
-0.0173809
-0.0304473
-0.0128291
-0.0458348
0.0376062
0.00195666
-0.00940376
-0.0473594
-0.0128863
-0.0123138
0.0200603
-0.013876
0.0497213
0.0370615
-0.02017
-0.00145265
-0.0112993
0.0046516
0.0179329
0.0110377
0.0334505
0.0432344
0.0141643
-0.0201781
0.0315039
-0.0310199
-0.02321
0.0346858
0.00835778
0.0158775
-0.0243119
-0.0247173
-0.0140197
-0.0294072
0.0253511
-0.00995118
-0.0348577
0.0139165
0.0257908
0.0146267
0.0122923
0.0266896
0.0180199
-0.0485446
-0.0322032
0.00838356
-0.017816
0.0373395
-0.0323148
-0.0244904
-0.0442288
0.0050133
0.052177
-0.0158106
0.04087
-0.0100028
-0.00397093
0.0361655
-0.0386745
0.0310034
0.00168228
-0.0480794
-0.0169862
0.0223879
-0.049369
-0.027326
-0.0444851
-0.0380501
0.0237537
0.0122371
-0.0468097
0.000829334
0.0170748
-0.00309823
-0.0321831
0.0178271
0.0289472
0.0285112
0.0322761
-0.0487229
0.0472172
-0.00604443
-0.00640795
-0.0299112
0.00830039
-0.0469876
-0.0102575
-0.011091
0.0320411
0.0154977
-0.00563407
0.0158292
-0.0188335
-0.0339187
-0.0145759
-0.0272332
0.0262108
0.0351757
0.0278643
-0.0413775
-0.032218
-0.0431226
0.00631036
-0.0203856
-0.0198288
-0.039542
-0.00654131
0.00675194
-0.0249523
-0.0250253
0.015348
-0.0406629
-0.0306661
0.0318881
-0.0200858
-0.011147
-0.021374
0.0469438
0.0217891
-0.0303165
-0.0433014
0.0463005
0.0472692
-0.0402996
-0.0420551
0.041601
0.0424473
0.021708
0.0463599
-0.0191587
-0.0137703
-0.0381882
-0.0173107
0.0226748
-0.00681312
-0.0341381
-0.0382305
-0.0499869
0.0281745
0.0378418
-0.0157264
0.0385794
-0.00846885
0.0372913
-0.0429064
-0.0473019
-0.0379505
0.0381738
-0.0384101
0.000259484
-0.0313324
-0.0242353
-0.0197967
0.0390812
0.0128135
0.0238154
-0.0270214
-0.0270988
-0.0184887
0.0274155
0.0175839
0.000708043
-0.0134502
0.0398401
-0.0170383
0.00356704
-0.0381812
0.0326479
0.0134561
-0.0352121
0.0352963
0.0221956
-0.038731
0.041162
-0.0370546
-0.00671465
0.0103101
-0.0214511
0.0105803
-0.0191446
-0.0153926
-0.0271012
0.00885591
-0.00799447
-0.018093
-0.0247963
-0.0187734
-0.0300769
-0.00551282
-0.0219666
-0.0128731
0.051495
0.0406245
-0.0419204
-0.020306
-0.0411211
0.00618855
-0.00274961
0.0326068
-0.0278783
-0.0432546
-0.0308495
0.0515065
-0.0426973
-0.0461932
-0.0135998
-0.00849139
-0.022606
0.00737325
0.0162427
-0.0288357
-0.0195161
-0.00884464
0.0200056
-0.0137231
0.0424674
0.0305603
0.00862208
-0.0392162
0.0299047
0.0327029
-0.00803269
0.00812011
0.00904873
-0.0247809
-0.0280331
0.0249313
-0.0327669
0.0176652
0.0307399
-0.0454498
0.0304698
-0.0061411
-0.0344303
0.00143216
0.0163887
0.00951033
0.018822
-0.0142329
-0.0252414
0.00525415
-0.00348929
-0.0157881
-0.0204082
-0.0222001
0.0156251
-0.0151336
-0.0266109
-0.0437351
0.0287164
0.0228493
0.0387805
0.000119306
-0.048775
0.0211169
-0.0203982
-0.0362496
0.024484
-0.0179206
0.0124631
0.0200478
0.0411196
0.0504545
-0.0184106
-0.0215948
-0.0241069
-0.0378419
-0.00191509
0.0231825
-0.00759077
0.0135073
0.0328189
0.0329485
-0.0454413
0.0438725
0.0199765
0.0320644
-0.0304529
0.0315609
0.00942408
-0.0124155
0.0205309
-0.0119456
0.0149861
-0.0414859
0.0224497
-0.0392368
0.0386305
0.038858
-0.0212518
0.013009
0.0183498
0.0204196
-0.0292592
-0.0210798
-0.0320551
0.0113326
0.0348792
0.0566527
-0.050899
0.0230398
-0.0305882
-0.0174978
-0.0222516
0.0208294
-0.0237844
-0.0154237
0.0306808
0.00621353
-0.0306415
0.0477323
-0.031039
0.00554284
0.0420111
-0.0506233
-0.0217506
-0.00371536
-0.0203173
0.0408181
0.0385026
-0.00356937
0.0452569
-0.00857381
0.0249997
0.000274667
0.00650422
-0.0319046
0.037834
-0.0197075
-0.0117471
-0.0427119
0.0493665
0.0300471
0.0442331
-0.0120705
-0.0248376
0.046327
0.00853531
0.00395436
0.0227005
-0.00193376
-0.0241723
-0.0465807
-0.0343589
-0.0162569
-0.039765
0.0271853
0.043632
0.00169622
0.0132698
-0.0171318
-0.0307469
0.0190672
0.0185351
-0.0206308
0.0365183
0.010739
0.0199366
-0.00462105
-0.00134887
0.0258129
-1.05074e-005
0.0189336
0.0336195
0.0467158
0.0122277
0.0320499
0.0446717
-0.0264481
-0.0229737
-0.0497815
0.0180119
0.0423055
-0.0114582
-0.0333806
-0.00457821
-0.0221949
-0.0233689
0.0151421
-0.0137148
0.0351969
0.0367443
0.011728
0.0492724
-0.0394703
0.0379617
-0.0462237
-0.0436749
-0.0189626
0.0134919
-0.0287146
-0.00539876
0.0261403
0.0455338
0.0148166
-0.0427383
-0.0403757
-0.00520363
0.00216926
-0.0120587
-0.0400235
-0.0483575
0.0194956
0.00865696
0.00729248
0.00539262
0.0268047
0.0475338
0.0241019
0.0179823
0.0418335
0.00874601
-0.0402691
-0.0288515
-0.0293545
0.0312529
-0.03438
0.0320642
-0.00960142
-0.0134346
0.0350679
-0.00279358
-0.00699533
0.0144455
-0.0412227
0.0287828
-0.0108646
0.0339332
0.0120684
0.00941668
0.0224192
0.0294417
0.0270349
-0.00356569
-0.0369823
-0.00767708
0.0170857
-0.0323237
-0.0437674
0.00668033
0.0195356
-0.00615228
0.00772561
-0.0287546
-0.0287746
-0.0438952
-0.0246341
0.0362266
0.0378409
-0.0294354
-0.0297611
0.012388
0.0459444
0.0110215
-0.0207882
-0.0223959
-0.0454661
0.0537835
0.0299809
0.0056716
-0.0488907
0.0258288
-0.0160994
-0.0346092
-0.0239992
0.0198715
-0.00444668
0.0474468
-0.034088
-0.012201
-0.00565764
0.0387764
-0.049626
-0.0392886
0.0454857
-0.0372307
-0.0154132
0.0478594
-0.0323288
-0.019278
-0.0163079
0.0141553
-0.0289957
0.00852913
-0.00352983
-0.00928736
0.0292519
-0.0412178
-0.0400709
0.048074
-0.0114437
-0.0425126
-0.0246419
-0.0234988
0.0137785
-0.0250026
-0.00611651
0.00080632
-0.0407073
0.0505592
-0.052841
0.0406685
-0.0231487
0.00814072
-0.00978798
-0.0273824
-0.0342137
0.0127467
-0.0313633
0.013366
-0.0119676
-0.0250503
-0.0448039
-0.0377806
-0.0145232
0.0473641
0.0191485
0.00974283
-0.0315357
-0.0394019
-0.0478609
0.0466439
0.0329411
0.0200542
-0.00937921
-0.034388
0.0159489
0.0430152
0.0366898
-0.0162654
-0.0202423
-0.0436308
0.0147633
-0.0228622
0.0451208
-0.027692
-0.0356117
0.00179235
-0.00579925
-0.00386163
-0.0258193
0.0397548
-0.0311371
0.0364436
0.0217255
0.00260302
-0.00240863
-0.0138988
-0.0444464
0.0347983
-0.00105905
0.0287174
0.0359828
0.0315392
-0.0260811
-0.0269185
0.04486
-0.026308
0.0175581
-0.0393191
0.0422904
-0.0171378
0.026347
0.0298327
0.0158989
0.00499135
0.0404955
-0.0286941
0.00500127
0.0396764
-0.0267319
0.0376993
0.0370478
0.0291943
-0.0399004
0.0344719
-0.0103695
-0.022516
0.00181116
-0.0293635
-0.0100342
-0.0339346
-0.0344889
-0.0380451
-0.044765
0.0484848
-0.026441
0.0103275
0.0154253
0.0228628
0.0325665
-0.0396968
0.0276137
-0.0222316
0.0054194
0.00681945
0.048192
0.0102774
0.0218951
0.0358102
0.00752579
0.0016499
0.0297267
-0.0267133
-0.0218596
0.00307786
0.0201366
-0.0336254
-0.01913
-0.0010976
-0.0105122
0.0444982
0.0184307
0.00934608
-0.0347595
-0.0157658
-0.0439854
0.00335902
0.0092081
-0.00875967
-0.00387108
0.0213001
-0.00616929
0.00937428
-0.014213
0.0102834
-0.00334875
0.0285541
0.0274022
0.027097
0.0222307
-0.0034998
0.0484012
-0.00572053
-0.0106636
0.0166772
-0.0295965
-0.0106523
-0.0162422
-0.00813847
-0.0311524
0.0351289
-0.0375342
0.0371563
-0.0201456
-0.00933039
0.0468879
-0.0399522
0.0377592
-0.0161211
-0.0278072
-0.0032201
0.010898
0.0228975
0.01318
0.0382149
-0.00907002
-0.0152461
0.0178276
0.0158109
0.00683417
0.0484131
0.00546317
-0.0413312
-0.0257712
-0.0294562
-0.00425368
-0.0123973
-0.00386267
0.0390321
0.01556
-0.0174204
0.0199228
0.0364178
0.0205283
-0.0309986
0.0387126
0.0485342
0.0197089
0.00383026
0.0177653
0.0352675
0.0518503
-0.0266303
0.0243651
-0.0225219
0.0395203
-0.000784012
-0.0101326
-0.0205187
-0.0439514
-0.0110764
-0.0411795
-0.0232226
0.0201729
0.0443878
0.0331524
-0.0339844
-0.00639456
-0.0214788
-0.0176099
0.0141657
-0.0407588
-0.0183876
-0.0302113
0.00449881
-0.0323083
-0.0471914
-0.019893
0.0388362
0.0392514
-0.0315086
0.0296153
-0.0363882
0.0303233
-0.031139
0.0154276
-0.0417145
-0.00723757
-0.00442331
0.0115528
0.0267527
0.0279576
-0.0482041
-0.0144814
0.0111671
0.0350937
0.033374
0.00531274
-0.0326406
0.0195156
-0.0175374
-0.0218343
-0.00411473
-0.0037276
-0.0477714
0.0352877
0.0126741
0.0128411
-0.0155962
0.0158597
0.0368558
0.00925468
0.0492561
-0.0132293
-0.0476669
0.0281957
0.0260556
0.00548563
-0.0358333
0.0122366
-0.0358014
-0.0335641
0.0474442
0.0432801
0.00339629
0.00835389
0.00244874
0.00766083
0.0230574
0.0297313
0.036836
0.0238352
-0.00223332
-0.0452346
-0.0148048
-0.0266757
-0.000496749
0.0157329
-0.00326167
-0.0344549
-0.0267388
0.0132559
0.0240325
0.018766
-0.0303233
-0.0442586
0.0265836
0.0466018
-0.0113676
0.0159048
-0.0147221
-0.049982
-0.00509806
0.0280337
0.00129806
0.0121531
0.0373474
0.0165413
-0.000446119
0.00260573
-0.00479282
0.0209701
-0.00270863
-0.0192658
-0.0197211
0.0197567
-0.0145371
-0.0392499
-0.000912219
-0.00816541
-0.0375781
0.0373975
-0.00900339
0.00919964
0.00136186
-0.0551048
0.0129371
-0.0268279
0.0283801
-0.0357983
0.0183425
0.0428613
0.0420513
0.0188344
-0.0306805
-0.0194571
0.0206321
0.0381062
0.0203145
-0.0171968
0.0116041
0.00292691
-0.00772983
-0.0230032
-0.0257383
-0.00103013
4.11666e-005
0.0140801
0.024263
0.0306972
0.0167068
-0.00393353
-0.0158331
-0.047854
0.0102854
-0.0372615
-0.0011904
0.00178197
-0.0218049
-0.00843575
0.00447532
-0.00530492
0.0135533
0.0487898
-0.0215979
0.0223188
0.0220565
-0.0460131
0.0158493
-0.0341789
0.0358794
0.0260361
-0.0220631
-0.0439022
0.0224363
-0.0284067
-0.0477712
-0.0306388
0.0260832
-0.0252819
0.0500207
-0.0433773
-0.0217735
-0.0198858
-0.00623205
0.0219005
-0.00157951
0.0458832
0.0368137
-0.0100269
0.0361588
0.0327025
-0.0133799
0.0299431
-0.0176304
-0.00957792
0.0158556
-0.0482526
-0.0332727
-0.038701
-0.0383461
-0.0202938
0.0385555
-0.0278427
-0.0452396
0.0609021
-0.0194192
0.0250775
0.0158265
0.0305653
-0.0409678
0.0245908
0.0105589
0.0109837
-0.0319363
0.0283487
-0.0137983
-0.0239448
0.0156193
-0.0444872
-0.0282075
-0.0228932
-0.0265962
-0.0302182
0.00294629
-0.00508841
-0.015279
-8.16504e-005
-0.0345638
-0.012302
0.026189
0.00460894
-0.0366307
0.0456878
-0.0290643
0.0230333
-0.0415438
-0.0314242
0.0395058
0.00852743
0.0108571
-0.0406844
-0.0104507
0.0443094
-0.0107528
-0.0255692
-0.00168208
0.0514881
0.0360883
0.0374974
-0.000892547
-0.04391
-0.0329091
0.00984934
0.0268023
-0.0338257
0.000767593
0.0145779
-0.044829
-0.0270977
-0.0352848
-0.022839
0.0218709
-0.0388353
0.0526466
-0.0460243
-0.0121344
-0.039783
0.00784781
-0.0176205
0.01984
-0.00744538
0.0214387
0.0163264
0.00500108
0.00381558
-0.0296286
0.0266361
0.0206357
-0.00569589
-0.0321687
0.0347872
-0.00359785
-0.0284813
0.00334291
-0.0354392
-0.0301035
-0.00498761
0.024913
-0.022654
-0.0126607
0.00746127
0.0264076
-0.0223437
0.00457029
-0.0197402
-0.0305641
-0.0493878
0.0104195
0.0158124
0.0392379
-0.0152662
0.0372503
0.00842567
0.0423744
-0.0434139
0.040023
-0.0291704
-0.0424923
-0.0405216
0.0337279
0.00655907
-0.0227637
0.00741151
0.0236913
-0.0515763
-0.0256587
-0.0248521
0.0106525
0.0308345
-0.00843953
-0.0389881
-0.0439479
0.0388472
-0.00759461
-0.036745
-0.0354568
-0.00493554
-0.0407564
-0.00590451
-0.0325554
0.0430485
0.00792787
0.0394992
0.0368707
-0.0401075
-0.0264432
-0.00566676
0.00873438
0.0348359
-0.0260096
0.0356668
-0.00738938
0.0143845
0.0399064
-0.0207018
0.00555354
-0.0404861
0.00238781
0.0432568
0.0320262
-0.0488001
-0.0337991
0.0691165
0.00796651
-0.0416052
-0.0198524
-0.0198858
-0.0211287
0.00755516
0.0239736
0.00995151
-0.0296272
0.0387819
0.0297746
-0.0125811
-0.0135334
-0.0317346
-0.0399845
-0.00629993
0.00941424
-0.0425178
-0.0314109
0.00359841
0.0324429
0.0239574
-0.0150098
-0.00379713
-0.0508046
-0.0193348
-0.00407746
0.00700474
0.0370433
-0.0210642
0.0426546
-0.0235299
0.036122
0.0411173
-0.0262837
0.00808518
-0.0425012
0.0233773
0.0156047
-0.0117135
0.0288863
-0.00400424
0.0123498
-0.00765395
-0.0215872
-0.0260886
0.0338877
-0.0113571
-0.00913883
-0.0211332
-0.0296132
0.0220226
-0.0215307
-0.0204266
-0.0197083
0.00399515
-0.0423042
-0.0298071
0.0184915
0.0372832
0.00720217
-0.0150967
-0.0470162
0.0327273
-0.0457583
-0.010889
-0.00324379
0.0223034
0.0513375
-0.00182735
0.0357153
0.0322312
0.023564
-0.00447034
-0.0115281
0.0229169
0.0148633
0.0178752
0.0256901
-0.0084016
-0.0151563
-0.0461557
-0.0454306
-0.0413894
-0.00288156
-0.035653
0.0138598
0.0411121
0.0124754
-0.0334565
0.0147717
0.00742929
-0.0252809
0.00464983
-0.0384501
0.0125386
0.0337156
-0.0182494
0.00763714
-0.0104283
-0.0509027
-0.0253873
0.0162736
-0.033669
-0.0481536
-0.0340187
-0.011728
0.0160853
-0.0326341
-0.0470007
0.0372523
-0.00822466
0.0360444
0.0387498
0.0104818
-0.0459769
-0.00793536
0.00754906
0.00283648
-0.0445822
0.00312152
-0.0471315
-0.0333951
0.019438
0.0483049
-0.0314958
-0.00846516
0.0209068
0.0139881
-0.0131064
-0.00545608
-0.0158595
0.0258022
-0.0234977
0.0020426
0.0379837
-0.0128048
0.0239239
0.0267401
-0.0223619
-0.0160996
-0.0308868
-0.0500035
-0.0263947
0.0114919
-0.0391904
0.0295437
0.0130883
-0.0155922
0.0114534
0.034055
0.00647728
-0.00824554
-0.0497336
-0.037064
0.021265
-0.0222739
-0.0475166
0.0334997
0.0171881
-0.00837604
0.00643943
-0.0277043
-0.00346544
0.00106299
0.000437317
0.0134995
0.018677
-0.00395074
-0.0168371
-0.0303568
-0.00851801
-0.0494322
-0.047871
-0.0416809
0.0245784
-0.03433
-0.0108841
0.0299351
0.0163585
-0.0224651
-0.0281991
-0.0316631
0.0383349
0.0475357
-0.00470702
0.0113508
0.0241054
-0.019128
-0.0652469
-0.0361782
0.0313023
-0.0233268
-0.0111446
-0.036045
0.00713035
0.0299202
0.024713
0.0574895
0.0515402
0.0294063
0.0057905
-0.0182547
-0.0142543
-0.00602879
-0.0278696
-0.0128475
0.0588994
0.0347667
0.0239646
0.0465827
0.0112269
-0.0402979
-0.036363
0.0337622
0.0118335
0.0151733
0.0359495
0.0181849
-0.0172756
-0.0165829
-0.00798357
-0.0175259
0.00472132
0.013511
-0.0131078
-0.0197644
-0.0176694
-0.0427551
0.0199822
-0.0401101
-0.0228816
0.0454312
-0.0240383
0.0070579
-0.0316745
-0.0561168
0.0496162
-0.0225808
0.0319648
-0.0509087
-0.00127957
0.0139647
-0.0106307
0.0048508
0.0140235
-0.000725027
-0.00823686
-0.0384998
0.00977977
0.0357616
0.0198914
-0.0319919
-0.0724205
-0.019148
-0.0176158
-0.0369733
-0.0189025
-0.0252104
-0.036241
0.0106553
0.00198362
-0.0485711
0.0030459
-0.0301319
0.0103089
-0.0244098
0.0278035
0.0549898
-0.00484875
-0.0350819
0.0101293
0.017558
0.0415483
-0.0111014
-0.0416579
0.0282032
-0.0508073
0.0361447
0.0423411
-0.0277288
-0.00563688
0.0400283
0.00638106
-0.0275636
0.000209524
-0.0233885
0.0208778
-0.0195621
0.0123878
-0.0288092
-0.0378443
-0.0366948
0.00567847
0.0386347
0.0388064
0.0404689
0.000747189
-0.00835025
0.0392578
-0.00606627
0.0511604
0.0180608
-0.00600527
0.00820486
-0.0318313
-0.0223521
0.0307361
-0.04237
-0.00335023
-0.0258748
0.0195074
0.0178405
-0.0188455
0.0307271
0.0387505
-0.0422927
-0.0240889
0.03267
0.00992057
-0.0363507
0.00278735
0.0264094
-0.0066394
-0.0174695
0.0115769
0.0473741
-0.0130405
-0.0185374
0.0220734
-0.0279859
-0.0154638
0.0400249
0.030952
0.0257221
-0.021156
-0.00117946
-0.0200203
0.0447525
-0.0164503
-0.0490884
0.0181072
-0.022247
0.00784734
-0.00516904
0.0311257
-0.039734
0.0131602
-0.00633624
-0.0380873
0.0403573
-0.0129535
-0.0496556
0.0382676
0.0104448
-0.0381847
-0.0456992
-0.0287314
0.0214412
0.014439
-0.00975424
-0.0330451
0.0137605
0.00650449
-0.0381595
0.019156
-0.0148522
0.0470005
-0.0498844
-0.00330566
0.00105364
0.000852874
-0.0240897
-0.0372426
-0.00648865
-0.0308205
0.00988288
-0.0500898
-0.0164097
0.0499881
-0.00265382
0.0022914
-0.0111836
0.0231961
0.0158198
0.0390907
-0.0221472
-0.0256096
-0.00620721
-0.0405998
0.010489
-0.00311016
-0.0229954
-0.0338314
-0.0164234
-0.00634175
0.0312432
0.0207092
-0.00253532
0.0131996
-0.0184293
0.0163885
-0.0220055
-0.00960078
-0.0333949
-0.0243183
-0.0434716
-0.0156015
-0.0425166
-0.00897892
-0.0455475
0.0217174
-0.0154271
-0.0392189
-0.0466535
0.0291172
-0.00756078
0.00943788
0.0268745
-0.0387937
-0.030773
-0.0228745
-0.00643764
0.0116431
0.0243213
0.0133215
-0.00725258
0.00644171
0.0348219
-0.00737331
-0.0131289
-0.00891634
-0.0323351
-0.00126164
0.0127454
0.0151882
0.0263032
-0.0251612
0.0336267
0.0333594
0.031356
-0.00593647
-0.030033
-0.0183163
0.024356
-0.000555834
-0.0427852
-0.00923367
0.0135126
0.0257537
0.0164703
0.0357517
0.0263615
0.0436879
-0.025922
0.0234885
0.0282993
0.0480003
0.00423564
0.0186565
-0.0305547
-0.0249321
0.0394261
0.00413947
-0.0333285
0.00801729
-0.037883
0.0292052
0.0153197
0.0468891
-0.0238179
0.00188591
-0.0023881
-0.0244356
-0.00893344
-0.0124641
-0.0508768
-0.0281328
0.0324437
0.00612278
-0.0159201
-0.0398853
0.0276248
0.00164372
0.0117985
0.0404853
0.0300686
-0.0425223
0.0474125
0.0089519
-0.0379527
-0.00172007
-0.0192852
0.0352712
-0.0491035
-0.0256487
0.0424351
-0.0399327
-0.0121092
0.0144816
-0.00061985
-0.0307491
0.00610097
-0.0332004
0.0319742
0.0389125
-0.0246074
0.00894369
-0.00549429
-0.017187
-6.52914e-005
0.0272681
-0.00537256
-0.0501107
0.0128295
-0.033335
0.0388535
0.0161743
0.0173531
-0.0457292
-0.0478079
0.0137209
-0.0329244
0.0399359
0.00853148
0.0307758
0.0465095
0.0236081
0.0365914
-0.0456757
-0.00972148
-0.018024
0.0288747
-0.0178202
-0.01012
0.0264599
-0.0120206
0.0482328
0.0055409
0.00635231
-0.0165422
0.0109958
-0.0472708
-0.0420757
-0.0389501
0.015249
-0.00732694
-0.0359927
0.0344358
0.0210102
0.031181
0.0396397
-0.00798246
0.0337269
-0.0394823
0.0383137
0.0218772
-0.0281147
-0.0202299
-0.0209024
0.000390839
-0.0147837
-0.0404694
0.00831787
0.046749
0.0198536
-0.0209329
-0.0364137
0.0214257
-0.0313925
-0.0265072
-0.0327799
0.0401236
-0.00625105
0.0380306
-0.0283176
0.0580791
-0.0494532
-0.0258911
-0.00269852
0.021929
-0.0425031
-0.0272162
-0.0108821
0.0212166
-0.0523677
0.00176671
-0.0154316
0.033228
-0.0163531
-0.0138885
-0.0176891
-0.0320815
0.00734906
0.0269151
-0.00364796
-0.0219176
-0.00708417
-0.0115256
-0.0184246
-0.0338858
0.00622511
-0.019552
0.0474934
-0.0289356
0.0374951
0.0416607
0.0222552
0.0289494
0.0386782
0.0424518
-0.00535033
-0.0212386
0.0302532
-0.038327
-0.0105603
-0.0350172
-0.0105485
0.0281985
0.0271119
-0.0235696
-0.0147809
-0.0177434
-0.0320777
0.0163207
-0.0146667
-0.00518585
-0.0288845
0.0164085
-0.0433982
-0.0211525
-0.0301207
-0.0408635
0.00760071
-0.0457911
0.0177983
0.0345355
-0.0168344
-0.0274873
0.00566011
0.00414343
0.0127411
-0.0146849
0.00658737
0.0312925
0.0111417
0.00147314
-0.0263536
-0.0487616
0.00465997
-0.0352617
-0.0211676
-0.0261432
-0.0210723
-0.0161877
0.042023
0.0202029
-0.0353499
0.0523104
-0.0190947
0.0544278
0.00256615
0.000983744
0.0409143
0.0125121
0.0231758
0.0461305
-0.0237359
-0.0370863
0.0312681
-0.0335797
0.0403612
-0.00519316
0.0276703
0.0209479
0.0271858
0.0157017
-0.0462646
0.00437535
-0.00265036
-0.00187366
-0.0337667
-0.0299035
0.0299402
0.0109732
-0.0303514
-0.0358559
-0.0164937
0.0204067
0.0236792
0.0304805
-0.0152556
0.0346086
-0.0433076
-0.0518439
-0.00746021
0.0504884
-0.0450457
-0.00743196
-0.0118789
-0.0172927
-0.0685645
0.0170302
0.00962975
-0.0443154
-0.0249282
-0.0628562
0.0358521
-0.000758637
-0.0443278
-0.040816
0.014622
0.0141087
-0.0248977
-0.00929239
0.0209871
0.0303936
-0.0360277
-0.0298656
0.0469639
-0.0683785
-0.0237861
0.0200529
-0.0417462
0.0162375
0.0286688
0.022691
0.0312588
-0.0452361
-0.0150864
-0.00717204
-0.0246988
0.0113754
-0.00948438
-0.0481679
-0.0238269
-0.016398
-0.0306183
-0.0579145
-0.00753774
-0.0477531
-0.0251394
0.0254918
0.00104959
-0.00452964
-0.0335447
0.00289244
0.0382532
0.0136142
0.0078099
0.023492
0.0251581
-0.020038
-0.0055403
0.0403791
0.0294119
-0.00298073
0.0459557
0.0488919
-0.0330842
0.0470038
0.0196438
0.00454564
-0.0397821
-0.00151442
-0.0526574
-0.0248961
0.00534423
0.0389397
0.0253192
0.0545871
-0.0494267
0.00581491
-0.0244454
0.0271483
-0.00373216
0.02609
-0.00307011
0.0310998
0.0351067
-0.00938616
0.0070915
0.00708109
0.012933
0.00430955
0.0393446
-0.0362996
0.0411047
0.0467338
-0.0466034
0.0247812
0.0158078
-0.0100183
-0.0252084
0.0380451
0.016064
-0.0222095
-0.000866852
-0.0182631
0.0217442
-0.00878801
0.0467232
0.0182397
-0.0337686
-0.0327564
0.00215111
0.0248675
-0.0289825
-0.00737547
-0.045161
-0.0335134
-0.0190087
0.0104269
0.0294211
0.0241013
0.0396173
0.0425206
-0.00923842
0.0437425
-0.00344296
-0.0125572
0.0033108
0.00995021
-0.00162269
-0.0373966
-0.0110753
0.0273902
-0.032244
-0.0339955
-0.0158435
-0.0252598
-0.0199284
0.0359875
-0.00338806
0.0332238
-0.00117256
0.0104533
0.00795591
0.0111845
0.00469761
-0.0438279
-0.0353208
0.0245717
0.0302657
-0.0175493
-0.0125217
0.00891787
-0.0113046
-0.0146306
0.00652891
0.00402488
-0.0343895
0.0442656
0.0405909
-0.0371946
0.0264342
0.0312609
-0.0318618
-0.0172428
-0.0276532
0.0383468
0.017406
-0.0329543
0.0632827
0.0196472
0.0333815
0.00552153
0.0154065
-0.0317865
0.0129554
-0.0371262
-0.0439084
-0.0132295
-0.0418058
-0.0291112
-0.0122408
0.0347704
-0.00306168
0.0173185
-0.0113648
-0.0450856
0.00690411
0.0205991
0.0634526
-0.00680942
-0.0444741
-0.0394062
0.0332754
-0.0493673
-0.00584007
-0.0260411
-0.0232471
-0.0325409
-0.0179613
-0.0138334
0.00305941
-0.0131795
-0.0224089
0.0431688
-0.0444564
0.0511623
0.0132602
0.00254182
0.0101916
0.0258095
0.0227809
0.0349108
0.00535386
0.0306943
0.0223343
0.00260138
0.0322351
0.00986592
-0.0251803
-0.0497903
0.0295305
0.0456115
-0.0474295
-0.00766382
0.0337615
-0.0333012
0.0330928
-0.047555
0.0410803
0.0107795
0.056278
-0.0134083
-0.00264448
-0.0323489
0.0398686
-0.0110361
-0.0169707
-0.0216316
-0.0137103
0.043503
0.0395945
0.0228479
0.0352312
0.02033
-0.0129938
-0.0221419
0.0335939
0.0509903
-0.0403394
-0.0464238
-0.0123715
-0.000562067
-0.0193453
-0.0455971
-0.0185248
-0.0305979
-0.0327024
0.01743
0.0183641
0.00987005
0.0150978
0.0260324
-0.0210449
0.0164956
-0.0202578
-0.0186807
0.00608474
-0.0251004
-0.0447966
0.0366925
-0.0189117
0.0348787
0.0236278
0.00138142
-0.0360509
-0.0168101
-0.0018539
0.0153146
-0.0468371
-0.0500058
-0.0353768
0.0264839
-0.00442776
-0.0438955
-0.02529
0.0151917
-0.00289507
0.00669069
-0.0407436
0.0290107
-0.0252873
0.0303982
-0.0339726
0.047282
-0.0266181
-0.0367704
0.0593137
-0.0503525
0.0325839
-0.0153115
0.034114
0.0311366
0.0352329
0.0190494
-0.0471081
-0.00732404
0.0250065
-0.0382739
0.0433123
0.0432688
0.00943159
0.0118304
-0.0012117
0.0139541
0.0174307
-0.0444792
0.0231839
-0.0367595
0.00781257
-0.0479114
-0.0490274
0.0192552
-0.0106768
0.0391527
-0.0396935
0.014762
-0.0463938
0.00886491
-0.0333633
-0.040559
-0.0322314
-0.0281426
-0.0200467
0.0187023
-0.0475797
-0.0168198
0.00598472
0.00311655
0.0304942
0.043923
-0.00173332
-0.0265968
-0.0176483
-0.0387609
0.0550112
0.0353076
-0.0331797
0.0241357
-0.00111555
-0.0275018
0.0241066
0.0498288
-0.0234729
-0.0025245
0.0486685
-0.0506925
-0.0447745
0.0423013
-0.0160781
-0.0281234
0.0238229
0.0247572
0.0219449
-0.0447541
-0.0309926
-0.000618893
0.0252935
-0.00271462
-0.0144536
0.0430394
-0.0231835
-0.00556025
-0.0335635
-0.00391117
0.0515375
0.0371233
-0.00608769
-0.03977
0.0182185
0.0193888
0.0103759
-0.0347904
0.0114894
-0.0235712
-0.0161496
-0.0380391
-0.00504078
0.0197076
0.03119
-0.0479586
0.0351642
-0.0320677
-0.01517
0.014341
0.000931087
0.0309747
-0.0401124
0.00980294
0.014166
-0.0189017
-0.0187178
-0.000339642
0.0173256
0.0397384
0.0431815
0.000104081
-0.0470664
-0.00209843
0.0261619
-0.0088702
0.0383186
0.00402259
0.0448711
-0.0146875
0.0403278
0.0138783
0.00817391
0.00433791
-0.0401055
-0.0100707
-0.0383213
0.0444781
0.0511699
0.0366066
0.0354651
0.000126579
-0.029253
0.0175369
0.0365341
0.00997598
-0.0286846
0.0384637
-0.0280889
-0.033628
0.00563175
-0.0383594
0.0387264
0.0376358
0.0288497
0.0169654
-0.00719193
-0.0319102
-0.0381714
-0.0329022
0.021661
0.0417612
0.0212676
-0.0386445
0.00932955
0.00297705
0.0544524
-0.0428307
0.011409
0.013586
0.0264678
0.0311359
0.0456704
-0.0358324
-0.00913791
-0.0384165
-0.0205866
0.0434273
0.0116837
0.00453479
-0.0215036
0.00995253
-0.033503
0.0271127
0.0223978
0.0085436
-0.038695
-0.0287558
0.0199838
-0.0174078
0.0086336
-0.00370255
0.00889628
-0.040383
-0.0117646
0.0347748
0.0277287
0.0317018
-0.0344074
-0.00968154
-0.0244255
0.0471085
-0.0383655
0.0276719
0.0430985
-0.0427517
-0.0129266
0.0316713
-0.0327343
-0.0508067
0.0395547
0.0308662
-0.00461378
0.00614222
-0.00370023
-0.0443014
0.0406053
0.039536
-0.0476557
-0.0254511
-0.0255412
-0.0367055
-0.0273758
0.020646
0.0540476
0.0410507
0.0134717
-0.0277808
0.0292708
-0.0515779
-0.0451482
0.0163609
0.0229251
0.0191218
0.0418243
0.00670099
-0.00681508
0.0176458
-0.0244163
-0.0152827
-0.0302949
0.0408298
0.0303324
-0.0123196
0.0389526
0.00280526
-0.0289214
0.0422859
-0.0262406
0.00139624
-0.0460075
0.0417162
-0.021327
-0.0281693
0.0279584
-0.0442792
0.0337333
-0.0280618
-0.0187517
0.0133448
-0.043716
0.0103228
-0.0295559
0.0288041
-0.0423718
0.00126104
-0.00171371
-0.0294876
0.0029843
-0.00907808
0.040924
0.0142548
-0.00375357
0.0367336
0.0435903
0.0463275
-0.00641557
-0.0434099
-0.0425444
0.0288177
0.0637573
0.00226273
0.0102347
0.0117231
-0.00705731
0.020493
0.0303372
-0.0390141
-0.00316303
0.0367364
0.0162871
0.0264962
-0.0190537
-0.0446445
0.0261547
-0.00632197
-0.0470322
0.0522606
-0.0649705
0.0349113
0.0412514
-0.00288346
0.0427703
0.0112423
0.0155847
0.0318334
0.00380425
0.00232138
-0.0107113
-0.00344602
-0.022698
0.042135
-0.0145311
-0.0011001
0.0229309
0.0146465
0.0485616
0.0440713
-0.00254692
-0.0136822
0.0178259
0.036859
-0.036127
-0.0148894
-0.0339857
0.0198867
0.0269538
0.0432837
0.00631293
-0.00451506
0.0560066
0.0378117
-0.0297976
-0.0479941
0.0170213
0.0193342
-0.00650425
-0.061314
-0.0507126
-0.0160198
0.0505064
-0.039141
-0.07549
-0.0441206
-0.0110425
-0.0216276
0.0104465
0.0495977
0.0283618
-0.0361487
0.038001
0.0113495
0.049772
0.0012323
0.00767247
-0.00653333
-0.0174074
0.030162
0.0541986
-0.0393491
0.00957063
0.00994145
0.0360982
0.0271261
0.0497234
0.00383366
0.0275116
-0.0327009
0.0445661
0.0587392
0.0435967
-0.00428753
-0.0163355
-0.0376167
-0.0294259
0.0606696
-0.00197237
-0.00295768
0.0275633
-0.0282588
-0.0314676
-0.0196606
-0.0358538
0.0320773
-0.000103312
0.0125849
0.0455802
0.0524524
-0.013714
-0.00180622
-0.0492643
0.0125332
-0.0290725
-0.00268358
-2.13414e-005
-0.0415376
0.00163172
0.000776447
0.0315206
-0.0098814
-0.052703
0.025141
-0.0279323
-0.0100009
0.000874743
0.0182682
0.00262007
0.0271312
0.0321994
0.00279588
0.03737
-0.0126041
0.0363657
-0.0282766
0.0122355
-0.0434706
0.0132863
-0.00824655
0.0154252
-0.00929577
-0.0373597
0.031705
-0.0475671
0.0144109
-0.0118319
-0.0129471
-0.0444875
0.00183428
-0.0153429
-0.0509855
0.0174549
0.036652
0.0440526
0.0193312
-0.026322
0.0237364
0.0178543
0.0176932
0.00337837
0.0406859
-0.00203105
0.00900116
-0.0507718
0.00309535
-0.0367491
0.038186
0.0306118
-0.00199304
-0.0181173
0.0144507
-0.0370954
0.0385955
-0.0150621
0.0205077
-0.0106711
-0.0242873
0.0460554
-0.0181325
0.0184712
-0.00131124
0.0265359
-0.0380239
0.0425384
-0.0408322
0.0378408
0.0403905
-0.0233958
-0.0311342
0.0297094
-0.037876
-0.00431994
-0.0081619
0.0404378
0.0145632
-0.00796518
0.0416327
-0.0169846
-0.0334608
0.032021
0.00922741
-0.0434021
-0.0154769
0.0142746
-0.0209813
0.034085
-0.0432107
0.0324465
0.0250346
-0.0172656
-0.00492388
0.0125836
0.0163124
-0.000516879
-0.0253138
0.0498675
-0.00272267
0.0381628
-0.00710516
-0.0207764
0.043591
0.0109369
0.031199
-0.0380927
0.0627039
0.0242196
-0.0272598
0.0455898
-0.0242214
0.0309823
0.0199742
0.0377898
0.0417745
1.47751e-005
0.0248055
0.0558649
-0.035016
-0.0190187
0.0194315
0.0471669
-0.00125884
0.0071729
0.00766593
0.0245417
-0.0116975
0.0765591
-0.0554984
0.0429368
-0.0418254
-0.0455812
0.00878785
-0.0227458
0.0130175
-0.0228004
0.000915659
-0.00202291
0.0198848
0.0635403
0.0230814
-0.0269684
0.0423716
0.0597436
0.0243314
0.00910715
-0.0344554
0.0346369
0.0379107
0.0352072
-0.014097
0.0317529
-0.0275333
-0.00991002
-0.0133689
0.00649552
0.00867159
-0.0443039
-0.0380864
-0.0120674
0.0583427
0.0106458
-0.00602144
0.0186286
0.0610477
0.0158356
0.0109566
0.00711016
0.0218411
-0.00632049
0.0288029
-0.0354617
-0.0402031
0.00493994
0.00213651
0.0475353
-0.0297225
-0.00429894
-0.0424175
-0.0427947
0.0396616
0.0330926
0.048056
-0.0448804
-0.0229612
-0.015752
0.0376519
0.0238842
-0.0326015
-0.0364715
-0.00341052
0.0120792
0.0359428
0.027498
0.0469384
0.0326497
0.0401231
0.0402408
-0.0250108
0.0237019
-0.0379771
-0.048515
-0.00360106
0.0262086
-0.000199074
-0.0231893
-0.0301815
0.00207073
-0.0299807
0.0404254
0.0360322
-0.0263454
0.010276
-0.0473095
-0.0288397
-0.0429699
-0.018685
0.0291415
-0.033582
-0.0306946
-0.0475176
-0.0492294
-0.0375602
0.0420459
0.0207677
0.038862
-0.0312234
0.0138643
0.0647545
-0.0433007
-0.035346
-0.0243576
-0.0418112
-0.0114072
-0.00121946
-0.0416589
-0.00995022
-0.0212379
0.0417727
-0.0263608
-0.0260796
0.0488551
0.00203717
-0.00594309
0.0377748
0.0205872
-0.00746218
0.0248402
0.0245638
0.0030195
-0.0382584
-0.0340774
0.0152584
0.0327359
0.0495642
0.0298393
0.0237814
-0.0344416
0.0368943
-0.0185927
0.0187343
-0.0210093
0.0423126
0.0052295
-0.0473197
0.00309075
-0.0281388
0.0388932
0.0394237
-0.0105131
0.0480376
-0.0172759
-0.0218565
0.0156094
0.00165366
-0.000557117
-0.0103622
-0.00178212
-0.0436644
-0.0343648
0.0358978
-0.026102
-0.0307494
0.0290836
-0.0102532
0.03058
-0.037829
0.0128108
-0.00578954
0.0178366
0.0538943
0.00114755
0.0531688
-0.0403173
-0.0104028
-0.0139526
-0.0396614
-0.00742695
0.0390743
-0.00604593
-0.000413154
-0.0453566
0.0091919
-0.00856193
0.0278794
-0.00690436
-0.02896
0.00456211
0.0253956
-0.0292263
0.0367455
-0.0349462
0.0447078
-0.0367455
0.00131151
0.030925
0.0357043
0.0308474
0.0195141
0.00640186
-0.00923819
-0.0249689
-0.00512306
-0.0341971
-0.0269841
-0.0402711
0.00795816
0.010082
0.0137149
-0.0252407
0.0431033
0.0209803
0.0165337
0.0259979
0.00277664
-0.00919357
-0.0235156
0.0527219
-0.0067154
0.0242457
0.0125751
0.0461668
0.00569747
0.0462722
-0.0476745
0.00184493
0.0572809
-0.0500552
-0.0412065
-0.0136083
0.0705838
0.0656607
0.0637764
-0.0110963
0.0241902
0.0219106
0.0098773
-0.00473234
0.00398812
0.00458152
-0.00173447
-0.00182097
0.0595111
0.0084709
0.055535
-0.0103746
-0.0386471
-0.0195991
-0.0405862
-0.0149587
0.0251807
0.0370566
-0.0265303
-0.0189967
-0.0247812
-0.00423407
-0.0325594
-0.0334327
-0.0462816
-0.0353596
-0.0201994
0.0108146
0.0307188
0.036697
0.0158202
-0.00270969
0.0352254
-0.0304403
-0.0237379
-0.00481628
0.0314924
-0.0324896
0.0359091
-0.0611006
0.0469028
0.00215755
0.0264954
-0.0426885
0.0118702
0.0626484
0.0362176
0.026944
-0.0201098
-0.00555176
-0.0364685
0.0254558
0.039963
0.0511607
-0.0201104
0.0464716
0.0273157
-0.014945
0.0132131
-0.0394669
0.00363741
0.0664685
0.0599215
0.035826
0.0226929
-0.0463184
0.0051609
0.0218334
0.00639177
0.0185663
-0.0123823
0.0445232
0.0251793
-0.0060649
-0.0122653
-0.0252097
0.0122749
0.0199275
0.00181494
0.0224368
-0.0412935
-0.0176355
0.00436244
-0.00303958
0.0464142
-0.00297064
-0.0249314
-0.0293737
0.0405633
-0.0266239
-0.0445738
-0.0151797
-0.0452182
0.0185741
0.0308603
-0.0233546
0.0224784
0.00518913
-0.0373601
-0.0439458
0.00748625
-0.0297936
-0.0425799
0.0139927
-0.00427761
0.0184636
0.0358479
0.00999324
0.0146251
-0.0244458
-0.0123162
0.0606225
-0.000881242
0.0466894
-0.00293411
0.0129884
0.0245136
-0.0273694
0.0267519
-0.0169045
0.0451376
-0.036494
-0.00883513
-0.0554475
-0.0154852
0.0215756
-0.0271822
-0.00442483
0.0369216
0.0291759
0.0342028
0.0222115
0.00512033
0.025214
4.05797e-005
0.0340658
-0.0319475
-0.0136377
-0.00600352
-0.0446607
0.0238982
0.0221243
-0.0190341
-0.0488828
0.026245
-0.0112658
-0.0318012
0.0287616
0.0449247
-0.0141411
-0.00208498
-0.0187927
-0.0508941
0.00611844
-0.00148925
0.00766113
0.0179913
-0.0227809
-0.00627418
0.0448854
-0.0336784
-0.0545554
0.0240963
-0.0467712
-0.00166079
0.049334
-0.0161839
-0.0106133
0.0146499
0.0210549
-0.0329925
0.0471454
0.00120249
-0.00860881
0.00206227
0.0273238
0.014819
0.0408039
0.00146383
0.0360637
-0.0234618
-0.0324707
0.046976
0.0539427
0.0211089
-0.0469689
-0.0477799
0.0273736
-0.0304992
0.0206764
0.0584485
-0.0438774
0.0278813
0.0282474
-0.0299906
0.0326084
-0.00506884
0.0169237
-0.0475514
0.00162891
-0.0345077
-0.0261786
0.0195689
0.0334785
0.0051284
-0.0219853
0.0111723
-0.027954
0.0280043
0.0473191
-0.00415685
0.0359307
0.0163179
0.0346009
0.0191602
-0.0460927
0.00747316
-0.0348594
0.0103936
0.00309929
-0.00578061
0.0178922
-0.0270496
0.0331854
0.0413895
0.0144368
-0.0450665
-0.0482961
0.0149704
-0.00994897
-0.044381
0.0269023
0.0139857
0.0496298
-0.0416047
-0.00467328
0.0148977
0.0047254
0.00540121
-0.0397915
-0.0359569
0.0223171
0.000949216
-0.0248887
-0.0363851
0.0271216
-0.0497704
0.0228987
0.000846867
-0.00311249
0.0235064
-0.0610148
0.025543
-0.00632818
-0.0258835
-0.0456217
0.0441237
-0.0133047
-0.0235117
-0.0535922
-0.0078384
-0.0532114
0.0160916
0.0450188
0.0153948
-0.00540428
0.0215468
0.0338689
0.0167203
-0.0261875
0.0217883
0.0362682
0.0157054
0.00566996
0.0408274
0.00370706
0.0423332
-0.030884
-0.0314862
-0.00644558
0.00587076
-0.00665134
0.0249469
0.00519568
0.00173068
0.0172549
-0.0164589
-0.0193838
-0.0529851
-0.0230905
-0.0353357
-0.0322088
-0.00654425
0.0286188
-0.0365946
-0.0369192
0.0260127
0.0235911
0.0273701
0.0182845
0.0226095
0.0299075
-0.0269709
0.018311
0.0146081
0.017262
0.03017
-0.0499121
0.00323084
0.00252031
-0.00698574
0.0470611
0.0183977
-0.047869
-0.021151
-0.0262018
-0.0478183
0.00278543
-0.00410268
-0.0219884
-0.0153562
-0.0164574
-0.0284054
0.00436924
-0.00705296
0.0592943
0.00851965
0.00170467
0.024415
0.0395215
-0.0263667
-0.000828166
-0.0301208
0.00299473
0.0507504
0.0411015
-0.00528304
-0.0435917
0.0335613
0.00674931
-0.012491
-0.0403913
0.0275896
-0.0441901
-0.0320632
0.0158494
-0.0272929
0.0575619
0.0255119
0.0288662
-0.0140814
0.0334086
-0.0371416
-0.0610913
-0.047678
-0.0351309
-0.0281843
-0.0488968
-0.0416661
-0.0541529
-0.0328726
0.0166945
0.0299721
-0.0410463
-0.0128764
0.00587235
0.030406
-0.0450904
0.0103479
0.00485799
-0.0168025
0.046899
-0.0369326
-0.00877501
-0.0220607
-0.0176495
0.0104601
-0.0448903
0.0342537
-0.0298299
0.0186674
0.0734138
-0.0162522
-0.037922
-0.00164435
-0.0476639
-0.00141422
-0.00408071
0.026889
0.00352958
-0.00135532
-0.0303951
-0.0139744
0.0444043
0.0270771
0.034885
0.0277594
-0.0306535
0.0202416
0.0365352
0.0162051
0.0457821
0.0278423
0.0364998
0.0255472
0.0306301
0.0301269
0.0467096
-0.0139454
-0.0434754
-0.0303487
-0.00400368
-0.021099
0.026731
0.00696427
0.0300393
-0.00177847
-0.0354909
0.0327078
-0.0411322
-0.020921
-0.00629111
0.0279506
-0.000307138
-0.0361755
0.0512983
-0.0119934
-0.0311527
-0.0264543
0.0373556
-0.0465256
0.0204984
0.0109916
0.0141394
-0.0307822
-0.0108995
-0.0389061
0.0383056
-0.0353365
-0.034943
-0.0127005
-0.0138005
-0.0244471
-0.0245908
-0.0426771
0.0473545
-0.0290518
-0.00482697
0.0126909
-0.0231329
0.0280074
-0.042156
-0.0441638
0.0321515
0.00572415
-0.00629144
-0.0347804
-0.000228315
0.0188628
0.0440131
0.000520636
0.0230463
0.0243569
0.0226864
-0.0243471
-0.0316898
0.0352017
0.0364948
-0.00402194
-0.0450574
-0.0460901
0.0217945
-0.0118544
0.0241097
0.0176571
0.0199992
0.0383974
-0.0174843
-0.00389802
-0.0251933
0.0104437
-0.0667612
-0.0135407
0.0154559
0.0166749
0.0380406
0.0138762
0.00295167
0.0147084
0.0292505
-0.0495212
-0.0318969
0.0175709
0.0128911
-0.0338362
0.0347446
0.0432538
0.0570088
0.0349073
-0.0450486
-0.0398241
0.0468572
-0.0414039
-0.01173
0.0135541
-0.0410981
0.0046981
-0.0350119
-0.000634749
0.0116982
-0.0206222
0.0131946
0.0666291
-0.013269
-0.0182254
-0.0157658
0.0308172
0.0138724
-0.000984012
-0.0417206
0.017792
0.0418287
0.0611732
-0.0148975
0.0475007
0.0311941
0.0449652
0.0478595
0.0341654
-0.0323791
0.0440047
0.0288939
0.0144451
-0.0466835
0.0344974
-0.0123339
-0.0422638
-0.0167404
-0.0230342
0.0243737
0.0310778
-0.0157379
-0.027783
-0.0418338
0.0228908
-0.0689054
-0.0554137
0.0422732
-0.0353861
0.024041
0.0204357
-0.0404896
-0.0235264
0.0680463
0.0190621
0.0501804
0.0305703
0.00522627
0.0441039
0.000564264
-0.00325101
0.0477197
0.048727
-0.0286003
-0.0104786
-0.0449312
0.0198343
-0.0387973
-0.0111543
-0.0284879
0.00408143
-0.0476953
-0.0389493
0.0117389
0.00210487
0.00372617
0.0371584
-0.0299567
-0.00890859
0.0136633
0.0132658
0.0326482
-0.00423459
0.0133812
-0.0342267
-0.0400505
0.0455289
0.0464467
-0.0209479
-0.0115059
0.0365679
0.0136976
-0.0147344
0.0415934
0.0493961
0.0436718
-0.00691135
0.00138243
-0.0506512
-0.00215688
0.0341176
0.0109194
0.0370826
-0.0302482
0.025607
0.0354326
0.00266163
-0.0245125
-0.00612508
-0.00710306
0.0058882
0.0196977
-7.23759e-005
0.0327666
-0.0247604
-0.0314309
0.0377515
0.0112147
-0.0199105
0.00641956
0.00758171
-0.0312327
0.0100807
0.00999698
-0.00949471
0.0481582
-0.0231275
0.0167765
0.00523791
-0.0305663
0.0499308
-0.025891
-0.0232099
0.0250207
0.00776494
0.00705532
-0.0416753
-0.00512503
0.0418342
0.00157063
0.0278108
-0.0484702
0.0426137
0.0475751
0.0360101
0.0285625
-0.0338437
-0.0452386
0.0445034
-0.00817906
-0.0195184
-0.0287503
-0.0353786
0.0455724
-0.0239615
-0.0327022
-0.0168121
0.0297821
0.0119033
-0.00972978
0.0328889
0.023271
0.0291552
-0.0388863
-0.00872798
-0.0359063
0.0356443
0.0365053
0.0460206
-0.00822253
0.00298224
-0.0239372
0.0363324
0.0208683
-0.025721
-0.0455737
-0.0238192
-0.000446359
-0.0142587
0.0249395
0.028395
-0.0448621
0.0242978
0.0159792
-0.047606
-0.0419956
0.0437054
0.0458038
-0.00828532
0.0463366
-0.0055417
0.0186861
0.0247132
0.0394656
0.00580864
-0.0235791
-0.0173168
-0.00139944
-0.0320254
0.00385903
0.0516148
-0.00495669
-0.0316837
-0.00307735
0.0392577
0.01558
0.0591161
-0.00205511
-0.00422079
0.0186866
0.0324926
0.0202385
-0.0332424
0.0299184
0.0147139
-0.0378149
0.00278876
0.013129
-0.0176687
0.0080423
0.0342127
0.0329482
-0.0286772
0.0437826
0.00327125
-0.0143544
-0.0369968
0.0290119
-0.0365299
-0.025569
-0.0106947
0.0623804
-0.0312252
-0.00930264
0.000166127
-0.00281092
0.0197502
0.0203609
0.014863
0.0110193
0.0461556
0.0154163
-0.00248967
-0.0431451
-0.0272873
0.049502
0.00362818
0.0210125
0.0302704
-0.0031116
-0.0303497
0.0585809
0.0526172
0.0126336
0.0637565
-0.0434357
0.0177065
-0.0451461
-0.0051375
0.0306535
-0.0354631
0.0193436
0.0130455
-0.0451393
0.0104492
0.0211715
0.0345956
0.024695
0.00771505
-0.00687508
0.076185
-0.0386361
0.00427327
0.054615
-0.0436375
0.00902567
0.00752631
0.012689
0.0207092
-0.0405685
-0.0284834
0.0582135
-0.00865584
-0.0168356
-0.0159321
-0.0136316
-0.0133661
-0.017395
-0.0349922
0.0167211
-0.0230217
0.0135712
0.0316014
-0.0359906
0.0250565
-0.0287788
0.0139333
-0.0049395
-0.0801015
-0.0253769
-0.0412827
-0.0731582
-0.0525226
0.00516188
0.0121465
0.0124856
0.000226849
-0.0700983
-0.00173378
0.01227
-0.0619714
-0.0267662
-0.00095451
-0.0279646
-0.0394283
-0.0262297
0.0297765
0.0634895
0.0399796
-0.0461073
0.00804252
-0.0288408
-0.0235981
0.0521775
0.0405021
-0.0154265
0.0172272
-0.0421496
0.00952041
0.0190429
-0.0279137
-0.0296987
0.0529794
-0.0269922
0.0504108
0.0275382
-0.0493341
-0.0251985
-0.0371622
-0.0451343
0.0346285
0.0226284
0.00306015
-0.0304028
-0.0350991
0.0231083
-0.0259996
0.000815604
0.0352424
-0.00234268
0.0483481
-0.0471329
-0.036348
-0.00881869
-0.0487782
-0.035926
0.0425353
0.0265426
-0.0457294
-0.0370555
-0.0405102
-0.02276
0.00260955
0.0505671
0.0180758
0.0229097
-0.0400675
7.42734e-005
-0.0151322
-0.0280366
0.0268308
-0.0215392
0.00616068
0.0479153
0.00379025
-0.00519187
-0.0158268
0.0102462
0.0436478
-0.0300584
0.0417244
0.00819509
-0.0114152
-0.00858933
-0.0497726
-0.0343442
-0.0475796
0.0551191
-0.0515936
-0.00347241
0.0238407
-0.115344
0.016469
0.0578227
-0.00393105
-0.0250131
0.00510741
-0.021158
0.00656183
-0.0093336
-0.0371127
0.0449515
0.0185493
-0.0437294
0.00410635
0.00267168
0.0131896
0.0160558
-0.0491867
0.00124773
0.00884128
-0.00107181
0.0401406
-0.000980859
0.0525495
-0.0166231
0.0116159
0.0205404
0.0172411
-0.0139077
-0.0350423
0.0327805
0.00603188
0.0361571
0.0237667
0.0176293
-0.0934772
-0.061828
-0.00210617
-0.0717731
-0.0964309
0.00882648
0.043886
0.0359965
-0.00986613
-0.0633505
0.0257093
0.0516462
-0.0386723
-0.0383155
-0.0105488
0.0464515
-0.00769354
-0.0423853
-0.00515994
0.0608099
-0.00185714
-0.00772215
-0.0201452
0.0319381
-0.0176559
0.0380339
0.0206967
0.0514299
0.0418837
0.0655868
0.0321897
0.0486032
0.0281898
0.0223963
-0.0135673
0.00332722
0.0281089
0.0253482
0.0156624
-0.0076672
0.043379
-0.0433783
0.0474626
0.0359061
-0.00601119
0.0416125
0.040115
-0.0321744
-0.000946964
-0.0100592
0.00692358
-0.00216251
0.00246013
0.00110437
0.0293237
-0.00396775
-0.0404529
0.0391833
0.0420597
-0.0305699
0.0199672
-0.0424301
-0.00688198
0.04857
0.00765134
0.036389
-0.0114034
0.0552251
0.0501116
0.0053103
-0.0244875
-0.0155964
0.0134318
0.0128888
-0.00400986
0.0252848
0.0451676
-0.00218956
0.0517617
-0.0249532
0.0317833
-0.044047
-0.0158857
0.0114031
0.0073822
0.0398633
0.0395479
0.0287708
-0.0399853
0.00586143
0.00330145
0.0564777
-0.0336605
-0.0316152
0.034869
0.0102145
-0.040834
0.0505209
-0.00683768
-0.0336311
0.0670799
-0.00386509
0.0238283
0.0424769
0.00452999
-0.0480568
0.0123658
-0.0298803
0.00552438
0.0423641
-0.00313218
-0.0156352
-0.00952967
0.0161747
-0.0161036
0.0310432
-0.0474795
0.0286426
0.0204568
0.0259017
0.00851343
0.0325834
0.0422139
0.0138028
-0.0122336
0.0187561
-0.0295388
0.0288906
0.0130745
0.00402648
-0.0225896
-0.124596
-0.109538
-0.00476877
0.0431753
-0.0448597
0.0221972
0.0113562
0.00429303
0.0370515
-0.0175238
-0.0324538
-0.0442377
0.0403872
0.0378929
-0.0376663
-0.00684161
0.0338076
-0.00071313
-0.042325
-0.0240761
0.0099408
-0.0259975
-0.022716
-0.0100348
-0.018411
0.0229251
0.135308
0.0236496
-0.00367546
0.0255318
0.045372
-0.0461641
-0.0417183
-0.00996605
0.0157674
0.0277587
0.0527712
0.0222592
-0.0203545
-0.0449822
-0.014362
-0.0325499
0.0400554
0.0288449
-0.0266183
-0.0358367
-0.0312992
-0.0401463
-0.00730969
-0.0444207
0.00550429
0.0221148
-0.0122545
0.0456532
0.0115108
0.017755
0.0170297
0.0460022
0.00838292
0.0504071
0.0223168
0.0292248
0.0374129
0.0511748
0.0713889
0.0405263
-0.0480386
-0.053883
0.035074
0.0147338
0.0481213
0.000699431
-0.0112962
0.0251304
-0.000522221
0.0276103
0.00381248
0.0371486
0.00652028
-0.0199691
-0.0454895
0.0478975
0.0254888
0.0273658
-0.0178387
-0.00367961
0.0550331
-0.0439319
-0.0376633
-0.0506294
-0.00841629
0.060739
0.0659842
0.0417251
0.0448833
0.00702921
0.0084073
0.032756
0.00442072
0.00426695
0.0705915
-0.0348425
0.0329586
0.0319599
0.0243657
-0.0292681
-0.0275815
-0.00345326
0.00295097
0.0140244
0.00714725
0.00331945
0.0240556
0.0561546
0.0549912
0.0437995
-0.00168022
0.000749735
-0.0110644
0.0268686
-0.0125743
0.0235176
0.0182817
0.0421996
0.0107739
0.000192732
0.0466414
0.00711885
-0.042619
-0.0404324
-0.01702
-0.034336
-0.042465
0.0335009
-0.020337
-0.00811432
-0.0168629
-0.0287921
-0.0328061
-0.0169283
0.0596853
0.00250863
-0.00666788
0.000976084
-0.0191694
-0.0221565
-0.0300423
0.0343228
-0.020035
0.00787158
0.0183768
0.00311184
0.00357317
0.0242961
0.0200312
0.0282187
-0.00501895
-0.0257411
0.0348062
-0.0303929
0.00160874
-0.0305744
-0.0205894
0.0282484
0.029679
-0.0478907
-0.0375068
0.0259018
-0.0258541
-0.00767252
0.025491
0.0136789
-0.0233118
-0.0299609
0.0319706
0.00982756
0.0299838
0.0442175
-0.0186897
-0.0103273
0.043573
-0.0451609
0.0175531
0.0384517
-0.0218039
0.0170164
-0.0123925
0.0204477
0.0342006
-0.0238716
0.0446756
0.011072
-0.0112613
-0.0486893
-0.0424982
-0.0565057
0.00612412
-0.0165867
0.0559824
-0.0161484
0.0397133
-0.037439
-0.0330479
-0.00708719
0.0324918
-0.036556
0.0098206
-0.0370481
0.0205662
0.00454768
-0.0333549
-0.0510625
0.022049
-0.00492037
0.00660281
0.00366993
-0.0152365
-0.0399415
0.046554
0.0202518
0.0277843
-0.000376888
-0.0465958
-0.00761149
-0.0331798
-0.00673936
-0.0103902
-0.0330498
0.0120999
-0.0469842
-0.0459351
-0.027822
-0.0244654
-0.00245326
-0.0101218
0.0397713
0.0149289
-0.0343249
-0.0117776
0.0385386
-0.0491667
0.027734
0.0517199
0.00163076
0.0340464
0.0433302
0.00640178
-0.00458405
-0.0222305
-0.013175
-0.0370198
0.018708
0.00220301
-0.0156561
0.0268396
-0.00663465
0.0543913
-0.0141852
-0.00892736
0.0118579
0.0236322
-0.015442
-0.0257927
0.0317431
0.0452105
-0.0114477
0.00995522
0.0301714
0.0378289
-0.0132843
-0.0238575
-0.0309405
-0.0201571
-0.0310748
0.0470546
-0.00437879
0.0354916
0.0239421
0.0179945
0.0454876
0.00738288
0.0297106
-0.0642269
0.00385928
0.0529065
-0.00524522
-0.0120792
-0.000734265
-0.0134453
0.0119089
-0.0246799
-0.0331998
0.0615631
-0.0140119
-0.0460144
-0.0383959
0.0138486
-0.0321927
0.0137439
-0.0125157
0.0247013
0.0493282
-0.0247861
-0.0225277
-0.0212573
-0.00293703
-0.0271406
-0.0134398
0.0485352
0.0455319
0.00767782
-0.0434198
-0.0361173
0.0163683
-0.0106179
0.000396145
0.0716632
-0.048242
-0.0286006
-0.000443812
-0.0540644
0.0238539
0.0449214
0.0224665
-0.0150773
-0.0302615
0.0179404
0.0193201
0.0250218
-0.00268352
-0.0121572
-0.0330372
0.0173117
0.00673481
-0.0221657
0.0363451
-0.00913566
0.0290181
-0.0150804
0.0430507
0.031422
0.00515925
0.0323317
-0.00523794
-0.00482169
-0.039572
0.0144545
0.0141939
0.0100234
-0.037111
-0.0266761
0.00633229
-0.00322872
0.0324177
0.0494957
-0.0254305
0.0158817
0.0196986
-0.0464025
0.0332996
0.028599
-0.00387896
-0.0363336
0.0154663
0.0267615
-0.0280211
0.0459977
-0.0144504
-0.0379015
0.0208008
-0.0427507
0.0439408
0.00997288
-0.0080592
0.0252814
-0.000994967
-0.00759691
-0.040689
0.0420506
-0.00568288
-0.00139495
-0.0191951
-0.0371301
-0.0464842
-0.0116248
0.0441383
0.0382871
0.0418475
0.0318837
0.0310575
-0.0279738
-0.00144112
-0.0351394
0.0176549
-0.0218155
0.0111927
0.0238557
-0.0067516
0.0158833
0.0339693
0.0387366
-0.015062
0.0110264
-0.00226505
0.0498874
-0.0164805
0.0023165
-0.0388743
0.00919675
0.0173077
-0.0993338
-0.0108979
0.0105313
0.0616504
-0.000585228
-0.0117701
-0.0278534
0.0417947
0.00431099
-0.037547
0.0673402
-0.0273924
-0.000865711
-0.0201331
0.0110117
0.045661
0.0249257
0.0398487
0.0277821
0.0656656
-0.00946206
-0.0386221
-0.0102356
0.0256457
-0.0244191
0.0295268
-0.0163341
-0.036201
0.02372
-0.0500279
-0.0282995
0.00741717
0.053514
-0.027831
-0.0024213
-0.103118
-0.0103051
0.0166981
-0.110962
-0.0716233
0.0311179
-0.00757942
0.0494455
0.0236296
-0.0424271
-0.041695
0.00531379
-0.0211162
0.0122444
0.0112069
0.0673614
-0.0247075
-0.0122962
0.00466106
0.0803948
0.0378216
0.00242934
0.0504679
-0.00800178
-0.0177482
-0.0288621
0.000362248
0.0128927
0.0265256
-0.0216276
0.015228
0.0222858
0.0241891
-0.00114859
-0.0530681
-0.0421023
0.0432386
0.0225516
-0.0347851
0.0377944
0.0167948
-0.0217589
-0.0361562
-0.00605003
0.0398695
-0.0397892
0.0128123
-0.037232
0.0186796
-0.0210011
-0.0341748
0.019523
-0.0451633
-0.0109733
0.0068854
0.0110092
-0.0064746
-0.000259527
0.0096678
0.0343021
0.0145931
0.0230381
-0.0417475
0.00490905
0.0408647
-0.0427924
0.0060624
0.0390925
-0.0158347
0.0466722
-0.0130732
-0.0321735
0.0191419
-0.0214076
-0.0470657
0.0425504
0.0386772
0.0374432
0.00837752
0.0413182
0.0223672
-0.00717264
0.0124239
-0.00408979
0.0366105
-0.0185748
-0.00750555
0.0085795
0.0434662
0.00959701
0.0245967
0.0431572
-0.0422061
-0.00386761
-0.0165371
-0.0298864
-0.0386741
-0.0380774
0.036664
0.0245234
0.0197951
0.0456142
-0.0305902
0.00781311
-0.0331404
0.0385391
0.0321854
-0.031218
-0.0171335
-0.0408525
-0.0478056
-0.00646244
0.00227539
-0.010333
-0.00545386
0.0300473
-0.0412865
-0.00166536
-0.0461229
0.0443559
-0.037438
0.0116333
-0.0105703
0.0100225
-0.0156068
0.0336246
0.0305375
0.0221175
-0.0442356
0.0434927
-0.0148681
-0.00129494
0.00549264
0.039764
-0.013691
-0.0184227
-0.0140654
0.0152454
-0.0157217
-0.0245728
0.00603153
0.00903017
-0.00804843
-0.00293333
-0.0368569
0.0549079
-0.00483919
0.0167869
-0.0365878
0.0315168
0.00778899
-0.00441925
-0.0242714
-0.0418724
-0.015507
0.0362301
0.0300027
0.0277947
0.0462925
0.0161412
-0.00579018
0.0222816
-0.0473573
0.0041429
-0.0201248
0.0380273
-0.00884714
-0.0145864
-0.0055102
-0.0274726
0.034666
-0.0251861
0.00279965
-0.0331115
0.0178247
-0.036839
0.0244267
-0.0215072
-0.00826394
-0.0254553
-0.0365104
-0.0283349
0.0301693
0.0218203
0.00248477
-0.0352457
-0.0112853
0.0170509
0.0403349
-0.0230029
0.00358745
-0.0215963
0.0613037
0.00285092
-0.0310134
0.0453907
0.0364578
0.0322065
-0.00518892
0.0191989
-0.00395293
0.0659993
-0.0255574
-0.00241887
0.0326205
-0.0271321
0.0122801
0.0343523
-0.0242547
0.0270898
0.00985295
0.0287851
-0.0302758
-0.018438
0.00271433
-0.00640077
0.0459247
0.00316387
-0.00827913
-0.0166166
0.0360358
0.0329829
-0.0408569
0.0231975
0.0151398
-0.0256411
-0.00659316
-0.00952924
0.0324242
-0.0487343
0.0129256
0.00257425
0.0182008
0.0229769
0.00744914
0.00191277
-0.0185229
-0.033493
0.0232957
-0.010368
-0.00575521
0.0501867
-0.02541
0.0483398
0.0252086
-0.0188474
0.00949968
-0.00137701
-0.00470528
0.019989
0.0252743
-0.0161331
0.00204894
0.024685
-0.0451545
0.024152
-0.0399839
-0.0265947
0.010906
-0.0270189
0.043206
-0.00922212
-0.0413314
-0.0342594
0.0224064
0.00379355
0.0336912
-0.033912
0.0310043
-0.0459367
0.0330381
-0.0328158
-0.0204867
0.0436078
0.0140845
0.00397488
-0.0473101
0.00179328
-0.0489125
0.0127652
0.0458791
-0.0195017
0.0112
-0.0157805
-0.0319025
0.0886178
-0.0383615
-0.0294282
-0.0047249
0.0480513
0.043751
0.00319325
-0.0200981
-0.0420006
-0.0230046
-0.0357311
0.00566665
-0.0169573
0.0455814
-0.0168152
-0.0120633
0.0357209
0.0236319
-0.023983
-0.020032
0.0445924
-0.0157281
-0.00791602
-0.00912124
0.0294314
-0.0327574
0.013101
-0.030232
-0.0283097
-0.0114357
-0.0441547
0.0141978
0.00710611
0.0137574
-0.020362
0.0299044
0.00348662
0.0420949
0.0640702
0.0535362
0.0223476
0.0228963
-0.0382111
0.0377731
0.0298974
0.0203347
0.0503922
0.0533413
0.0399142
0.0310851
0.0377207
-0.0486742
-0.00143737
-0.0390674
0.0103185
-0.0037898
0.027393
-0.0270437
-0.00547806
0.0389852
0.0186106
0.0324024
0.0287353
0.0157583
0.0185217
0.0366629
0.021325
0.0295229
0.0291855
-0.0220334
0.027701
0.0136644
-0.0294858
0.0433892
-0.0362649
-0.0229931
-0.000961276
-0.0247211
0.0135033
0.0207767
0.0338887
0.0384974
-0.0435736
-0.0443677
-0.0332944
0.01782
0.00340762
-0.0390346
-0.0524469
0.0320985
0.0360938
0.0114816
-0.01026
0.0206039
0.0148587
-0.0455278
-0.00388543
0.045587
-0.0475793
-0.0253809
-0.000229099
0.0143393
-0.0197341
0.0230785
0.00127315
-0.0391166
-0.0134463
-0.019549
0.0616506
-0.000546171
0.00633371
0.035113
0.0223017
0.019676
0.00733916
0.0240496
-0.0196184
-0.0238207
0.00713895
0.0050313
0.0312714
0.0287985
0.0315561
0.0347265
0.0334753
0.036443
-0.0459484
-0.000156852
0.0287233
-0.0478882
0.0263568
-0.0148906
-0.0394324
-0.00692266
0.00108721
0.022647
-0.0365827
-0.0346359
0.00157771
0.00197696
-0.0429141
-0.00106448
0.0255603
0.0424513
0.031622
0.0190454
0.00749101
-0.0173578
-0.0308438
0.0488631
0.0259755
0.0269715
-0.0318058
0.0387123
-0.0179725
0.0468312
-0.0341533
-0.0092012
0.0422175
-0.00772811
0.0356875
-0.0216104
-0.0256758
0.0540528
0.0331122
0.0487871
0.0313397
0.0429801
0.0346109
-0.0267016
-0.0180367
-0.0346042
0.0330227
0.0396453
-0.0248293
-0.00329268
0.0122411
0.0241245
-0.042053
-0.0417751
-0.00639806
-0.0425369
0.0538684
-0.0164958
0.0430856
0.0417844
-0.0187373
-0.0150017
0.0223627
0.0127962
0.0252803
-0.0119637
-0.0171523
-0.00549836
-0.0028964
0.023147
0.0254867
0.018977
0.000789233
-0.00291198
-0.00266047
-0.00298611
-0.0516705
-0.00268306
0.007318
0.0112469
0.0133688
-0.00318248
0.0153184
-0.0168016
0.0212332
-0.0428506
0.0463992
-0.0503128
-0.0456317
-0.0111919
0.0125974
-0.0201324
0.0336369
-0.0377856
-0.0358525
0.0448891
0.00784875
0.00660207
-0.0531998
-0.0166774
0.0324841
-0.00349455
0.00797735
0.00314248
0.0227658
0.0256537
-0.0073543
0.0218414
0.0273785
0.015288
0.0477871
0.0218591
-0.00414203
-0.00774428
-0.0100425
0.0420458
-0.0465861
-0.0100856
0.0508972
0.00687874
-0.00980892
0.0358898
0.0389819
-0.0271198
0.0398861
-0.00281147
-0.0156768
0.0286104
-0.0408786
0.00205633
0.0261894
0.0106044
0.0419632
-0.0208079
-0.0391626
0.027159
-0.0383251
-0.0415332
-0.0440153
-0.0129553
-0.00941008
0.0346799
0.0370901
-0.0207017
0.0124087
0.0361527
0.0377085
-0.00773025
-0.017963
0.0387422
0.0494392
-0.00338531
0.0357421
0.0164673
0.0121691
-0.0193498
0.00753225
-0.0121715
-0.00856811
-0.04836
-0.0144875
-0.0382219
0.0405772
-0.0129693
0.0181889
0.0285008
-0.00219396
0.000704902
0.00675254
0.00197874
-0.00977881
-0.00553047
-0.0386928
0.0424927
0.036782
0.00446351
-0.0149372
0.0396689
-0.0443475
-0.0120565
-0.0499365
-0.00613154
0.0238746
0.0186173
0.0282723
0.0281888
0.0455223
0.0475695
0.0488397
0.0282313
0.0364904
-0.00662265
0.0517865
0.0226495
0.0342266
0.0306851
-0.0346666
-0.0309035
-0.0452699
0.0108339
-0.0349549
-0.0368408
-0.0200839
0.0116981
0.0414856
0.0313341
-0.00547716
-0.044881
0.0107208
-0.0423717
-0.0021692
-0.0469052
0.0101374
0.0180314
-0.0219141
-0.0205012
-0.0386359
0.0244258
0.000226876
-0.0308114
-0.0209783
0.00190533
-0.00217957
-0.0422637
-0.0339267
0.0461255
0.00346597
-0.0373035
-0.019903
0.0224772
0.00333653
0.000497931
0.00136919
0.0412751
-0.0116708
-0.018866
-0.0328943
-0.0217041
0.00321384
-0.0185786
0.0263605
-0.00941922
0.0168891
-0.02001
0.0292049
-0.00799444
0.0375491
0.00827376
-0.0300879
0.0101705
0.0420659
0.0249498
0.0130094
-0.015837
-0.0266664
-0.040985
0.0102103
-0.0430653
0.0386159
-0.046017
-0.00638441
0.000354558
0.0440473
-0.00712605
0.0442632
0.0208277
-0.0437565
0.00521671
0.0501132
-0.0461254
-0.0313986
-0.0287492
0.0444124
-0.0290345
0.037906
0.0304427
-0.0383519
-0.0386069
-0.0211073
-0.047601
-0.0233973
-0.00871783
-0.00691528
0.0489354
-0.0311884
0.0379868
-0.00904425
0.0363545
0.00777576
0.012939
0.0183226
0.0349397
-0.0246108
-0.0210709
0.000569805
0.0177415
-0.0438856
-0.0328504
0.00442155
0.0457186
-0.0160972
0.0213834
0.0387722
-0.00219947
0.0130789
-0.042466
-0.0456964
0.0258523
0.0500297
-0.0421923
-0.0148992
-0.0387296
0.0234426
-0.0416803
-0.0443354
0.0308474
-0.0196748
0.0222061
0.0169194
0.0334102
0.0134572
-0.01348
0.0272453
-0.00349685
0.0437366
-0.0205087
0.01365
-0.0360088
-0.024409
-0.0443623
0.0322456
0.0248365
0.0281639
0.0252851
0.0040644
-0.023146
0.00954152
-0.0248893
0.0410291
0.0344937
-0.0288567
0.0374627
-0.0481432
0.0138949
-0.0183868
0.00912744
0.0269503
0.043494
-0.0447341
-0.0205188
0.0272378
0.0241444
-0.00420024
0.0426557
-0.0410773
-0.0303241
0.0372086
-0.0376562
-0.0157336
0.0131214
-0.0190212
-0.0183666
0.00747972
-0.0274406
-0.00605381
0.0152967
0.0533132
0.0379311
0.023098
0.00634861
-0.0237401
0.0328456
-0.0207102
0.0233958
-0.0474585
0.0062561
0.0467682
0.0013004
-0.0363712
0.0320794
0.0364826
0.0495364
0.0431401
-0.0139172
0.0034676
0.0283655
0.0498541
0.0339073
-0.0514326
0.00684729
0.00239218
-0.0588286
0.00014773
0.00869529
0.00953074
0.0354704
0.00753621
0.0133429
5.59862e-006
-0.00170207
0.0363366
-0.00148774
-0.0127268
0.0244415
-0.0543464
0.023066
-0.0482836
0.0200442
0.0098013
-0.0389115
0.0126819
-0.0449372
-0.0415478
-0.0446743
0.010858
0.0154248
-0.0081522
0.00355963
-0.00619167
0.00167941
0.0148496
0.0238089
0.0301621
0.00968758
0.106834
0.0280544
0.0113687
0.0324599
0.0319042
-0.055957
0.0823337
-0.041181
0.0277063
0.0449754
-0.0370365
0.00344224
-0.0379507
-0.0436852
-0.03586
-0.00703575
0.0338935
-0.0253661
-0.00317939
0.0349482
0.0468979
0.0175701
-0.00910187
0.0128197
0.0382639
-0.0182144
0.0551552
0.0406578
-0.0295721
0.0425496
-0.00185509
-0.0146582
-0.0071696
0.0229525
-0.0166614
-0.0112011
-0.0168107
0.0372229
-0.0116794
0.03668
0.0226325
-0.0534227
0.019403
0.0134167
-0.0013866
0.0128725
-0.0228087
-0.0287799
-0.0305609
-0.0406337
0.00675552
0.0414125
0.0462617
0.0455267
0.00327394
0.0188374
0.00115214
-0.0260884
-0.0326958
-0.00360732
0.0213263
0.059812
0.0376581
-0.0373815
0.0850561
0.0984192
-0.0340931
0.0357548
-0.0166625
-0.0288097
0.0689522
0.0530047
-0.031372
0.0045431
0.0263433
-0.0321173
0.0167534
-0.0136861
-0.0175972
-0.0097478
0.0360971
0.0117899
0.0272149
0.0102116
-0.00445591
0.0411826
-0.0446327
-0.027086
-0.0361395
0.0199424
0.0151153
-0.0466129
0.0134675
-0.0378218
0.0363511
-0.0326852
-0.0061373
0.006591
-0.0360766
0.0249199
0.0142447
-0.0358254
-0.0316283
-0.0121382
-0.00385403
0.0253589
0.0373975
-0.0372592
0.0142574
-0.0453397
-0.030172
0.0237435
-0.0077254
-0.0248346
0.011133
-0.0153357
0.0428891
-0.0130327
0.00238558
0.0342655
-0.0235349
0.0135896
0.00515498
-0.0191601
0.0533118
-0.0302323
-0.0269858
-0.0137751
-0.0316669
0.0154099
0.00581608
0.0366851
-0.0126957
-0.0131704
-0.0125189
-0.0379323
-0.0121262
0.016736
-0.0374347
0.0342187
-0.0387934
-0.0130329
0.0441416
0.0529916
0.00494421
-0.0428353
-0.0138977
-0.0146635
0.0371087
-0.0304923
0.038025
-0.0226881
0.0363977
-0.0468293
-0.0173656
0.00735062
-0.0148491
-0.0204098
0.00264443
0.00583032
-0.0232523
-0.0213988
0.0152715
0.0234698
-0.0276154
0.0150718
-0.0146638
0.0105541
-0.047071
0.0332141
0.0078103
-0.0169758
-0.0479178
0.0457968
0.0365862
-0.0304652
-0.0181319
0.00847927
-0.0320599
0.01067
0.0277309
-0.0417818
-0.0297224
-0.00726296
0.0042997
0.00593225
0.00816885
0.0272524
-0.0245775
-0.00343416
0.0454304
0.0472667
0.0262891
-0.0228204
-0.0106682
0.0180158
0.024886
0.0209459
-0.0155207
-0.0158433
-0.012766
-0.044454
-0.037849
0.0042008
-0.0133811
-0.0142872
0.0288879
-0.00194968
0.0295041
-0.00483559
0.0498806
0.0209779
-0.0319344
0.0150112
0.0359875
-0.0153543
-0.00854059
-0.0112546
0.00257903
-0.000706539
0.046319
0.0121401
0.0366549
0.0188844
-0.0206914
-0.0230172
0.00907164
0.0126352
-0.0129595
-0.042748
0.0293782
0.0425163
0.0269766
-0.00458624
-0.0127717
0.035991
-0.0495149
0.0421609
0.0241281
-0.0312444
-0.0189086
0.0411793
-0.00911779
0.0321966
0.0187457
-0.01151
0.00496096
-0.0242068
0.0466085
0.0234642
-0.0387585
-0.0392923
-0.0544288
0.0137052
0.0306718
-0.0359423
0.0387046
0.0484291
0.0320801
-0.0425049
0.0337312
-0.0256103
0.0125581
-0.0296078
-0.0477468
0.0141883
0.0154654
-0.0146091
0.0436271
-0.0463849
0.0355262
0.0212536
0.0140757
-0.000214996
0.0469979
0.0367306
0.0384939
0.0267264
-0.0257338
0.000646982
-0.00542107
-0.000872341
-0.0442642
-0.0082828
0.0194669
-0.0229712
0.0226559
0.0246939
-0.0197565
0.0241278
-0.0102626
-0.0242416
0.0102434
0.0107506
0.0420516
-0.045956
0.0109245
0.0197066
-0.0331079
0.0315217
-0.0365435
0.03725
0.0310194
0.0165622
-0.0162979
-0.0289673
0.0300486
-0.0180935
-0.00882491
-0.0373248
-0.0271994
0.0141149
-0.00017877
0.0301291
-0.0516155
-0.0467092
0.0314164
-0.0141328
0.0272498
-0.00114902
0.0106317
0.012217
-0.00399789
-0.0450538
-0.00260247
-0.00522464
-0.0390068
0.000562341
-0.0169652
-0.0427158
0.031814
0.00548632
0.0163095
0.0205898
-0.0291777
0.0364951
-0.0371361
0.0190316
-0.0498405
-0.00527975
0.0421833
0.0174234
0.0417807
-0.0142761
-0.0163391
0.00872804
-0.0102488
-0.0272173
0.0457268
-0.0110816
-0.000174422
0.0475108
0.0162773
-0.0178283
0.0457216
0.0422383
-0.0402973
0.0456459
0.0216674
-0.0393449
0.0389989
0.00891026
-0.00173612
0.0313498
0.022292
-0.00542454
0.00673699
-0.0273192
0.0343005
-0.00646427
-0.0129682
-0.0417972
-0.03726
0.00860435
-0.0353082
-0.0048101
0.021839
0.0152419
-0.0394993
0.0326295
-0.0167738
0.0292444
0.0102828
-0.0362221
0.0100688
-0.00832382
0.000727184
-0.0406175
-0.04645
-0.0272354
0.0312518
0.049493
-0.036089
-0.00905043
0.00118572
-0.0338789
-0.0355117
-0.043457
0.0450766
0.0318559
-0.0261858
0.025622
-0.00662973
0.0209144
0.0317694
0.0413683
-0.0489871
0.047214
0.0256282
-0.00997215
-0.00446159
-0.00211583
0.021686
-0.0487517
-0.0470155
-0.0209075
-0.036606
0.0308043
0.0184549
-0.00814236
-0.0209194
-0.0230744
0.00797679
0.031931
0.0035657
-0.0184871
-0.026386
0.0463137
-0.030371
0.00082178
-0.0487548
0.0322772
0.0282777
-0.00624817
0.0138435
-0.00690736
0.0144872
0.00979245
0.0489625
0.048339
0.00190008
0.0345242
-0.0272971
-0.0334359
0.0406667
0.0093665
-0.0273894
0.025022
0.0452138
-0.021135
0.00804306
-0.0224439
-0.0144842
-0.0507588
0.0164558
-0.0165826
-0.021301
-0.0124968
0.0207061
-0.0200588
-0.0409853
-0.00869053
0.0373815
0.0170768
0.0169331
0.00685713
-0.0497089
-0.0237173
-0.0043495
0.00406639
0.00528795
0.0436315
-0.0355792
-0.0380155
0.11781
0.0707216
-0.021034
-0.0248143
0.0191177
0.0249142
-0.0355114
-0.0181421
0.0138327
0.0707833
-0.0074795
-0.0234454
-0.00354227
-0.0238522
0.0367011
0.0326257
0.0405485
0.0323349
0.0144307
0.00504816
0.0244185
0.0470425
0.0100491
-0.05526
0.00993028
-0.0122769
-0.0314286
-0.00365798
0.0218724
-0.0322577
0.00514298
-0.0341651
-0.0391255
-0.0172106
-0.0499202
0.0903984
0.0177006
-0.00475446
0.0299898
0.0574113
0.0359536
-0.0312717
0.0310544
0.0136874
-0.00533356
-0.0391735
0.00680912
0.04746
-0.00302274
-0.0491605
0.0189181
-0.0165791
0.0599847
-0.0193179
-0.00480391
-0.0238665
-0.0472013
-0.0269538
-0.00725968
-0.0370192
0.0229216
-0.0277061
-0.0465034
0.00324664
-0.0357144
-0.0191181
-0.0121164
-0.0131951
-0.00923735
-0.0498911
-0.013248
-0.00758299
0.00536876
-0.00697286
0.0226956
-0.0353333
0.0243745
-0.00156315
0.0370897
-0.016688
-0.0116574
0.0187811
-0.0134493
0.0137944
7.94794e-005
0.025493
-0.0283261
-0.0148367
0.029416
-0.0129071
-0.020392
-0.0440681
-0.0448619
-0.0417127
0.0131346
-0.0297851
0.028274
-0.0488832
0.000435078
0.0224741
-0.0303145
0.0333129
-0.00379187
-0.0427255
0.0404341
0.0271906
-0.0296531
0.043607
-0.0383768
-0.0310372
-0.0455813
-0.0125977
-0.0105272
0.00304903
0.0110484
0.00233607
-0.00751933
-0.0426898
0.0258121
0.0313472
-0.024761
-0.00922048
0.0144985
0.0264614
-0.0130876
0.00760806
0.028819
0.0294781
0.0233012
0.0138715
-0.0589785
-0.0189527
-0.00199534
0.0164337
-0.0278502
-0.0418837
-0.0406047
-0.037638
0.0348929
0.0087324
-0.00988923
-0.00450349
0.0391127
0.0329403
-0.0190291
0.0460297
0.0393827
-0.0207705
0.0506745
0.0109592
-0.0360643
-0.0474235
-0.0199112
-0.0217461
-0.0053039
0.0142427
0.0377044
0.0346088
-0.00294428
0.0205875
0.0383304
-0.000785152
0.0137787
-0.0391973
-0.0263045
-0.0356504
0.0385805
-0.00130426
-0.0484445
0.0225483
0.0465629
-0.00758554
0.0414336
-0.036023
-0.00703372
-0.0152356
0.0229515
0.0293324
0.0149154
-0.0201891
0.0394754
0.0115372
-0.0302777
-0.0226168
0.043825
0.041056
0.0125531
0.0468841
0.033696
-0.0472634
-0.0333089
0.0162406
0.0479541
-0.0192425
0.0059403
0.00612201
0.0301451
-0.0101951
0.00313991
-0.0331254
-0.0124474
0.0358562
-0.0185004
0.0259528
0.0348303
0.049278
0.0241369
0.0236391
-0.00219899
0.0351956
-0.025311
0.00434935
-0.0341439
0.0136989
-0.0242737
-0.0167981
0.0160587
0.00964253
-0.027449
0.0498624
0.0327648
0.0100641
0.0501315
0.0212173
0.0119603
0.000547834
-0.0188818
-0.0252114
0.0202781
0.0497321
0.023443
0.0338574
0.0216745
-0.0407855
0.0396699
0.0221527
-0.0272101
0.0410682
0.046874
-0.0273065
0.0162504
-0.0245644
0.0452448
-0.0459593
0.0380729
-0.0242612
-0.0241774
0.00686372
0.0393551
-0.00927898
-0.0216673
0.0352644
0.0261749
-0.0373578
-0.0023166
-0.0178782
0.00369758
-0.0217569
0.028751
0.0170347
0.0237715
0.011121
0.00819916
-0.0100413
-0.0204121
0.0330937
0.0233093
-0.0128157
-0.0459827
-0.0459415
0.038131
0.00928673
-0.0101692
0.0446103
-0.0317888
0.0221742
0.000572911
-0.0220721
-0.0435202
0.0197143
0.0258162
-0.0399445
0.0453656
-0.00124556
0.0415614
-0.0215431
0.0174778
-0.00442256
-0.0287359
-0.0270709
-0.0113578
-0.0170649
-0.0434542
-0.00426346
0.0162262
0.00876634
-0.0287738
-0.0258095
-0.0168413
0.0206162
0.0117853
0.0257251
-0.0551688
-0.0421226
0.0131361
0.00413075
0.0215172
0.00221992
0.0342966
0.0170386
-0.0447631
0.0417346
-0.0161591
-0.0418122
-0.0299594
0.0423277
0.0175498
0.0449445
-0.0157274
0.00392261
-0.0342225
0.0494238
0.0492879
-0.0130944
-0.0349422
-0.0238743
-0.0272574
0.0409666
-0.020931
-0.0499365
-0.0102798
0.01088
-0.0110961
0.0132024
-0.0319382
-0.042744
-0.0411739
-0.0134268
0.0372032
-0.0452359
0.0490059
0.00936864
-0.0035271
0.00527455
-0.0227022
-0.0147757
-0.0241042
0.0438864
0.0266914
-0.0349601
0.00963548
-0.0351894
-0.0325515
0.00041457
-0.0183271
0.0502296
0.0114241
-0.0223659
0.0353686
0.00758279
-0.0345965
-0.00774396
-0.0311542
0.036521
-0.007224
-0.0492398
0.0372702
0.00430818
-0.0395123
-0.0274743
-0.0374134
0.0495425
-0.0301189
-0.025584
-0.0106177
0.00967041
-0.0394633
0.0114486
-0.022691
-0.0217387
-0.0274653
-0.0416664
-0.0362952
-0.00112136
-0.0314097
0.00409912
0.00972176
-0.0183323
-0.00685669
0.0375139
0.0276224
-0.0246103
-0.0278565
0.00508852
0.0421881
-0.0342902
0.0336636
0.0274376
-0.0483273
0.0332606
0.0465938
0.0222486
-0.038005
0.0387828
-0.0382469
-0.0422744
0.0440452
-0.0146974
-0.0360201
-0.0289198
-0.00543914
0.012424
-0.0130556
-0.042324
-0.0284067
-0.0410132
0.0322356
-0.00207992
0.0395963
-0.0169634
0.0368542
0.00330759
0.0247179
0.0467523
0.0184882
-0.0441048
0.028244
-0.0392486
-0.0457435
0.0319799
-0.0350874
0.0178419
0.0154045
-0.0445487
-0.00588585
-0.0318402
0.0136957
0.0180785
0.00983564
0.00557058
-0.00420174
-0.034234
-0.0501138
0.000107269
0.0281541
0.0132865
0.0096052
0.0420838
-0.0041261
-0.0129675
-0.017538
0.0457581
-0.00669902
0.0436628
-0.0466816
-0.037822
0.000685039
-0.0202673
-0.0470419
-0.0283287
0.0304101
-0.0286079
-0.0215658
-0.0257831
0.0484964
-0.0387066
0.0221557
-0.0243502
0.0411014
0.0273739
-0.00875605
-0.0176921
0.0421538
-0.0384233
-0.0288605
-0.0120793
-0.018804
-0.0116298
0.00685483
-0.0193094
-0.0199885
0.0422498
-0.0459731
0.0489919
0.0464995
0.0382059
-0.00379542
0.00758002
-0.00536361
-0.0254805
0.0465562
0.0405954
-0.0408899
-0.0292327
0.0498939
-0.0414029
0.00149016
-0.00733686
0.0115205
-0.0133136
-0.0107476
-0.0250578
0.0470476
-0.0302564
-0.034402
-0.00934237
-0.0131355
0.0130957
-0.037592
-0.0352605
0.0471185
-0.0469226
-0.0194302
-0.00267023
-0.0276205
-0.0353924
0.00296321
-0.015785
-0.0149574
0.00518755
-0.046663
0.00560313
0.0368649
-0.0026967
-0.0279356
-0.0325583
-0.0140584
-0.0324398
0.0115628
-0.0331962
0.0324498
0.0188499
0.033273
-0.033096
-0.015437
-0.0380031
0.0118143
0.0505094
0.0300125
0.0020819
0.0151805
0.0399011
-0.0354751
-0.0236554
-0.0279987
-0.0450514
-0.0427221
-0.0429474
0.00208206
-0.00426974
0.00774371
0.0199543
0.0100093
0.00252859
-0.0416916
-0.0338697
0.0256921
0.016426
-0.0484738
0.0386565
-0.00871835
-0.0308534
-0.044292
-0.0212751
-0.0276419
0.0241398
-0.0304263
-0.00573392
-0.000895179
0.00245866
0.0354345
-0.0268941
0.00892286
0.0234028
-0.0493983
0.00738089
0.00753357
-0.0170388
0.034247
-0.021074
0.00887227
0.000215855
0.00353103
-0.0441143
-0.0280808
-0.0389072
-0.0500883
-0.0394825
0.00362386
-0.0142807
-0.0375076
0.0481339
0.0334693
0.050086
-0.0409617
-0.0339381
0.0389446
-0.0193303
0.0186851
0.0416505
0.0274979
-0.0230908
0.0424156
0.036164
0.0440104
0.0444273
0.0482221
0.0442475
0.017103
0.0131476
0.0281535
-0.0267333
0.0169601
0.0421776
-0.0346098
-0.0394579
0.0292893
0.0449342
-0.0487608
-0.0155467
0.0204994
-0.0382004
-0.012648
0.0145774
0.00633394
0.0227449
0.0207944
-0.0302103
-0.0122878
-0.00977233
-6.88674e-005
0.0191665
-0.0277069
-0.0318725
-0.00782477
-0.0120644
0.0468123
0.0454785
0.050133
0.0248046
0.00970552
0.0438045
-0.0302864
-0.0250465
0.0484072
-0.0205011
0.0414006
0.0201969
0.0463023
-0.0222486
0.00644412
0.0324175
0.0168739
0.0470175
0.0483575
-0.00216405
-0.0415443
-0.030777
0.0213128
-0.0306002
0.00686492
0.0197925
0.0376325
-0.0159316
-0.00948562
0.0369023
0.0314986
0.0207395
-0.0278714
-0.0152709
0.00572576
0.0295714
-0.0277215
0.0382067
-0.00639645
0.00919606
-0.0487132
-0.0105649
0.0283664
-0.0406412
-0.0335623
-0.0452539
-0.0401315
-0.0118556
-0.0380804
-0.0458188
0.0191284
-0.00271009
0.0175266
0.0381588
0.0463522
0.0360337
0.00940799
-0.0490633
0.00621116
0.0350646
0.0143038
0.00652544
0.00679376
0.0134919
0.00586794
0.0389857
0.0176746
-0.0227671
-0.029335
0.0264318
0.0358393
-0.00915166
0.00706308
-0.0382981
-0.0205879
0.0495698
0.014541
0.03521
-0.0364435
0.0296327
-0.0457294
0.020026
0.0292726
-0.04699
-0.0147806
0.0393845
-0.0174358
0.0290629
0.0378383
-0.015206
0.0360498
0.00784521
-0.0460499
-0.0304512
-0.0302487
0.0382974
-0.0428074
-0.00453861
0.0404497
0.0301994
0.048819
0.00335375
0.0349659
0.0270135
0.0195591
0.00397073
0.00141882
-0.00554056
-0.0113296
0.0407528
-0.0306405
0.0216747
0.0196747
-0.0108587
-0.0409374
0.0470875
0.0464471
-0.0493065
0.0237759
0.00040386
-0.0391711
0.0347682
0.00833123
-0.0180376
0.00119176
-0.0165795
-0.0242879
-0.0449375
-0.0322682
-0.0385535
-0.0191516
-0.0119622
0.0259478
0.030748
0.034137
0.0139726
0.0234473
0.0371243
-0.0485693
0.0467943
-0.0320921
-0.0390402
0.0342065
0.021998
0.0116039
0.0268247
0.0456387
-0.00131443
-0.0416785
0.0184548
-0.0386816
-0.00687578
-0.0208759
0.0293857
-0.042001
-0.0230329
0.0218007
-0.0303007
-0.0183631
0.0193984
0.00493318
-0.0416604
0.00170934
-0.00647485
0.00269517
0.033954
-0.0211024
0.0399042
-0.0192667
-0.00148155
0.0438561
-0.00674245
0.00979712
-0.0467557
0.0155042
-0.0223402
0.0113546
0.0111195
-0.0272595
-0.0285696
-0.0373624
0.0498309
-0.00474432
0.0404038
0.0184563
0.0151784
-0.0247896
-0.0479376
-0.0392255
0.0176103
0.0489139
-0.0290077
-0.0364754
0.0235886
0.0163229
0.0290922
-0.0434688
0.00490404
0.0200147
-0.0184732
-0.0169298
0.0433058
0.0407444
-0.0345255
0.0480694
0.0387458
-0.023832
0.0286977
0.029816
0.0377611
-0.0156749
-0.0318047
-0.024972
0.019202
0.024852
-0.0365878
0.0328482
-0.0472714
0.000649216
0.00887296
0.0447011
-0.0209632
0.0396091
0.0465074
-0.030798
0.00784089
-0.0084012
0.0169064
0.0452219
0.00191394
0.00735167
0.00966978
0.049431
0.0386344
-0.0396123
0.0349888
-0.00551737
0.00128229
-0.0177819
0.00190093
0.00432865
0.0159658
-0.0272044
0.0328114
-0.00968664
-0.0324689
-0.0476509
-0.0210867
0.00477169
0.0210462
0.0288482
-0.0130342
-0.0283819
-0.0251069
0.0213639
-0.0333356
-0.0265382
-0.0198289
0.0498029
0.0214626
-0.000762314
0.0484767
-0.00340296
-0.0178275
0.0246648
-0.0312723
-0.0237502
0.0107486
0.0425814
-0.00517203
0.00152822
0.0182579
0.00196374
-0.0284285
-0.0148104
0.0476715
-0.0183064
0.00196727
-0.0126029
-0.00983598
0.0465211
0.00981376
0.00681045
-0.0322306
0.0250086
-0.0103074
-0.0357216
0.0500158
-0.0428369
0.0256922
-0.0395156
0.0468025
0.0332174
0.0324769
0.0475044
-0.0506695
-0.0155154
0.0371852
0.0114284
0.0473318
-0.0420705
0.0376901
0.00649695
-0.0128791
0.0172732
0.0502109
0.0223895
0.0384728
-0.00058968
-0.00685281
0.0384397
-0.00661349
-0.00511726
0.0282723
0.0365456
-0.0251178
-0.0397218
-0.0260839
0.0433378
-0.000932117
0.0291746
0.0421335
-0.0456572
0.0379717
0.0362891
0.00877824
0.0204334
-0.0471415
0.0334819
-0.0443352
0.0435896
0.0351378
-0.00844797
0.0116389
-0.0293952
0.00993858
-0.0279292
0.00266686
0.0379042
-0.0306079
-0.0273321
-0.0213738
0.0176941
-0.0265244
0.0194169
-3.81801e-005
-0.0289912
-0.0294214
0.0163858
0.0450259
0.0319731
0.0116582
0.024522
0.0449637
0.0106904
-0.0200569
-0.0238797
-0.00236343
-0.0211579
0.0236393
0.000673521
-0.04166
0.00202029
0.00782728
-0.0338245
-0.0336867
-0.0276003
-0.0226615
0.0184379
0.00624369
0.0365957
0.048869
0.0105572
-0.0386863
0.0424073
0.00809658
0.0138968
-0.0362483
0.0194098
-0.0415716
0.00532771
-0.0181107
0.0108417
-0.0264156
0.00919698
-0.0358737
-0.0399306
3.05891e-005
0.000712977
-0.0149582
-0.00720566
-0.0176221
0.0471311
-0.00774667
-0.028261
0.0410347
-0.0133714
0.0178561
-0.00643338
-0.0278069
0.0341301
0.0489185
-0.0223817
0.0206811
-0.00333349
0.0105354
0.0313108
-0.0368797
0.00170777
-0.0244909
0.0399368
-0.0169874
0.0210298
0.0355941
-0.0379464
-0.0370645
-0.0246951
0.048809
-0.00874614
-0.0359024
0.0342803
0.0226389
0.0317712
0.0430478
-0.042
0.0187259
-0.0102014
0.046764
0.0342399
0.0451826
0.0168674
-0.0330384
0.0259728
0.0333171
-0.0241828
-0.0276841
-0.00432497
-0.0412306
0.00635038
-0.00212309
0.0355345
0.00554573
0.0470137
0.0294081
0.0333736
0.0163977
-0.0274307
0.0486102
0.0461899
-0.0430194
0.0421727
-0.01972
-0.0226693
0.0271426
-0.0308137
0.00755004
-0.0490561
0.0170604
0.0463576
-0.0186527
-0.0330551
-0.0068671
0.030829
0.0255245
0.0293072
-0.0204138
-0.00442225
0.0343545
0.0493744
0.00765913
-0.00563544
-0.0403649
-0.00724922
0.039515
0.0055996
0.0209015
-0.00886853
0.00438474
0.0307852
-0.0137258
-0.0335217
-0.0306404
0.00439207
-0.00259985
0.0140709
-0.0205117
-0.0172034
-0.0305244
-0.030134
-0.0202366
-0.0174367
0.0412916
0.0255342
-0.0248516
0.0238287
0.000145011
0.00769904
0.0247007
-0.0440526
-0.0297529
-0.024278
0.0223346
0.0232595
-0.0116749
-0.0167823
-0.0215009
0.0381407
0.0254737
0.0217502
0.044175
0.0274565
0.0282689
0.0186734
-0.0221585
0.0246452
0.00151612
0.00039502
0.0310129
-0.0478085
0.0156178
-0.0150418
0.0187247
-0.00344526
-0.0397104
0.0236831
-0.0321728
-0.00938263
0.0372411
-0.0487524
0.0177207
0.0294877
-0.00627987
-0.0251475
0.0325151
0.0243427
0.0134111
0.0426146
0.0417801
0.0148012
0.0496942
0.0298567
0.044925
-0.042474
0.0123405
0.00464301
-0.00830691
0.000379359
0.0243048
-0.025291
-0.00681433
-0.0377448
0.0187665
-0.00286668
-0.0430215
0.0375361
0.0191872
-0.0446976
0.0147218
0.0289857
-0.030267
-0.0183876
0.0264824
0.0403972
-0.0483134
0.0231373
0.0360139
0.0334198
-0.045816
0.0336144
-0.0401205
-0.0377673
0.0405842
-0.00182957
-0.0182203
0.0215905
-0.0304766
-0.041031
0.035526
-0.0159327
0.0343572
-0.0478244
0.0483239
0.000260464
0.0461836
0.0346308
0.03911
0.00661289
0.0336764
-0.00528308
0.0231343
0.0376784
0.0264882
0.0454903
0.0336711
-0.0336854
0.0365587
-0.027543
-0.00560004
-0.0126406
0.0241483
0.0493622
-0.0157177
-0.0392725
-0.0152334
-0.0111644
-0.0019287
0.0183673
0.0222096
0.043984
0.0480504
-0.0190624
0.0450412
0.0271973
0.03749
-0.0489317
-0.0498698
-0.0476659
0.0155866
-0.0399898
-0.04089
-0.00934851
-0.0332746
0.0177316
0.0215677
0.0167639
0.0350347
0.0414978
-0.023996
-0.0424203
0.0378816
0.0293332
0.0222397
0.00967166
-0.0220885
0.0429938
0.0126686
0.0414137
-0.00121663
-0.0469993
-0.0197787
0.0481061
-0.0147206
0.0478285
0.00241026
-0.0318202
-0.0261604
0.0105845
-0.0175439
0.0359245
-0.0382509
0.00793717
-0.00143161
-0.028424
-0.0136252
-0.0233488
-0.0381966
0.00189883
0.0451244
0.0481918
0.04489
-0.0125746
-0.0437439
0.000826831
0.0422417
-0.0382676
0.0203566
-0.0100866
-0.00807047
-0.0285407
-0.0434099
0.0347207
0.0480492
-0.0102988
0.0201795
-0.00406634
0.0015018
0.028237
0.0346525
-0.0250708
-0.0206948
-0.00386785
-0.0323342
0.0108259
-0.00899545
0.04551
-0.0137729
0.0255241
0.0476629
0.0319404
-0.00745519
0.0235495
-0.0473305
-0.0500136
0.0116387
-0.0490809
-0.0349114
-0.0151463
0.00709174
0.044692
0.0350784
-0.0235364
0.0112028
-0.0292444
0.0162288
0.0156721
0.0384584
-0.00954926
-0.0246094
0.0318765
-0.0405335
0.0445222
-0.0319763
-0.0241568
0.0347429
-0.0173407
0.0154972
-0.00570971
0.0394838
-0.0264478
-0.0363126
-0.035212
0.0259585
-0.0417115
-0.0459838
0.0159633
0.0286504
0.0315432
-0.0333712
-0.0180373
-0.0502821
-0.00427181
-0.010741
0.0306919
-0.0357614
-0.0220629
-0.0305857
-0.00122413
0.0426165
0.0485547
-0.00336198
-0.0138612
-0.0418262
0.0170613
-0.032997
0.0433914
-0.020761
-0.00674706
-0.00864064
-0.016738
-0.0205196
0.0379713
-0.0078837
-0.00799416
0.000724275
-0.000859218
0.0426182
0.0260512
-0.00361754
-0.00764094
0.0105043
-0.0138492
-0.0242252
-0.0101273
0.0478167
-0.0165106
-0.013689
-0.0278946
-0.0171023
0.0430177
-0.0501409
0.0389012
-0.022482
-0.0247242
0.00394406
0.000683488
-0.0127983
-0.00719434
0.0403259
-0.0367877
-0.0173752
-0.0478866
0.010842
0.0364763
0.000682599
0.0289838
-0.00549177
0.0404525
0.0507646
0.00362312
-0.0283777
-0.00612111
-0.050271
-0.0428068
0.0270341
0.0237015
0.040633
-0.0330388
0.0125462
-0.0267847
0.0209827
-0.0239279
-0.00321183
-0.0136784
-0.0259651
-0.0386609
0.0345404
0.00286977
0.0273224
-0.0486106
-0.0363244
-0.0328819
-0.0108018
0.0215138
8.60957e-005
-0.0107263
0.0506405
0.0187055
-0.000662667
0.0332902
-0.0482059
-0.0494007
-0.0232452
-0.00612975
0.0323077
-0.0138837
-0.0399643
0.0490216
0.0411803
-0.0111444
0.0428493
0.00497462
0.0386776
-0.0412017
0.0313223
-0.0323282
-0.01975
-0.0158646
-0.0463653
0.0355462
-0.0221246
-0.0275442
0.0193139
0.0330533
-0.0453814
-0.0136204
-0.0191954
0.0238709
-0.00930985
0.035398
0.0225201
-0.0208921
-0.0352237
0.0482814
-0.001783
-0.0439356
-0.0089448
-0.0117071
-0.0497173
-0.0329508
-0.0392482
0.0357228
0.0435931
-0.00713547
-0.0188044
-0.0222166
0.0177351
0.0130862
0.0334508
-0.0380338
0.0344299
0.0125714
0.0215368
0.037037
-0.0139726
0.0399261
-0.037644
0.023782
-0.047772
-0.0340711
-0.0358306
-0.0215308
-0.0141193
0.0376347
0.0445299
0.0504699
-0.0109073
0.0474592
-0.0454186
0.00993477
-0.0127172
0.0393589
-0.0444685
-0.0300544
0.0465015
-0.0335973
-0.0126973
0.0482272
0.037874
0.00491813
0.00580685
-0.00835508
0.0103026
-0.0468926
0.0298912
-0.0479117
-0.0376731
0.0222109
0.0378698
-0.0141201
-0.0199305
0.049846
0.00353372
-0.0224785
0.0307499
0.0153217
-0.0145835
-0.00603215
-0.0321175
0.036445
0.0415235
0.0239949
-0.0255285
-0.0276478
0.0187565
0.0374702
0.0500035
-0.0413796
-0.0166848
0.00963281
-0.0136228
-0.021084
0.0186764
0.0485113
-0.0181255
-0.0237726
-0.037643
-0.0415964
-0.0406728
-0.0339899
0.0404136
0.00551388
-0.00627094
0.00386703
0.0305794
-0.0101827
0.00760993
-0.0228892
0.0264431
-0.0068547
0.0206064
-0.00633176
-0.0451172
0.0324416
0.0343919
0.0333702
-0.0159234
-0.0454632
0.0148362
0.00621042
-0.0125841
0.0374497
-0.0225338
0.0243217
0.0259738
-0.0188516
0.0200063
0.00948461
-0.0224494
0.0196291
0.0092798
0.0136747
-0.0191784
-0.00873722
-0.0117565
-0.0282315
-0.0428979
-0.00018187
-0.0118471
0.0368709
0.0465086
0.0397507
-0.00711283
-0.00159116
-0.000899917
-0.0377262
-3.6329e-005
0.0340888
0.0276136
0.0254134
-0.0275319
0.0456716
0.00860215
0.0266644
0.0375709
-0.0149694
0.029731
0.0265246
-0.0488637
-0.0267406
0.0143394
0.0306732
0.0504812
-0.0445241
-0.000328189
0.0320193
0.0270731
-0.0131775
-0.00974664
0.0208846
-0.0438956
-0.0349419
-0.0420116
0.00158841
0.0055206
0.0257738
-0.0428332
-0.0239048
0.026676
0.0492938
-0.0333013
0.0213056
0.0162565
0.0200407
0.0452864
0.00947228
0.0104713
-0.0476282
-0.0381015
-0.0131366
-0.0170982
0.00739571
0.0124809
0.0100699
0.0489014
0.0405256
-0.00835509
-0.00782006
0.0357434
0.00321325
0.0225621
-0.00520066
0.0184112
-0.0190779
0.0300665
0.0307831
0.034636
-0.03846
0.0159629
-0.0451639
-0.021772
-0.00465482
-0.045828
0.00193072
0.00759954
-0.0270927
-0.0128869
0.0345564
-0.0479645
-0.0177721
0.0117704
-0.0429979
-0.033235
0.0338319
-0.0118261
0.0130135
-0.0308932
-0.0354458
-0.0302545
0.016229
0.00774487
-0.0493118
0.0400445
-0.011227
-0.0193001
-0.0335686
-0.0501711
0.0476433
0.0323459
-0.0154749
0.0370789
0.0181244
0.0426966
-0.0426764
-0.00963937
-0.00425649
-0.0326563
-0.0443214
0.0165403
-0.00805242
0.0430024
-0.0321191
-0.0101506
-0.00701699
0.0430246
-0.0102918
-0.0353677
0.0114575
0.0124091
-0.0164349
0.0143544
0.029255
-0.000957856
-0.00581469
0.0163686
0.00542106
-0.0159047
0.0383335
-0.0310874
-0.0407334
0.00310499
-0.0143809
-0.0111085
0.000658143
0.0118309
-0.0477887
0.0129856
0.0181286
-0.00833805
0.0183174
0.00269379
-0.00954384
-0.0339888
-0.0301805
-0.039702
0.0458052
0.000689187
0.0261445
0.0474318
0.015895
-0.0170977
0.00124869
0.0294991
0.0281948
0.0376814
-0.0182786
0.02061
-0.0345688
-0.025684
-0.0130331
-0.0377106
0.0495606
0.0310232
-0.0417781
0.0203351
-0.021947
0.00498095
-0.0275524
0.000796523
-0.0442077
0.0367507
0.0135966
0.00783476
-0.0305211
0.0326807
-0.00576698
0.0255216
0.0329451
0.00430854
-0.020927
0.0323597
-0.0400893
0.00202612
-0.0237212
-0.0364069
-0.00812507
0.0120793
-0.0310523
0.00866694
0.0251731
0.0151844
0.0457033
-0.0468805
-0.022338
-0.0415147
-0.00392587
-0.0276607
0.0489864
-0.0487472
-0.0506295
-0.0281143
-0.0213895
0.0231785
0.000117655
-0.0156473
-0.00191429
-0.0399129
0.00214455
0.0265693
-0.0454556
-0.0225635
-0.0059458
0.00511379
0.00637309
0.00621669
0.0216427
0.0063324
-0.0222761
-0.0236775
0.0148005
0.0287881
-0.0354362
-0.015846
-1.17134e-005
0.00361153
-0.0177134
-0.00451379
-0.0054414
-0.02046
0.0370753
-0.00356184
-0.0275392
-0.0128953
0.0310342
0.0402326
0.0395242
-0.0245509
-0.0287414
-0.0116379
0.00732674
0.0451704
-0.0103697
0.0145099
0.0210116
0.0469031
0.0445801
0.0508898
0.000864606
-0.0119291
0.0206704
-0.0477851
-0.0184021
0.0183724
-0.00370659
-0.022539
-0.0087286
0.0163359
-0.0201184
0.0150147
-0.0449023
-0.0351562
-0.0024904
0.000357239
-0.0181383
0.0469988
0.0364867
0.041492
-0.00648661
0.01514
0.0141865
-0.0320001
-0.0225886
0.00506197
-0.0070622
-0.0295173
0.0106034
0.0233422
-0.00710129
0.00194498
0.0331213
-0.0217581
0.0330168
0.027728
0.0348331
0.00700507
-0.0436298
0.00518579
0.0147641
0.0336151
-0.0344569
-0.0419771
-0.0184143
0.0432622
0.0148067
0.0411245
-0.0266864
-0.00812618
-0.00393346
0.0457733
0.0312193
0.0268798
-0.0217807
-0.0314685
0.0340219
-0.0313466
-0.000545977
-0.0284529
0.0218948
-0.00289469
-0.000743704
0.0501175
-0.0111274
-0.00757915
0.00445737
-0.0488012
0.045171
0.0141492
0.0126066
-0.00616355
0.0142993
0.0420333
0.0143037
0.0308908
-0.0173983
0.0182522
-0.00224536
0.00973534
-0.00658819
0.00281871
-0.00796359
0.0393614
0.0209822
0.0258471
0.0430364
-0.0270315
0.0498676
0.0450145
0.0200012
0.0045167
0.00702851
0.0145277
0.0399125
-0.015154
-0.00772607
-0.0269889
0.00738268
0.0461056
-0.023464
0.0508818
-0.0417869
-0.0160077
-0.00430751
-0.0400937
-0.0279756
0.00708472
-0.037757
-0.0165305
-0.0114943
0.0151631
0.0470935
0.00133767
-0.0196302
-0.0299633
0.0376581
0.0174871
0.0203041
-0.0191959
0.0493899
-0.0294331
0.042028
0.0242777
0.0288885
0.020269
0.0127198
0.03287
0.0229545
0.025251
-0.0147548
-0.0112796
0.0128077
0.0151873
0.018367
0.0316496
0.00462894
-0.0394588
-0.0290701
0.0197982
0.0393771
0.0291832
0.0489978
-0.0204513
-0.0206391
-0.0473888
-0.000973428
-0.0425988
-0.0451836
-0.00207854
0.0432699
0.00746654
0.0150303
0.0393428
0.0390704
-0.049966
-0.0450138
0.0426584
-0.0463077
0.0198183
0.00857804
-0.0275899
-0.0344834
0.0341749
0.0271901
0.00116108
0.0408776
0.0119261
-0.0470173
0.0464162
0.0201975
-0.0248763
0.0272162
0.0287021
-0.0220454
0.0454752
0.00664811
-0.0397679
-0.0392207
-0.0179559
-0.0452129
-0.0468824
-0.0224032
-0.0170538
-0.0211628
-0.0285133
-0.046675
-0.0300383
-0.0472187
0.00477482
0.0216252
-0.00532355
0.035047
-0.00577858
-0.0486719
-0.00658165
0.001845
-0.0100396
0.00493512
0.0131406
-0.00123686
-0.0371547
0.00256175
0.0413974
0.0460497
0.050729
-0.00113581
-0.0362852
-0.0157147
-0.0331397
-0.0403794
-0.00836646
0.0197342
-0.0378171
0.0175766
-0.0460818
0.0284693
0.03832
0.0137151
0.0347929
-0.00766605
0.0188953
0.00231975
0.0199709
0.037889
0.00177091
0.0251527
0.0497803
0.0205478
-0.0457277
0.0185318
0.0390805
-0.0458716
-0.00137545
-0.0173318
-0.049387
0.0178871
-0.0492772
-0.0378162
0.00876817
0.0286472
-0.0417936
-0.0346946
-0.00172966
0.03441
-0.00775399
-0.0173976
-0.0166101
-0.000381951
0.0437607
0.0190084
-0.0398773
0.0499105
-0.0115802
0.0123946
-0.0256988
0.00685005
-0.0483844
0.0449298
0.047194
-0.0278026
-0.0422899
0.0165536
0.00978943
-0.0142252
-0.0192011
0.00340969
0.00598655
-0.0308712
-0.0179672
0.0489585
-0.0366456
0.00289373
-0.0401886
0.0283132
-0.0180051
-0.0140766
0.00190239
0.022808
0.0477256
-0.0105096
0.0385226
-0.0481272
0.0293255
-0.00366064
0.00655709
-0.00449254
0.0508868
-0.0142494
0.0394822
0.048859
-0.00362507
0.0429084
-0.0459176
-0.0391434
-0.0418132
0.0136485
-0.0223944
-0.0183517
-0.0289632
0.027109
-0.0222448
-0.0352761
0.0329035
0.0319494
0.0383399
-0.0291561
-0.0142016
-0.0306588
0.0401306
0.0155538
0.0415968
0.0379946
0.00948193
-0.0294379
-0.00710592
0.0187004
-0.0408571
0.0227134
-0.0399879
-0.0287107
0.00337099
-0.0476162
-0.0237744
0.0320768
-0.0118045
0.0458433
0.0417823
0.00483658
-0.000489472
0.0200152
-0.0244199
0.0236727
-0.0260372
0.0474625
0.0312722
-0.0201409
-0.00367629
0.00505671
0.0226721
-0.0220408
0.047039
-0.0362626
-0.0316749
0.050341
-0.0143425
0.0138506
-0.0425615
-0.00596389
0.0187189
-0.00505664
0.0257693
0.0131384
0.0144482
-0.0486861
0.0304338
0.0286064
-0.00485963
-0.0120053
0.0162218
-0.00928675
-0.00653629
-0.0121262
0.0209473
-0.00466947
-0.0165176
-0.0397207
-0.00669287
-0.0159713
-0.0126621
0.0063462
-0.037311
0.011075
-0.0475701
0.00561094
-0.0402761
-0.0291518
0.0397086
-0.00865311
0.0125808
0.0112169
-0.0472853
0.0395068
-0.0100224
0.011626
-0.00049136
0.0175283
-0.0372885
0.0409126
-0.000320016
0.0363943
-0.0240244
0.0427827
-0.0488721
0.0467513
-0.0378449
-0.0226741
0.0249055
-0.00627997
-0.0330291
0.0105478
-0.00592697
0.0424115
-0.0482546
-0.0319313
-0.0208855
-0.00258483
-0.0481381
0.00936591
-0.0189084
0.0049901
-0.00471276
-0.0373548
0.0170404
0.0126005
0.00776905
0.0230061
0.00356172
0.000226518
-0.0473959
-0.0370357
0.0196509
-0.0358019
0.0111205
-0.00161639
0.00453269
0.0232438
0.0354804
0.0142187
-0.00684793
-0.0293172
0.0183298
0.00358969
0.0483016
0.0481831
-0.00374689
-0.0448063
0.0378725
0.0343055
0.00244437
0.0208473
-0.0425354
0.0178621
0.0212186
0.0401746
-0.0404993
-0.0022524
-0.047797
-0.0422237
0.0419916
0.0290771
0.0383358
0.0103603
-0.0398807
-0.0197892
0.037687
0.0384215
0.0265049
0.031015
0.026616
0.0486272
-0.0141626
0.0382405
0.0237027
0.0390972
0.0159066
0.0439333
-0.0326041
-0.0205552
0.0307701
0.030786
-0.019631
0.0196044
-0.033759
-0.0153992
-0.0366589
0.0360749
0.0160755
0.00940251
0.0131752
-0.0237212
0.0395193
0.00871572
0.0245704
-0.0169919
0.0222755
0.0124654
-0.0171008
0.00488328
0.0246663
-0.0437707
0.000664189
0.0259202
-0.0176964
-0.0269416
-0.0181249
-0.0378554
0.0105423
0.0231731
0.00357458
-0.0487694
-0.0500625
0.0329427
-0.0255982
-0.033875
0.0362661
0.0320905
-0.0327177
0.0508349
0.0159754
-0.0132507
-0.00908355
-0.0058169
-0.0156793
0.0257137
-0.0203308
0.000231896
-0.00972957
0.0230885
-0.00641128
-0.0180769
-0.0480891
-0.0312545
-0.0214588
-0.00122831
-0.042224
-0.0216858
0.0033327
-0.0410934
-0.0200989
-0.039161
0.00874362
-0.0149766
-0.0185101
0.0153028
-0.0134385
-0.0187515
0.0418664
-0.035903
0.0387229
-0.0123546
-0.0234932
-0.000739681
0.00554429
-0.0214156
-0.00454517
0.0424753
0.0449176
-0.0272114
0.0467681
-0.00193732
0.0302922
0.019872
0.00585095
0.0119538
-0.0467121
0.0209256
-0.024213
-0.0102902
0.0143904
-0.020862
0.0178789
0.00968894
-0.0488783
-0.00312003
-0.00200881
-0.0192288
0.0361996
0.0343868
-0.00529726
-0.0336706
0.0513966
-0.0472671
0.0102229
0.0434836
-0.00746226
-0.0486532
0.0355554
-0.00137347
0.0190275
0.0235428
-0.0425216
-0.0451806
-0.032042
0.0107354
0.0186533
0.00848504
-0.0197185
0.0500757
-0.00842478
-0.0344856
-0.0432591
0.0177361
-0.0485001
-0.00169195
-0.0318137
0.00726096
-0.0360686
-0.0413214
-0.0468593
0.0475513
-0.0478219
0.00204902
0.0423663
-0.0474046
0.0131029
0.0439954
-0.000268233
-0.0131794
0.0021517
0.0152847
-0.0287788
-0.0320451
-0.013302
0.0390595
-0.00120185
0.00832078
-0.0373901
-0.0408906
-0.0182476
0.0432478
0.0499162
-0.00297697
-0.00996512
0.0271242
-0.0425522
0.0358248
-0.0420661
0.039741
0.0369804
0.0103691
-0.0081519
-0.00287131
0.00831719
0.00739853
0.0179981
0.000407022
-0.0216281
-0.0482676
-0.00396341
0.013397
0.0439285
-0.0120544
0.0352821
0.0378663
-0.0178827
0.0216276
0.0296489
0.0133873
-0.0431746
0.0451844
0.0439167
-0.0352432
-0.0138868
-0.00114037
-0.0133754
0.00780107
0.0479715
0.00768434
-0.0109615
0.0193415
-0.0406686
0.0188677
0.0144947
0.0155692
-0.00176901
0.00480927
0.0480453
0.00784414
-0.0143529
-0.0476181
-0.0416267
0.00895194
0.037887
-0.006403
0.00933751
-0.0463525
-0.0129641
0.00376938
-0.0183262
-0.0160643
-0.0457768
0.0209052
0.0202845
-0.0190397
0.0278211
0.0189958
0.0371289
0.0221348
-0.0260257
-0.0225742
-0.00906654
-0.0235488
-0.027945
0.00183643
0.00278014
-0.0175443
-0.00389612
-0.0130184
-0.031029
-0.00144621
0.0114607
-0.0480511
-0.0078357
0.0103525
0.0161836
-0.0162177
-0.0426873
-0.0444425
0.0328146
0.0142625
-0.000533444
0.0278959
-0.0451687
0.0248482
0.0278019
-0.036043
-0.00686919
0.027295
0.0447966
-0.0255994
0.032318
-0.00905839
-0.0368386
0.0438001
0.0004304
-0.00253212
-0.0491195
0.0400015
0.025141
0.0343186
-0.0205176
-0.0163088
0.0093333
-0.00885886
-0.00156751
0.00184769
0.0303831
-0.00840696
0.0133502
-0.0340505
0.0424291
0.0101612
0.0296727
0.0123576
-0.0102022
-0.033623
-0.0451101
-0.0197667
-0.0149186
0.0303016
0.0314595
0.0374141
-0.0444626
-0.036071
-0.0334754
-0.0430794
-0.0388147
-0.0171718
-0.0249417
-0.0347909
0.0312794
-0.0102212
0.0539301
-0.00154384
0.0446363
0.0302077
0.0193472
0.0253369
-0.000642897
0.0260675
-0.0320086
0.0394525
0.027308
-0.0220874
0.0483231
0.0431319
0.0464973
0.0453353
0.0455282
0.0143088
0.0136839
-0.0506953
0.0314829
0.0127287
0.021514
0.00256466
0.0340684
-0.0473253
-0.0339453
-0.0471169
-0.00200368
0.0194961
0.0286525
-0.00403702
0.0122887
-0.0420267
0.046133
-0.030726
-0.0176714
-0.0279966
-0.0422358
-0.0250859
-0.01279
-0.0103289
-0.00523332
0.02661
0.0336129
0.00420014
0.0269801
0.0198486
0.0232313
0.0304367
0.0491017
-0.0467088
-0.00209445
-0.0119126
0.0394776
-0.026075
-0.0463672
-0.0238807
0.0135733
0.0370136
-0.0342686
-0.0195104
0.0401783
0.0514362
-0.0395123
-0.0158609
-0.0400208
0.0229212
-0.0456142
-0.00821733
-0.00199789
0.00633808
-0.00930678
-0.0219236
0.0361974
0.00480966
-0.0144856
-0.00246853
0.00531227
0.0424082
-0.0421028
0.0146863
-0.0148199
0.0175055
-0.001165
-0.0315864
-0.0224576
0.0376441
-0.0100463
-0.0289582
-0.00965378
-0.00672511
0.0406017
0.00114012
-0.0487567
0.044074
-0.0333654
0.0436673
0.00989825
0.044858
0.0224913
-0.0207425
-0.0500582
-0.041418
-0.0198318
-0.041042
0.0372872
-0.0231003
0.0342498
0.0117284
-0.019253
0.0464301
0.00192484
-0.0357247
-0.00531557
-0.0414194
0.0155642
0.0376227
0.0359442
0.0300891
-0.0325517
-0.0131679
-0.0208509
0.000243243
-0.00977924
-0.012868
-0.0144628
0.0487333
-0.0398277
-0.0265199
0.0139032
0.0162273
-0.0267729
-0.0109877
-0.0149868
-0.0414003
0.0191804
-0.0204561
-0.0241855
0.0358295
0.01212
-0.0212511
-0.00854885
0.037083
-0.0262183
-0.0297695
0.0352453
0.0267243
-0.0496306
0.0336419
0.029809
-0.0377863
-0.0180158
-0.0308795
-0.0480673
-0.0340043
0.0041168
-0.000279761
0.0100184
0.00757978
0.0212439
-0.0330768
-0.0409627
0.0449998
-0.0116346
0.0256345
-0.0163944
0.00779947
0.0185521
-0.0385401
0.0198982
0.0138908
0.0463222
-0.0179427
0.00373199
-0.0210807
0.0516139
-0.00345405
0.0417416
-0.0106924
0.0164296
0.0364647
-0.0492557
0.0152703
-0.0210879
-0.0186907
-0.0305922
0.040122
-0.00355178
0.0252484
-0.000470531
0.0222341
0.0266204
-0.0112797
-0.0325862
0.0483526
0.0171587
-0.0479039
0.0281669
-0.0193751
-0.0346568
-0.00138248
0.0184063
-0.0308819
0.0139949
0.0274673
-0.0405888
0.0411962
-0.0427472
-0.0436909
-0.0169677
0.0299506
0.0375397
-0.0455629
0.0251858
-0.0339943
-0.00955184
-0.027245
-0.0120922
-0.0151404
-0.0198364
0.0488836
0.0215914
0.0183123
-0.00834425
-0.000963675
0.0118477
0.00769115
-0.0106755
-0.0258504
-0.0122871
0.0380374
0.0278733
0.0314608
0.0281451
-0.025238
-0.0128595
0.0355009
0.0102848
-0.0261333
0.0252993
0.0427708
-0.0276729
-0.00258869
-0.0363802
0.0113118
0.00409376
-0.047202
0.00228153
0.0097949
0.0410052
-0.00164235
-0.00315337
-0.0312147
0.049248
-0.0436182
0.0205874
0.0335299
-0.022694
0.00501069
-0.0433162
-0.0371877
0.00572024
0.00926816
0.0202396
0.0301405
-0.0193838
0.0449177
-0.0262272
0.031026
-0.0359086
-0.0181119
0.0199857
-0.0397057
0.0464359
0.0257004
-0.0410823
0.0280619
-0.00849543
0.00618848
-0.0323877
-0.0476266
-0.0309295
0.00218596
-0.00262081
-0.041179
0.00695933
0.00129387
-0.039176
0.0502313
0.0285239
-0.0374852
-0.0098223
0.0314079
0.0421907
0.011553
0.0314397
-0.0468689
0.0100613
0.0151101
-0.0244916
0.0143836
-0.0406644
-0.0366519
-0.0172896
0.0093363
0.0105289
0.0125545
-0.00248725
0.00845782
0.0278949
0.0243104
0.00570931
-0.0296077
-0.0033229
-0.0489621
-0.0499771
0.0387193
-0.0447303
-0.0189439
0.0435116
0.00384673
0.0280201
0.0245418
-0.0246442
-0.047679
0.0157311
0.0332256
0.0125691
-0.0228182
0.0332275
-0.0452468
0.0201191
0.0268006
-0.0149095
-0.00892037
0.0193145
0.000146834
-0.0271439
-0.0380103
-0.0296266
-0.00527297
-0.00768168
-0.0126618
0.00348292
0.0328223
0.0368235
0.0226003
0.0391525
-0.0190608
0.00418074
0.0138553
0.0479089
0.0490211
0.0201295
-0.0322445
0.00817378
-0.0496221
-0.0283555
0.0465122
-0.019796
-0.0361355
-0.0393392
-0.043355
0.0487168
-0.025401
-0.0414376
0.0164825
0.00386941
0.035439
0.0284688
0.017841
-0.0120461
-0.00619749
0.00678834
-0.0473428
0.0067882
0.0104446
-0.00397118
0.0290707
-0.0367631
0.0164409
-0.00622608
-0.0186899
0.0338731
0.044127
-0.0467281
-0.00768779
0.00777463
0.00479184
0.00657797
-0.00456038
0.0184113
-0.006288
-0.00707665
0.0455228
0.0148073
0.00490241
-0.0475013
-0.032547
-0.0312406
0.0314
-0.0375319
0.0414108
-0.0284562
-0.0481914
0.0423516
-0.0414028
0.0371074
-0.0161356
-0.0315543
0.00477714
0.0405894
0.0144699
0.0108108
-0.0405953
0.0250393
-0.0336778
-0.0476203
0.0305932
0.0057772
0.0412941
-0.0438169
0.006562
-0.0223913
0.0491024
0.0223794
-0.0308774
-0.00285702
0.025503
-0.0310439
-0.0489289
0.0212227
0.0103214
-0.0477976
0.0320757
-0.0392423
-0.0186662
-0.00925662
0.0203671
-0.0278965
0.0297511
0.0445074
0.0155224
-0.00256284
0.0191598
-0.0188149
-0.0100777
0.00258439
-0.024141
0.044134
0.0468003
0.0476742
0.0498856
-0.00673258
-0.0188921
-0.0288694
0.00254167
0.030932
0.00490806
-0.0175987
0.00254467
-0.039797
-0.0429935
0.0290247
-0.0134998
-0.0360387
0.00866873
0.0155289
0.0443826
0.0095344
0.0273256
-0.0357611
0.0313663
-0.00328703
-0.0486215
-0.0204819
0.0110193
-0.0219013
0.00250591
0.0186529
0.0407225
0.0330775
0.0243338
-0.00448176
-0.0414698
0.0243172
0.00845964
-0.0183272
0.042934
-0.0102396
-0.0326398
-0.0259462
0.0415196
-0.00231045
0.0441006
0.0301977
-0.0234073
-0.0423379
0.0333042
-0.00204444
0.0496026
-0.0357264
-0.0475839
0.0223678
-0.0257886
-0.00309352
0.033151
-0.0474646
0.0316934
-0.00144666
-0.00992663
-0.00754927
0.0237642
0.0312167
-0.0268843
0.0230759
-0.0312647
0.00920436
0.0323082
-0.0474903
-0.0498052
-0.0358347
-0.0158863
-0.0110407
0.0091777
0.0255948
-0.044391
0.0129536
0.0123543
-0.0245539
-0.0340581
0.00257654
-0.0348132
0.00421624
0.0424254
0.0231021
0.0506843
0.00429449
0.0215845
-0.00564098
-0.0297119
-0.0137742
0.0434776
0.000777083
0.0345637
0.025932
0.0470859
0.0391845
0.0035657
-0.0454144
0.0112378
-0.00686401
0.0280318
0.0061974
0.0192338
-0.0304507
0.0208513
0.0114182
0.00408666
-0.0459329
0.0246422
-0.0306969
0.0313677
0.0202364
-0.000712081
-0.0213711
0.0254481
0.0169695
0.0423381
-0.0374093
-0.0243229
-0.00741405
-0.0241995
-0.0495566
0.0141728
-0.00741794
0.0268851
0.0154019
0.0101392
0.0420397
-0.00161391
-0.0234982
0.0424183
-0.0113039
-0.0416097
-0.0373857
-0.0312226
-0.0291099
-0.040179
-0.0506561
0.0180921
-0.0232221
0.0435845
-0.0311862
-0.0337259
-0.0170477
-0.0402357
-0.00356242
0.00693971
0.0115522
-0.0469499
0.0166836
0.0127906
-0.0369427
0.0452921
0.00561769
-0.0472954
-0.00588567
0.00525604
-0.0435797
-0.0356112
-0.0326833
-0.0408326
-0.0262696
0.0384268
-0.0319124
0.045314
-0.0325859
-0.0459495
0.0322836
0.0419635
0.00163958
0.0235183
-0.0154919
-0.00330151
-0.0337817
0.0189965
0.00862748
0.0254549
0.0178115
-0.0328342
-0.0169643
-0.0215689
-0.00395361
-0.0317645
0.0293074
0.0307589
0.0309903
-0.0360881
-0.0232475
0.0367202
0.032199
0.0440902
0.0435401
0.0200788
-0.0441504
-0.0440596
-0.042695
-0.015484
0.0467226
0.00650256
-0.0234412
-0.0496604
-0.0292785
0.0177947
0.037711
0.0418003
0.00544926
0.00253707
-0.037546
0.024158
0.0103161
-0.0262511
-0.0250638
0.0228876
0.0214651
-0.00289257
0.0260848
0.0357452
0.0286549
0.0414942
-0.0263125
0.0132123
-0.0259233
-0.00159448
0.0257191
0.00563953
-0.0326334
-0.0494327
0.0197236
-0.0237613
0.0150507
0.0158315
-0.0392639
0.0121616
-0.0399169
0.0133794
-0.0356179
0.000263097
-0.0328457
0.0208529
-0.00488947
-0.0462171
0.0109826
-0.0426041
-0.0159519
-0.0125348
0.00518512
-0.0135091
0.00913294
0.0139996
-0.0490701
-0.0505331
0.0106062
0.0255839
-0.0480992
0.00996138
-0.00617309
-0.0398112
0.0211586
-0.0496667
-0.00834688
0.0330089
-0.0186955
-0.0104243
0.0355159
0.0111511
-0.0381984
0.0199177
-0.0453571
0.0178282
-0.0416205
0.0254754
-0.00939572
0.000650887
-0.00477113
0.0443475
-0.00808246
-0.0203118
0.0506659
-0.0385142
-0.0402107
-0.0101094
-0.00786224
-0.0491816
-0.036602
-0.0119002
-0.00757202
-0.00534068
0.0342315
0.0170837
-0.045623
-0.0378253
-0.0109329
-0.0423325
0.0450489
-0.0482091
0.00479771
-0.00735375
-0.0324098
0.0344024
-0.0291615
0.0468136
-0.049982
-0.000346335
0.0434828
0.0164915
-0.0317052
0.0225039
0.036234
0.0132061
0.0456098
-0.0312337
-0.0450343
0.0118894
-0.0161726
-0.0346665
-0.0245383
-0.0281761
0.032024
-0.00210965
0.0507229
0.00713276
0.0530318
-0.0281087
-0.0262296
-0.0260934
-0.0105308
-0.0388778
0.0210283
0.0381589
-0.0462122
0.0182506
0.037465
0.0446122
0.0295245
0.0379659
-0.0320947
-0.01334
-0.0204067
-0.0292204
0.0194568
-0.00319654
-0.0215667
-0.0251289
-0.000669586
0.0110805
0.000353656
0.0036925
0.0406682
-0.0020388
-0.02362
-0.0167086
-0.0441192
-0.00981811
0.0204377
0.0413796
-0.0122577
-0.0238216
-0.00137776
0.00868788
0.0411124
0.00117985
-0.00504985
0.0207075
0.0467625
0.0490379
0.0467533
-0.0171241
-0.00970749
-0.040418
0.0194467
0.0388671
0.0081608
-0.0496401
0.0230228
-0.010874
0.0175881
0.0513126
-0.046917
0.0371876
0.0481398
-0.02601
0.0549795
0.043937
0.00128802
-0.00803686
0.0367974
0.00772463
0.0288119
0.00752171
0.0385274
0.0104403
0.0529136
-0.0415965
0.0442566
-0.0367833
0.0404293
0.0344074
-0.039429
-0.0123493
0.0518069
0.0263212
0.025067
-0.0432
0.0426317
-0.00419889
0.0410902
0.0323237
0.0292066
-0.0435463
0.00259459
-0.0463073
0.0219639
-0.0064989
0.0369521
0.0165918
0.010458
-0.0204576
-0.0184203
-0.00135805
-0.0277291
-0.0351925
-0.0275574
0.0101173
0.0363959
-0.00632328
0.0402444
0.0463733
-0.0240853
0.0425307
0.018474
0.0549306
0.00658273
0.0506718
-0.041429
0.035443
0.0146204
-0.0480941
-0.00520292
-0.0214465
-0.00260881
-0.00275592
0.024514
-0.0383524
-0.0187875
-0.0208811
0.0478082
0.0328644
-0.0267308
-0.0040078
0.0285647
0.00276338
0.0428302
-0.00423157
0.0477646
-0.0121127
-0.00686736
-0.0208971
0.0529185
0.0401297
-0.00455076
0.0504525
-0.0406658
-0.0273746
0.0362635
0.0131223
0.043312
-0.0428075
0.00249361
-0.0508694
0.0234026
0.00236074
-0.0200601
0.0130982
-0.0224644
0.00887468
-0.017414
0.0416699
0.0367118
-0.00294342
-0.0432186
0.00284847
0.0298484
0.00480655
0.0457588
0.0095572
0.00828092
0.0287218
-0.0403433
-0.00850595
-0.0112092
0.0154982
-0.0139687
0.0160046
0.00304426
0.0173892
0.0253568
-0.00336757
0.0247928
-0.0118201
0.0271212
0.0157631
-0.0318045
0.025132
-0.0392794
-0.0140751
0.0236476
-0.00711849
-0.0253668
-0.00335574
0.00810202
0.00322635
-0.0305396
-0.0496622
0.0355009
0.0474537
0.0367203
0.0516644
-0.0158038
-0.0191206
-0.0266518
0.0197664
-0.0254363
0.0032557
0.0421776
0.0137142
-0.0293936
0.0450806
-0.0245253
-0.0087668
0.00342292
-0.0286094
-0.00571118
-0.0177428
-0.0482264
-0.0209377
0.0364431
0.0450064
-0.00458623
0.0270182
0.0509821
-0.0264007
-0.0018989
0.000278774
0.012306
0.027471
0.0064311
-0.0318437
-0.0414913
0.0460076
0.000483492
-0.00129609
-0.017891
0.0509101
0.0349208
0.0116004
-0.0237018
0.0170206
-0.0305172
-0.0372377
0.0167324
-0.0222529
0.00925364
0.0271031
-0.0399944
-0.0118487
-0.00281301
0.0505227
0.0183197
-0.0151386
0.0309028
0.0219979
-0.0133272
-0.00709238
-0.0209278
0.041588
0.0295871
0.0396595
0.0173751
-0.0212979
0.00212782
0.0445474
-0.0310545
0.035347
-0.0380549
-0.0193829
0.0448828
0.0329119
0.00375455
-0.000823234
0.00224888
-0.000272994
-0.024135
-0.0427192
0.0204449
-0.0414617
-0.0390551
-0.0334132
0.00494846
0.0217759
0.0294108
0.0444368
0.0316312
0.0284999
-0.00804833
-0.0216694
-0.0340911
0.0352526
0.0364766
0.00945982
0.0261212
-0.0433622
0.0237594
-0.0415641
-0.00774939
0.0255575
-0.0111432
0.000981979
0.020433
-0.0383228
-0.0282447
0.0354225
0.0425004
0.0194536
0.00831282
0.0131583
-0.0364384
0.0270825
-0.0188734
-0.0358904
-0.0103324
0.0430346
0.018755
0.0280291
-0.0448388
-0.00825139
0.00550011
0.0671017
0.0420103
-0.0143644
0.0422737
-0.00476547
-0.0264979
-0.0169972
-0.0404456
-0.0237587
-0.0292435
0.0440303
-0.0186624
-0.00702011
0.0442145
0.0151529
0.0390506
0.00946947
-0.000972416
-0.0104145
-0.0170359
-0.0468264
-0.0321472
0.0111308
-0.00352759
0.0223561
0.0239776
0.0377001
0.0432662
-0.0254987
-0.0336992
0.0591187
0.0406395
-0.0260381
-0.0261591
-0.0398155
-0.0463649
-0.0309557
-0.00607087
-0.0125853
-0.00153034
-0.0152912
-0.0152281
0.00664056
0.0211392
-0.010441
-0.0155555
0.0254008
-0.0311554
0.010051
0.000418136
0.0538544
-0.0158715
-0.014865
0.0410423
0.0181691
0.010122
-0.00559271
0.00250518
0.0186234
-0.0227902
-0.0163961
-0.0271512
0.0285247
-0.0246176
0.0322108
0.0170424
0.0208846
0.0121036
-0.0028081
0.0175348
0.00699116
-0.010447
-0.0220011
0.00838879
-0.0469214
-0.0140888
-0.0465142
0.000385557
-0.00282619
-0.0477861
0.0114325
0.0448803
0.0200493
0.000370489
-0.0202129
0.0309595
-0.0194522
0.0314444
0.0295693
-0.0140476
-0.0156945
0.0124676
0.0181409
-0.0432063
0.011548
-0.0396095
0.0129803
-0.0390255
-0.0143037
0.0186134
-0.0257398
-0.0348589
0.0257408
-0.0324964
0.00802686
0.0136378
-0.024604
-0.0190041
0.0100537
-0.0289363
0.0199038
-0.0147035
0.0196891
-0.0319736
-0.0303719
-0.0444339
-0.0398715
0.0432944
-0.0246879
0.0105895
-0.0226283
0.0428307
-0.0189222
-0.0466816
-0.0159214
0.0147994
-0.00144614
-0.00727436
-0.0366008
0.0234359
-0.0145227
-0.0137545
-0.018332
0.0383524
0.0363404
0.0206374
0.023696
-0.0498148
0.0447792
0.0140003
-0.00841413
0.0208961
-0.037323
0.0157048
0.0367276
0.0229848
0.025681
-0.0145649
-0.0245871
0.0350739
-0.0210481
-0.0232086
0.000469913
0.0206497
-0.0348956
0.0176795
0.0439833
-0.0206837
-0.00880797
-0.0201267
-0.00974171
-0.0396276
-0.0145503
0.0478742
0.00306942
0.035461
-0.0139015
0.0103877
-0.0349368
-0.0260755
0.0285522
0.0256791
-0.0209033
-0.0080089
0.0431103
0.0419266
0.0433934
0.0201833
-0.0100304
0.0225413
-0.00790814
0.00628253
0.029671
0.00462276
-0.0405011
-0.0352532
0.045632
0.0512174
-0.000339556
0.040655
-0.042661
0.0252442
-0.0383595
-0.0219003
-0.0343655
-0.0326786
0.0274943
0.0216216
0.0131764
0.0421722
0.025138
0.0165435
-0.0265139
0.0289319
0.00305263
0.017675
-0.0191388
0.0320313
0.042783
0.00615339
0.0157586
0.0312858
0.0378534
0.045544
-0.044969
-0.0405593
0.01699
0.00904288
0.0342859
-0.0069309
0.038234
0.0243702
-0.0296926
-0.027405
0.0301758
0.0238905
-0.0415619
0.00367052
-0.0441287
0.0247128
0.0304918
0.0142414
0.0415989
0.0118305
-0.0216807
0.02735
-0.0252582
0.0109093
-0.0152765
0.0438644
0.0376311
-0.0187383
-0.000524241
-0.00785527
0.0366202
-4.01591e-006
-0.0458021
-0.0448017
0.0425887
-0.0237683
-0.00463779
0.0263835
-0.0394504
-0.0199847
0.0411918
-0.0404479
0.0604125
-0.0212882
-0.00100374
0.0595221
-0.0321361
-0.00744787
0.0279712
-0.0256625
0.0121808
-0.0259699
0.0294491
-0.0443668
0.0208666
-0.0151279
0.0178417
-0.0341975
0.0479362
-0.0400177
0.0391911
-0.00647117
0.00959005
0.0424524
0.0141141
-0.017248
-0.0021056
-0.0165748
-0.00292006
0.0213059
-0.0402524
0.0310227
0.0216557
-0.0382404
-0.0121276
-0.0347626
-0.0260846
0.0055604
-0.0176067
0.0384155
-0.0238235
0.0468176
-0.0304855
0.0205708
0.00842633
0.0441242
-0.0311194
0.0305366
0.0343063
-0.0121185
-0.0414571
0.0262548
-0.0124901
0.0509593
-0.0118291
0.0106254
-0.0209228
-0.0181907
-0.0324331
0.0344562
-0.0395374
-0.00919122
0.0476975
0.00079703
-0.0488296
0.0503162
-0.00380847
-0.0410047
-0.0278691
-0.00976174
-0.0130942
0.00165735
0.0169684
0.0013082
0.0352229
0.0445784
-0.0481664
-0.0374684
0.0338243
0.0544501
-0.0398309
0.0243639
0.0141319
-0.0232765
-0.00615603
-0.0236568
-0.0109618
0.0438549
0.00227837
-0.0156616
0.0166018
0.0230788
0.00833211
0.035913
0.0112949
-0.00027889
0.0491505
0.0230623
0.0295767
-0.0504136
0.0405633
0.0135508
-0.00664518
-0.0386856
-0.0157107
0.00521857
0.0390261
0.0453492
-0.00590605
-0.0352555
-0.0273574
0.0144527
0.00768387
0.0109411
-0.00293283
-0.0204076
-0.0252713
0.0219683
0.0613691
-0.0423365
-0.0192787
-0.0464172
0.0339685
0.0425862
0.02078
0.000104836
-0.0195839
0.0308653
-0.0160875
-0.0241494
-0.0367632
-0.00160043
0.0222297
0.0463642
0.0159047
0.0355085
-0.0299591
-0.0376431
-0.00311406
-0.00591078
0.0287385
-0.0291328
-0.0163894
0.00339181
-0.0392735
-0.0328896
0.0526401
0.00499847
0.0318738
0.0274612
0.0158625
0.00706256
0.0241359
0.0497082
-0.00329905
-0.036875
-0.0233922
0.0208544
0.0252268
-0.0251957
0.00151968
-0.0267608
-0.0168264
-0.0180176
0.0169764
0.0503147
-0.049533
-0.00183318
-0.0287173
0.0383463
-0.0210936
-0.0307654
-0.0292439
0.0384592
0.0382289
-0.0301957
-0.0276325
-0.0198281
-0.0101779
0.0167631
0.0303411
-0.0237593
0.012832
-0.0322624
-0.0126347
-0.0257588
-0.0097627
-0.0340855
0.0300823
-0.037412
0.0299439
0.0242438
-0.0778416
-0.0132364
0.0431412
0.0502125
0.0337151
-0.0115993
0.0365379
0.0159184
0.016127
-0.0127856
-0.00150861
0.041377
0.023384
0.0332964
-0.0459758
-0.00455621
-0.00898359
0.0181608
0.0510333
-0.0406006
0.0426754
0.0449325
-0.0187869
-0.0344315
0.0250022
0.0235248
0.00737917
-0.0175478
-0.0479416
0.0100118
0.0590821
-0.0385619
0.0152887
-0.0141234
0.022922
-0.0453516
0.0256387
-0.0509125
-0.0573318
-0.0712946
-0.00349466
-0.0234871
-0.0145031
-0.0402738
-0.0297806
-0.0345115
0.0119604
-0.0523227
-0.0183961
-0.011097
0.0334082
-0.0415761
0.00549507
-0.0437927
-0.00174007
-0.0354806
-0.017283
0.0391426
0.0441558
-0.00798883
0.0101371
0.0390434
0.0327268
0.0448134
-0.03827
0.0572174
0.0186507
-0.00431949
0.0477936
-0.0145907
-0.023377
-0.0057163
0.0045205
0.00739447
-0.013616
-0.0399901
0.0332258
3.09839e-005
-0.00327593
-0.035482
0.0204898
0.0363992
0.0105268
-0.0214768
-0.00366184
-0.00110327
-0.0468324
-0.0431288
0.0410379
0.0218298
-0.0168638
0.0127896
-0.0371695
-0.0240071
-0.0133198
-0.0179611
0.0219791
-0.00286615
0.00748376
0.0141987
0.000136712
-0.0203605
-0.0239341
0.00527255
0.0102771
0.0401928
-0.0232783
-0.014887
-0.0251614
-0.015197
0.0190534
-0.0013814
0.0246921
0.0256914
-0.0300769
0.00533735
0.00360558
0.0160609
0.0276036
0.0379697
-0.018634
0.04449
0.0314445
0.000621278
-0.0426724
0.0436406
-0.0437077
0.0136195
-0.0355433
0.0393745
-0.010829
-0.0201164
0.049248
0.00489538
0.0279655
0.0203897
0.0097533
0.00718425
-0.013627
-0.0354828
-0.0382374
0.0380096
-0.0100724
-0.00356223
-0.0118396
0.0240626
-0.0135258
-0.0328065
-0.0286518
-0.0300049
0.000533619
0.0413769
-0.0120815
-0.0366841
-0.0178609
-0.0519937
0.0331263
-0.0330445
-0.0429297
0.00508209
0.0458552
-0.0227795
0.0066892
0.0173707
0.0134859
-0.0340587
0.0213293
-0.0461712
0.0398203
-0.0329669
-0.0427668
0.0112237
-0.0238954
0.00998467
-0.00303075
0.039356
0.0270038
0.0388232
-0.0135628
0.0463605
-0.0355321
0.0134617
0.00350497
0.022132
-0.0303563
-0.0387132
0.0497573
-0.01745
0.0137925
0.0179179
0.0352973
-0.0145362
-0.033236
-0.046455
-0.0176765
-0.0311144
-0.0272705
-0.0106635
0.0166926
-0.0373549
0.0357455
0.0530283
0.0572276
0.0255777
0.0322697
0.0418393
-0.0335994
0.0434796
-0.0409183
0.0400194
0.0126752
-0.0348087
0.0269345
0.0204467
-0.0235144
0.0408313
-0.025536
0.0371093
0.0350644
-0.000778147
-0.0124898
-0.0423872
0.00726053
-0.0062007
0.034548
0.0393487
0.0165109
0.0121775
-0.0349287
0.0294496
0.0306828
0.0362625
0.0042539
-0.0145384
-0.0499281
0.0147123
0.0322888
-0.0403639
-0.00644934
-0.0129052
-0.0100113
0.0321684
0.0231231
-0.0227036
-0.0362675
-0.00458887
0.0216031
-0.00140178
-0.0246921
0.00372705
-0.0465993
-0.0034669
0.0276257
-0.0160035
0.0321218
0.00827309
0.0900597
-0.0325063
0.00554219
0.00758557
0.00949893
-0.00880726
0.0185398
0.0188667
0.0593576
0.00580497
0.00569136
-0.0404075
-0.0153545
-0.000777199
0.0288276
-0.044101
-0.0410131
0.00576889
-0.0307294
-0.0151054
-0.0397192
0.0393861
-0.0190667
-0.00690342
-0.0498102
-0.0161439
0.013561
-0.0387777
-0.0231679
-0.0152472
0.040531
-0.0347473
0.00405146
-0.0426823
0.0342894
0.0238472
-0.0159687
0.0212527
0.047901
0.0318347
-0.0212676
0.00710822
0.0558865
0.03926
0.0465579
0.0232694
0.0325155
0.0489519
-0.0362844
-0.024487
-0.00906705
0.0135406
-0.0394028
-0.00480193
0.00687249
-0.0483863
-0.028455
-0.0429214
0.0408683
-0.0445824
-0.0432029
-0.00666394
-0.0172533
0.0340389
0.0560573
-0.00303731
0.0256847
-0.00669652
-0.00682609
0.0196047
-0.0184144
-0.026869
0.01932
0.0427928
-0.021157
0.0403946
0.00767392
0.0193276
0.00178472
0.00548436
-0.0501246
-0.0236072
0.0326516
-0.0439558
0.0213671
-0.0030209
0.0506006
0.0528278
0.0429766
0.0134159
0.0446757
-0.0421809
0.00606183
0.0306233
0.00551957
-0.00322183
0.00785201
-0.0291828
-0.00928095
0.0709396
-0.0559034
-0.00942379
0.00594523
0.10375
-0.0273144
-0.0117772
-0.0139945
-0.0080486
0.0835604
-0.00734121
-0.0173719
0.0546512
-0.0047756
0.0318959
-0.0165801
0.0424132
0.0473798
-0.000885567
-0.0258681
0.0391209
-0.0116011
0.0111034
0.0482695
0.0145249
-0.0323151
0.0436303
-0.0338296
0.0294377
-0.0433614
0.032856
-0.0412813
-0.0233551
0.0122872
0.0445328
-0.0209381
0.0013182
0.0397885
-0.000523879
-0.0113538
-0.0160332
0.0396402
0.0079849
-0.0205487
0.0434541
0.0291379
-0.0401038
0.00113584
0.0124572
0.0082847
-0.00611501
-0.0188921
0.0405612
-0.0139067
-0.0244245
-0.0137244
-0.0264273
0.0323491
0.0131279
0.00552468
-0.0318886
-0.034355
0.0386048
0.00299646
-0.0100155
-0.0405766
-0.0226164
0.0300991
0.047812
-0.0449562
-0.0481644
0.0323182
0.0256855
-0.0261151
0.0159652
0.0502414
-0.0463996
0.0277007
-0.0187468
0.0457629
-0.0155016
-0.00247104
0.0458
-0.0484116
0.0052187
0.00334881
-0.0488134
-0.0147907
-0.0268414
0.0143734
0.0123676
0.00254522
-0.00557104
0.0323708
0.0233056
-0.0420973
0.0200326
0.00301501
-0.00863704
0.0428885
-0.0012162
-0.0225484
0.0196957
0.0390622
-0.0415873
-0.0170964
0.0498365
0.00161182
0.0433768
0.0232191
0.0245976
-0.0141509
-0.0192259
-0.0279788
-0.0319102
0.0223444
0.0284579
-0.0180638
0.0366731
-0.0232469
0.040997
-0.0427958
0.0376095
-0.00624791
0.0241432
0.0297529
-0.0116289
0.0470795
0.0288319
-0.0215872
-0.00193016
0.00410294
0.0208114
0.0377084
0.0311808
0.0434294
0.00767274
0.0231109
-0.038135
-0.00173544
0.0465665
0.0294655
-0.027339
-0.00401949
0.00922428
0.0345497
-0.0158972
-0.0462389
0.0439757
0.0440309
-0.00789462
-0.00301564
-0.00721046
0.0339352
-0.000364093
-0.0317134
0.0143158
0.0111514
0.0017464
-0.00925359
-0.0311391
-0.0479954
0.0260562
-0.045803
0.0177911
0.0443716
-0.0178537
-0.0183574
-0.0156181
-0.0219229
0.0252272
-0.0451237
0.0418237
0.0380251
-0.0228071
-0.0500672
-0.0330721
0.0126016
0.0291682
-0.0349081
0.0275469
-0.0142105
0.0491617
-0.0159321
0.03973
0.0414711
0.0278596
-0.0312628
-0.0374058
0.00756602
-0.00497087
0.0193738
-0.0140094
0.0187424
0.0190004
-0.0124964
0.0360296
-0.0149754
0.0361637
-0.00356853
-0.00624605
-0.0373925
0.0227023
0.0423342
0.0479854
0.0184042
-0.0474939
0.0290152
0.045667
-0.035371
-0.0468104
0.0255761
-0.00474006
-0.0136847
-0.000371222
-0.0198357
-0.0213857
0.00659691
-0.0370716
-0.00859663
0.00926562
0.0295976
-0.0339988
-0.0405864
0.0129618
-0.00209722
0.0359223
0.0496831
-0.0399081
0.0282677
0.0181374
0.0288188
0.0304191
0.018118
-0.0453809
-0.0207061
0.022684
0.0195685
-0.0194586
0.0106307
0.0214748
-0.022573
0.0269278
-0.0439398
0.00345533
-0.000115188
0.00509465
0.0314628
0.00149531
-0.012895
-0.0334514
-0.0181495
0.0334942
-0.0421144
-0.0187858
-0.051124
-0.0241002
0.0417306
-0.0463548
0.0383189
0.0215425
0.0147189
0.0221967
0.0283409
-0.0223525
0.0140964
0.0415261
0.0434746
-0.0316071
-0.0342317
0.00780982
-0.0154266
-0.0327701
-0.035743
0.0305083
0.0347234
-0.0510126
-0.0403238
-0.00875543
-0.0166838
-0.0121589
-0.0354953
0.0116771
0.0459955
-0.0471708
-0.0337791
-0.0330138
0.0222879
-0.011241
0.0262328
-0.0386477
0.00698972
-0.0183391
-0.0315156
0.0068113
0.0413445
0.0144349
0.0461288
0.011362
-0.0374898
0.0224431
-0.037012
0.0468891
0.0357024
0.044201
-0.0327985
-0.0365979
-0.0102528
-0.0279156
-0.0229318
0.0492159
-0.0101079
0.00911953
-0.0483993
-0.0117296
0.0344631
0.0315091
-0.00677923
0.021364
0.0183468
-0.0402529
-0.0421219
-0.0323568
-0.0388331
-0.0462874
-0.00965576
-0.0049952
0.0233019
0.0044425
0.0418142
0.0146881
0.0175651
-0.0327595
-0.0064829
-0.0270175
-0.0448685
0.00241192
-0.043655
0.0414613
0.00244769
0.0497293
0.0423396
0.0351985
0.00430852
0.0268874
-0.0118043
0.00211957
-0.0430085
-0.0329236
-0.038731
0.00212897
-0.0200623
-0.0153179
-0.026962
-0.0072987
-0.0395735
-0.0159473
-0.0427573
-0.0224473
0.0285282
0.00625858
-0.0469688
0.0135184
0.0440861
0.0246388
0.0175651
0.0345308
0.039672
-0.0156333
0.0320173
-0.00808329
0.0102935
4.13125e-005
0.0205143
-0.0290192
-0.0159996
-0.00717628
0.0420863
-0.0254855
-0.0243342
0.00425622
-0.0312662
0.0383077
-0.0469339
-0.0484471
0.0331535
-0.0250156
0.0167872
-0.0367457
0.02821
0.0095952
0.0169415
-0.0336164
-0.0351219
-0.0124653
0.0273706
-0.0449854
-0.0276039
0.0367221
-0.0165938
0.0244115
0.0173707
-0.0381271
-0.00111203
-0.0164273
-0.0415198
0.0478878
-0.0098272
-0.0494987
0.00773613
0.0436281
0.00401668
0.0243206
-0.00414509
0.0196299
-0.0125916
0.0387174
0.0276699
-0.0329953
-0.00681242
0.0215104
0.0352512
0.0115506
-0.0502832
0.0250935
-0.0144455
0.032079
0.0101225
-0.0372783
-0.0235541
-0.0447841
-0.0110907
0.0442576
-0.031237
0.0132142
0.0122663
0.00218544
-0.0190936
0.0158001
-0.013748
0.0352359
0.0111384
-0.0410336
0.00865253
0.0500043
-0.00533316
0.00532604
0.0348476
0.0139145
-0.0246595
0.0403013
0.010118
0.0302018
-0.00845066
-0.030389
-0.00558918
0.00897824
-0.0464257
-0.0442311
-0.0148618
-0.00810899
0.0245982
0.0325979
-0.0407849
-0.0422798
-0.031442
0.0213937
0.0431462
-0.00645452
-0.0109225
-0.00356175
0.0394425
-0.0322121
0.002581
-0.00805035
0.0117019
0.0455913
0.00877827
0.0166474
0.0458167
0.0357846
0.0249549
-0.0270799
0.036912
-0.00562305
-0.0105883
0.0368838
0.0148884
0.0394393
0.0354083
-0.0146978
0.000875998
0.0222713
-0.0117869
-0.0279262
-0.000730186
-0.0302434
0.0301909
-0.0213837
0.0413261
0.0442384
-0.0386006
-0.0272414
0.0200297
-0.0343603
-0.034244
0.0262038
-0.0178751
0.0140913
0.0282523
0.0475343
-0.0130325
-0.0400021
0.0492519
-0.0245722
0.00286928
-0.0218696
-0.00291072
0.0309724
-0.00873728
0.0249061
0.0273521
-0.0343831
-0.0465082
-0.0151711
0.0195062
0.0468064
0.0246054
-0.0204876
-0.0126768
-0.00650246
0.00210311
-0.0267497
-0.0405239
-0.00106545
-0.000382719
0.0344825
0.0074145
-0.0424124
-0.0471222
0.00178366
-0.0343968
0.0476734
0.0207129
0.0195212
-0.0483347
-0.0434264
-0.0282677
-0.0364997
-0.0388921
0.0366059
-0.00806637
-0.032754
0.044877
-0.0498203
0.00457784
0.0415104
0.0487066
-0.00497947
0.045418
-0.0317081
0.0123366
-0.00918882
-0.0103562
0.0438324
0.0177277
-0.0111939
-0.0443816
-0.0327721
-0.0378092
0.00534932
0.000343266
-0.00466454
-0.0181695
0.0373302
0.000738127
0.0485195
-0.034653
0.0482813
-0.011556
-0.0140221
0.00904174
4.0677e-006
-0.00652789
-0.0416957
0.0463649
0.0130292
-0.0474752
-0.0048413
-0.0197515
0.0184888
-0.0269503
0.0141916
-0.00270088
0.00861204
0.00429533
-0.0421817
0.0498231
0.0235402
-0.0315676
-0.0453785
-0.00189847
-0.00207759
-0.0429002
0.0180846
0.0212669
0.00334026
0.000411567
-0.0300647
0.0475619
-0.00204853
0.0331455
0.0236297
0.0427644
0.037
-0.0199832
-0.0204136
0.00743461
0.0412649
-0.0411232
-0.00297589
0.0023984
-0.0151454
0.0322533
-0.0162052
-0.0338545
0.000837297
0.00537273
-0.0372434
0.0484669
-0.0491842
0.0199758
-0.0278083
0.00635202
-0.0179666
0.0112505
0.0391046
0.0099169
-0.00218048
-0.00816681
-0.00347483
-0.0148299
-0.0307289
0.0404459
-0.0136107
0.0433583
0.0281876
0.0358969
0.00410228
0.0363859
0.0406031
0.0385542
0.0329288
-0.0228961
0.0305495
0.0437561
0.0366678
-0.0286795
0.0401453
0.00913775
0.0469761
0.00051564
-0.0188299
0.0389984
-0.0342042
0.0460943
0.0447343
-0.0675584
-0.0422
-0.642035
0.0764162
0.160139
0.0567398
-0.018459
0.0680559
-0.0200821
0.129355
-0.139554
0.0547525
0.11272
-0.00867168
-0.0501122
0.0669357
-0.123878
0.0626089
0.0456852
-0.127222
0.0984842
0.0532163
-0.0282144
-0.0354421
-0.0283155
0.000642821
0.0353379
0.0349435
-0.00945826
-0.105535
-0.123663
-0.0405183
0.0134918
0.0692791
0.0336481
0.0144123
0.125554
-0.312194
0.0642827
0.0330726
-0.505828
-0.404981
-0.0787811
0.0273344
0.011311
0.00205292
-0.298075
0.0256319
0.0971395
-0.216367
0.0198622
0.0567268
0.0511558
-0.0173592
0.0685742
0.0229165
0.0952492
0.0815281
-0.00740064
-0.010672
0.0174419
-0.00795795
0.0291688
0.0329633
0.0224126
-0.0331382
-0.173801
0.102582
0.202711
0.115261
0.00977434
0.143585
0.0156476
0.122058
-0.0708401
0.050956
0.182239
0.00921389
-0.0436391
0.14288
-0.0597254
0.103881
0.0402212
-0.0657286
0.152418
0.067925
0.00918853
0.0276477
-0.0130894
0.0392693
0.051539
0.0525665
-0.00286528
-0.0404412
-0.0672235
0.00200464
0.0649314
0.0321914
0.0964299
0.0241843
0.192286
-0.0965016
0.07171
0.0324996
-0.146397
-0.13949
-0.0527387
0.0944925
0.0144965
0.0323633
-0.111377
0.0309379
0.137528
-0.093079
0.0711334
0.0765544
0.0816961
-0.0375275
0.0829369
0.0369843
0.128452
0.607587
